FTM,Participants,Participant Age Bands,Complete Count,Appointment Count,No-show Count,Cancel Count,Reschedule Count,Weighted Points,Weighted IPA Performance
Amy,47,48,32,49,1,11,4,32.25,0.671875
Andrew,61,62,36,86,14,15,17,39.5,0.6370967741935484
Anna,33,35,31,47,1,1,13,31.25,0.8928571428571429
Breanna,9,9,5,8,2,0,2,5.5,0.6111111111111112
Cassie,70,71,46,85,3,13,15,46.75,0.6584507042253521
Jo,55,56,42,64,4,3,13,43,0.7678571428571429
Jody,52,53,36,68,2,13,12,36.5,0.6886792452830188
Kowlini,38,38,27,64,15,2,17,30.75,0.8092105263157895
Nicole,97,97,80,131,3,19,20,80.75,0.8324742268041238
Pending verification,4,4,4,0,0,0,0,4,
Toye,81,89,54,106,12,17,24,57,0.6404494382022472
