Participant ID,Participant Cohort,IPA Age Band,IPA Complete,Completion Date
PBC879-01-A,3-20 year,6_10yr,TRUE,2026-10-04
RQT437-01-A,3-20 year,6_10yr,TRUE,2026-10-04
BBD445-01-A,3-20 year,6_10yr,TRUE,2026-10-03
MQM950-01-A,3-20 year,11_17yr,TRUE,2026-10-03
JWP176-01-A,3-20 year,6_10yr,TRUE,2026-10-02
JJV437-01-A,3-20 year,6_10yr,TRUE,2026-10-01
NMT952-01-A,3-20 year,3_5yr,TRUE,2026-10-01
PMY376-01-A,3-20 year,6_10yr,TRUE,2026-09-30
QHG535-01-A,3-20 year,6_10yr,TRUE,2026-09-30
QHJ854-01-A,3-20 year,11_17yr,TRUE,2026-09-29
XSQ553-01-A,3-20 year,3_5yr,TRUE,2026-09-29
HQB638-01-A,3-20 year,11_17yr,TRUE,2026-09-28
RYB389-01-A,3-20 year,3_5yr,TRUE,2026-09-28
RYB389-01-N,3-20 year,3_5yr,TRUE,2026-09-28
KGL651-01-A,3-20 year,6_10yr,TRUE,2026-09-27
XDR789-01-A,3-20 year,11_17yr,TRUE,2026-09-27
PRD929-01-A,3-20 year,6_10yr,TRUE,2026-09-26
QVW747-01-A,6-35 month,12_23_month,TRUE,2026-09-24
CLX467-01-A,3-20 year,6_10yr,TRUE,2026-09-22
VKF111-01-A,3-20 year,3_5yr,TRUE,2026-09-22
XFN825-01-A,3-20 year,11_17yr,TRUE,2026-09-22
QTQ022-01-A,3-20 year,6_10yr,TRUE,2026-09-21
RBR931-01-A,3-20 year,11_17yr,TRUE,2026-09-21
RBR931-02-A,3-20 year,11_17yr,TRUE,2026-09-21
JFG039-01-A,3-20 year,6_10yr,TRUE,2026-09-20
RPS818-01-A,3-20 year,6_10yr,TRUE,2026-09-20
VCK629-01-A,3-20 year,6_10yr,TRUE,2026-09-20
JTV110-01-A,3-20 year,3_5yr,TRUE,2026-09-19
KSZ066-01-A,3-20 year,6_10yr,TRUE,2026-09-19
KZP212-01-A,3-20 year,6_10yr,TRUE,2026-09-18
SJH036-01-A,6-35 month,12_23_month,TRUE,2026-09-18
DQZ583-01-A,3-20 year,6_10yr,TRUE,2026-09-17
GBB029-01-A,3-20 year,6_10yr,TRUE,2026-09-17
BRL402-01-A,6-35 month,12_23_month,TRUE,2026-09-17
RWR771-01-A,3-20 year,11_17yr,TRUE,2026-09-16
RRB727-01-A,6-35 month,12_23_month,TRUE,2026-09-15
KKW154-01-A,3-20 year,6_10yr,TRUE,2026-09-14
ZVD237-01-A,6-35 month,12_23_month,TRUE,2026-09-11
CRB612-01-A,3-20 year,3_5yr,TRUE,2026-09-10
DWJ555-01-A,3-20 year,6_10yr,TRUE,2026-09-09
TSN328-01-M,3-20 year,6_10yr,TRUE,2026-09-08
WKW938-01-A,3-20 year,3_5yr,TRUE,2026-09-08
GHR496-01-A,3-20 year,6_10yr,TRUE,2026-09-04
VKG640-01-A,3-20 year,3_5yr,TRUE,2026-09-04
JKZ989-01-A,3-20 year,6_10yr,TRUE,2026-09-03
SYW884-01-A,6-35 month,12_23_month,TRUE,2026-09-03
BKK569-01-A,3-20 year,6_10yr,TRUE,2026-09-02
HSX501-01-A,3-20 year,6_10yr,TRUE,2026-09-02
QRD285-01-A,3-20 year,11_17yr,TRUE,2026-09-02
WVD031-01-A,3-20 year,6_10yr,TRUE,2026-09-02
KXF530-01-A,6-35 month,12_23_month,TRUE,2026-09-02
DGF778-01-A,3-20 year,6_10yr,TRUE,2026-09-01
DNW140-01-A,3-20 year,6_10yr,TRUE,2026-09-01
QZD360-01-A,3-20 year,6_10yr,TRUE,2026-09-01
SZF435-01-A,3-20 year,11_17yr,TRUE,2026-09-01
XHP409-01-A,3-20 year,6_10yr,TRUE,2026-09-01
GZR716-01-A,6-35 month,12_23_month,TRUE,2026-09-01
GCP510-02-A,3-20 year,3_5yr,TRUE,2026-08-31
LMR839-01-A,3-20 year,3_5yr,TRUE,2026-08-31
SJJ920-01-A,3-20 year,6_10yr,TRUE,2026-08-31
YHF868-01-A,3-20 year,11_17yr,TRUE,2026-08-31
YSL489-01-A,3-20 year,11_17yr,TRUE,2026-08-31
CXR904-01-A,3-20 year,6_10yr,TRUE,2026-08-30
TSN328-01-N,3-20 year,6_10yr,TRUE,2026-08-29
CWR588-01-A,3-20 year,6_10yr,TRUE,2026-08-27
DJK313-01-A,3-20 year,6_10yr,TRUE,2026-08-27
HQY396-01-A,3-20 year,6_10yr,TRUE,2026-08-27
LCR073-01-A,3-20 year,6_10yr,TRUE,2026-08-27
SDT653-01-A,3-20 year,6_10yr,TRUE,2026-08-27
MMV961-01-A,6-35 month,12_23_month,TRUE,2026-08-27
FNS996-01-A,3-20 year,11_17yr,TRUE,2026-08-26
HJC838-01-A,3-20 year,6_10yr,TRUE,2026-08-26
JWJ589-01-A,3-20 year,6_10yr,TRUE,2026-08-26
RWP821-01-A,3-20 year,6_10yr,TRUE,2026-08-26
KJR619-01-A,6-35 month,12_23_month,TRUE,2026-08-26
GMK178-01-A,3-20 year,6_10yr,TRUE,2026-08-25
RVT795-01-A,3-20 year,6_10yr,TRUE,2026-08-25
LNT397-01-A,6-35 month,12_23_month,TRUE,2026-08-25
CSC443-01-A,3-20 year,6_10yr,TRUE,2026-08-24
MRX335-01-A,3-20 year,6_10yr,TRUE,2026-08-24
PND524-01-A,3-20 year,6_10yr,TRUE,2026-08-24
FFC134-01-A,3-20 year,6_10yr,TRUE,2026-08-23
HRF525-01-A,3-20 year,11_17yr,TRUE,2026-08-23
TQW993-01-A,3-20 year,3_5yr,TRUE,2026-08-23
YYB078-01-A,6-35 month,12_23_month,TRUE,2026-08-23
NGX536-01-A,3-20 year,6_10yr,TRUE,2026-08-19
QGX254-01-A,3-20 year,3_5yr,TRUE,2026-08-19
QZP255-01-A,3-20 year,6_10yr,TRUE,2026-08-19
WTX564-01-A,3-20 year,6_10yr,TRUE,2026-08-18
VFR138-01-A,3-20 year,11_17yr,TRUE,2026-08-17
MFH216-01-A,3-20 year,6_10yr,TRUE,2026-08-16
VZB638-01-A,3-20 year,11_17yr,TRUE,2026-08-16
VZB638-02-A,3-20 year,11_17yr,TRUE,2026-08-16
MMK829-01-A,3-20 year,3_5yr,TRUE,2026-08-14
JXP185-01-A,6-35 month,12_23_month,TRUE,2026-08-14
PGM615-01-A,6-35 month,12_23_month,TRUE,2026-08-14
DSN848-01-A,3-20 year,6_10yr,TRUE,2026-08-13
YGB645-01-A,3-20 year,3_5yr,TRUE,2026-08-13
TCH588-01-A,3-20 year,3_5yr,TRUE,2026-08-12
DTQ848-01-A,6-35 month,12_23_month,TRUE,2026-08-12
GVZ320-01-A,3-20 year,6_10yr,TRUE,2026-08-11
JVW695-01-A,3-20 year,3_5yr,TRUE,2026-08-11
LXZ862-01-A,3-20 year,3_5yr,TRUE,2026-08-11
QMG495-01-A,3-20 year,3_5yr,TRUE,2026-08-11
NCG882-01-A,6-35 month,12_23_month,TRUE,2026-08-11
GFP154-01-A,3-20 year,6_10yr,TRUE,2026-08-10
HXK737-01-A,3-20 year,3_5yr,TRUE,2026-08-10
JNT771-01-A,3-20 year,11_17yr,TRUE,2026-08-10
RQY432-01-A,3-20 year,3_5yr,TRUE,2026-08-10
SNV833-01-A,3-20 year,11_17yr,TRUE,2026-08-10
SMQ889-01-A,6-35 month,12_23_month,TRUE,2026-08-10
ZZZ654-01-A,3-20 year,6_10yr,TRUE,2026-08-08
HBX436-01-A,3-20 year,11_17yr,TRUE,2026-08-06
TFH187-01-A,3-20 year,6_10yr,TRUE,2026-08-06
WDS605-01-A,3-20 year,6_10yr,TRUE,2026-08-06
CGK997-01-A,3-20 year,6_10yr,TRUE,2026-08-05
JKF839-01-A,3-20 year,6_10yr,TRUE,2026-08-05
TWT305-01-A,3-20 year,6_10yr,TRUE,2026-08-05
VVL844-01-A,3-20 year,3_5yr,TRUE,2026-08-05
VXN541-01-A,3-20 year,6_10yr,TRUE,2026-08-05
WXD665-01-A,3-20 year,6_10yr,TRUE,2026-08-05
ZVQ878-01-A,3-20 year,3_5yr,TRUE,2026-08-05
LYC422-01-A,3-20 year,3_5yr,TRUE,2026-08-04
FNC855-01-A,6-35 month,12_23_month,TRUE,2026-08-04
BPT625-01-A,3-20 year,6_10yr,TRUE,2026-08-03
CDK744-01-A,3-20 year,6_10yr,TRUE,2026-08-03
HMP636-01-A,3-20 year,6_10yr,TRUE,2026-08-03
YXY517-01-A,3-20 year,11_17yr,TRUE,2026-08-03
ZPX220-01-A,3-20 year,11_17yr,TRUE,2026-08-03
HYP683-01-A,3-20 year,11_17yr,TRUE,2026-08-02
MBC594-01-A,3-20 year,3_5yr,TRUE,2026-08-02
QYF906-01-A,3-20 year,6_10yr,TRUE,2026-08-02
SCB433-01-A,3-20 year,11_17yr,TRUE,2026-08-02
RGV560-01-A,3-20 year,11_17yr,TRUE,2026-08-01
RGV560-01-B,3-20 year,11_17yr,TRUE,2026-08-01
FYC718-01-A,3-20 year,3_5yr,TRUE,2026-07-31
RGQ821-01-A,3-20 year,6_10yr,TRUE,2026-07-31
BTK197-01-A,3-20 year,6_10yr,TRUE,2026-07-30
LVN615-01-M,3-20 year,6_10yr,TRUE,2026-07-30
LVN615-01-N,3-20 year,6_10yr,TRUE,2026-07-30
TTG223-01-A,3-20 year,6_10yr,TRUE,2026-07-30
MBB404-01-A,3-20 year,3_5yr,TRUE,2026-07-29
SSX741-01-A,3-20 year,6_10yr,TRUE,2026-07-29
VCT498-01-A,3-20 year,3_5yr,TRUE,2026-07-29
HLW497-01-A,3-20 year,3_5yr,TRUE,2026-07-28
KPJ294-01-A,3-20 year,11_17yr,TRUE,2026-07-28
MYP897-01-A,3-20 year,11_17yr,TRUE,2026-07-28
WGH698-01-A,3-20 year,3_5yr,TRUE,2026-07-28
WGJ956-01-A,3-20 year,11_17yr,TRUE,2026-07-28
KFH643-01-A,3-20 year,3_5yr,TRUE,2026-07-27
MYN399-01-A,3-20 year,3_5yr,TRUE,2026-07-27
QWF984-01-A,3-20 year,11_17yr,TRUE,2026-07-27
RCH363-01-A,3-20 year,6_10yr,TRUE,2026-07-27
TKY175-01-A,3-20 year,6_10yr,TRUE,2026-07-27
JQN133-01-A,6-35 month,12_23_month,TRUE,2026-07-27
KLK075-01-A,3-20 year,3_5yr,TRUE,2026-07-26
NDX702-01-A,3-20 year,3_5yr,TRUE,2026-07-26
QRK467-01-M,3-20 year,6_10yr,TRUE,2026-07-26
QRK467-01-N,3-20 year,6_10yr,TRUE,2026-07-26
YLG694-01-A,3-20 year,11_17yr,TRUE,2026-07-25
JJK068-01-A,3-20 year,3_5yr,TRUE,2026-07-24
JQZ496-01-A,3-20 year,11_17yr,TRUE,2026-07-24
PRT334-01-A,3-20 year,6_10yr,TRUE,2026-07-24
WGX824-01-A,3-20 year,6_10yr,TRUE,2026-07-24
XMH232-01-A,3-20 year,6_10yr,TRUE,2026-07-24
MCV210-01-A,3-20 year,11_17yr,TRUE,2026-07-23
WKM586-01-A,3-20 year,11_17yr,TRUE,2026-07-23
LKY497-01-A,3-20 year,11_17yr,TRUE,2026-07-22
STQ126-01-A,3-20 year,11_17yr,TRUE,2026-07-22
VQJ770-01-A,3-20 year,11_17yr,TRUE,2026-07-22
CHL989-01-A,3-20 year,6_10yr,TRUE,2026-07-21
CSS863-01-A,3-20 year,6_10yr,TRUE,2026-07-21
LVR036-01-A,3-20 year,6_10yr,TRUE,2026-07-21
PTN126-01-A,3-20 year,6_10yr,TRUE,2026-07-21
SBS453-01-A,3-20 year,11_17yr,TRUE,2026-07-21
CSG043-01-A,3-20 year,11_17yr,TRUE,2026-07-20
TXR417-01-A,3-20 year,11_17yr,TRUE,2026-07-20
HQX076-01-A,3-20 year,6_10yr,TRUE,2026-07-16
KRC117-01-A,3-20 year,6_10yr,TRUE,2026-07-16
PHN877-01-A,3-20 year,6_10yr,TRUE,2026-07-16
QJJ178-01-A,3-20 year,6_10yr,TRUE,2026-07-16
CXB725-01-A,6-35 month,12_23_month,TRUE,2026-07-16
GYQ941-01-A,3-20 year,6_10yr,TRUE,2026-07-15
HKY684-01-A,3-20 year,6_10yr,TRUE,2026-07-15
MLW298-01-A,3-20 year,3_5yr,TRUE,2026-07-15
VRN902-01-A,3-20 year,3_5yr,TRUE,2026-07-15
VLQ825-01-A,6-35 month,12_23_month,TRUE,2026-07-15
HHL079-01-A,3-20 year,6_10yr,TRUE,2026-07-14
MYL231-01-A,3-20 year,6_10yr,TRUE,2026-07-14
ZQT032-01-A,3-20 year,11_17yr,TRUE,2026-07-14
CBL718-01-A,3-20 year,6_10yr,TRUE,2026-07-13
CVH085-01-A,3-20 year,6_10yr,TRUE,2026-07-13
FWL830-01-A,3-20 year,6_10yr,TRUE,2026-07-13
HKF151-01-A,3-20 year,11_17yr,TRUE,2026-07-13
HKF151-02-A,3-20 year,11_17yr,TRUE,2026-07-13
KKR431-01-A,3-20 year,6_10yr,TRUE,2026-07-13
NPM662-01-A,6-35 month,12_23_month,TRUE,2026-07-13
THL624-01-A,3-20 year,11_17yr,TRUE,2026-07-12
WFK499-01-A,3-20 year,11_17yr,TRUE,2026-07-12
TQC990-01-A,3-20 year,11_17yr,TRUE,2026-07-08
DLC442-01-A,3-20 year,3_5yr,TRUE,2026-07-07
JSF732-01-A,3-20 year,11_17yr,TRUE,2026-07-07
KFQ955-01-A,3-20 year,6_10yr,TRUE,2026-07-07
QHC467-01-A,3-20 year,6_10yr,TRUE,2026-07-07
QTN450-01-A,3-20 year,3_5yr,TRUE,2026-07-07
XTH804-01-A,3-20 year,6_10yr,TRUE,2026-07-07
BNH325-01-A,3-20 year,3_5yr,TRUE,2026-07-02
CKV256-01-A,3-20 year,6_10yr,TRUE,2026-07-02
KCT927-01-A,3-20 year,6_10yr,TRUE,2026-07-01
KZC694-01-A,3-20 year,6_10yr,TRUE,2026-07-01
WTN483-01-A,3-20 year,6_10yr,TRUE,2026-07-01
YMS783-01-A,3-20 year,3_5yr,TRUE,2026-07-01
LQY206-01-A,3-20 year,6_10yr,TRUE,2026-06-30
RNV741-01-A,3-20 year,11_17yr,TRUE,2026-06-30
QLS775-01-A,3-20 year,3_5yr,TRUE,2026-06-29
XQD155-01-A,3-20 year,6_10yr,TRUE,2026-06-29
PLD055-01-A,6-35 month,12_23_month,TRUE,2026-06-29
HYQ752-01-A,3-20 year,11_17yr,TRUE,2026-06-28
ZCR636-01-A,3-20 year,3_5yr,TRUE,2026-06-25
SGS765-01-A,3-20 year,6_10yr,TRUE,2026-06-23
SKR563-01-A,3-20 year,6_10yr,TRUE,2026-06-23
HGZ645-01-A,3-20 year,6_10yr,TRUE,2026-06-22
MYY891-01-A,3-20 year,6_10yr,TRUE,2026-06-22
ZVX302-01-A,3-20 year,6_10yr,TRUE,2026-06-22
GDN788-01-A,6-35 month,12_23_month,TRUE,2026-06-22
XYW274-01-A,3-20 year,6_10yr,TRUE,2026-06-18
CXM978-01-A,3-20 year,6_10yr,TRUE,2026-06-17
PXV115-01-A,3-20 year,6_10yr,TRUE,2026-06-17
WLB161-01-A,3-20 year,6_10yr,TRUE,2026-06-17
JBM041-01-A,6-35 month,12_23_month,TRUE,2026-06-17
MNN095-01-A,3-20 year,6_10yr,TRUE,2026-06-16
VMF570-01-A,3-20 year,6_10yr,TRUE,2026-06-16
CSS863-02-A,6-35 month,12_23_month,TRUE,2026-06-16
KDS985-01-A,3-20 year,11_17yr,TRUE,2026-06-15
VHR109-01-A,3-20 year,6_10yr,TRUE,2026-06-15
DKC244-01-A,3-20 year,11_17yr,TRUE,2026-06-10
NHR264-01-A,3-20 year,6_10yr,TRUE,2026-06-10
TYJ533-01-A,3-20 year,11_17yr,TRUE,2026-06-10
XMR094-01-A,3-20 year,3_5yr,TRUE,2026-06-10
NDG495-01-A,6-35 month,12_23_month,TRUE,2026-06-10
BGT851-01-A,3-20 year,6_10yr,TRUE,2026-06-09
JMR655-01-A,3-20 year,11_17yr,TRUE,2026-06-09
PHT777-01-A,3-20 year,11_17yr,TRUE,2026-06-09
QFN151-01-A,3-20 year,6_10yr,TRUE,2026-06-07
VWP009-01-A,3-20 year,6_10yr,TRUE,2026-06-07
ZGQ068-01-A,3-20 year,3_5yr,TRUE,2026-06-07
TZB922-01-A,6-35 month,12_23_month,TRUE,2026-06-07
BKX774-01-A,3-20 year,11_17yr,TRUE,2026-06-06
BKX774-01-B,3-20 year,11_17yr,TRUE,2026-06-06
YWZ475-01-A,3-20 year,3_5yr,TRUE,2026-06-05
RMH180-01-A,6-35 month,12_23_month,TRUE,2026-06-04
BQW274-01-A,3-20 year,3_5yr,TRUE,2026-06-03
FWH545-01-A,3-20 year,11_17yr,TRUE,2026-06-03
HTW595-01-A,3-20 year,3_5yr,TRUE,2026-06-03
MMK311-01-A,3-20 year,3_5yr,TRUE,2026-06-03
MMK311-01-N,3-20 year,3_5yr,TRUE,2026-06-03
RWP288-01-A,3-20 year,3_5yr,TRUE,2026-06-03
ZHQ218-01-A,3-20 year,6_10yr,TRUE,2026-06-03
KRR544-01-A,6-35 month,12_23_month,TRUE,2026-06-02
PPM461-01-A,3-20 year,6_10yr,TRUE,2026-06-01
YNQ580-01-A,3-20 year,3_5yr,TRUE,2026-05-29
STZ858-01-A,3-20 year,3_5yr,TRUE,2026-05-27
JTC719-01-A,3-20 year,11_17yr,TRUE,2026-05-26
ZDZ857-01-A,3-20 year,6_10yr,TRUE,2026-05-26
VDW156-01-A,3-20 year,3_5yr,TRUE,2026-05-22
XTR824-01-A,3-20 year,3_5yr,TRUE,2026-05-22
FYN107-01-A,3-20 year,3_5yr,TRUE,2026-05-20
JQF218-01-A,3-20 year,11_17yr,TRUE,2026-05-20
CBW928-01-A,3-20 year,6_10yr,TRUE,2026-05-19
YDD017-01-A,3-20 year,3_5yr,TRUE,2026-05-19
ZFP512-01-A,3-20 year,3_5yr,TRUE,2026-05-19
LTS268-01-A,6-35 month,12_23_month,TRUE,2026-05-19
LZV055-01-A,6-35 month,12_23_month,TRUE,2026-05-19
LPT526-01-A,3-20 year,3_5yr,TRUE,2026-05-18
JLN021-01-A,6-35 month,12_23_month,TRUE,2026-05-18
ZNQ676-01-A,3-20 year,11_17yr,TRUE,2026-05-17
TMB738-01-A,3-20 year,6_10yr,TRUE,2026-05-15
GBH901-01-A,6-35 month,12_23_month,TRUE,2026-05-15
XKQ019-01-A,6-35 month,12_23_month,TRUE,2026-05-15
GFK818-01-A,3-20 year,3_5yr,TRUE,2026-05-14
SKD083-01-A,3-20 year,3_5yr,TRUE,2026-05-14
XVL743-01-A,3-20 year,6_10yr,TRUE,2026-05-14
YWZ529-01-A,3-20 year,6_10yr,TRUE,2026-05-14
ZRD863-01-A,3-20 year,3_5yr,TRUE,2026-05-14
BKV315-01-A,3-20 year,11_17yr,TRUE,2026-05-12
RWC339-01-M,3-20 year,11_17yr,TRUE,2026-05-12
YDW028-01-A,3-20 year,3_5yr,TRUE,2026-05-12
GZM171-01-A,3-20 year,11_17yr,TRUE,2026-05-11
NMF407-01-A,3-20 year,11_17yr,TRUE,2026-05-11
DRW841-01-A,3-20 year,11_17yr,TRUE,2026-05-10
KPV565-01-A,3-20 year,11_17yr,TRUE,2026-05-10
NSQ870-01-A,6-35 month,12_23_month,TRUE,2026-05-08
MHS537-01-A,3-20 year,6_10yr,TRUE,2026-05-07
CLC701-01-A,6-35 month,12_23_month,TRUE,2026-05-06
WSG161-01-A,6-35 month,12_23_month,TRUE,2026-05-06
TQW013-01-A,3-20 year,11_17yr,TRUE,2026-05-05
HSV917-01-A,3-20 year,11_17yr,TRUE,2026-05-04
LSZ581-01-A,3-20 year,3_5yr,TRUE,2026-05-04
XKF863-01-A,3-20 year,11_17yr,TRUE,2026-05-04
BPZ685-01-A,3-20 year,3_5yr,TRUE,2026-05-03
KBQ321-01-A,3-20 year,3_5yr,TRUE,2026-05-03
NRK711-01-A,3-20 year,6_10yr,TRUE,2026-05-03
NKG127-01-A,3-20 year,11_17yr,TRUE,2026-05-02
KJR698-01-A,3-20 year,3_5yr,TRUE,2026-05-01
QMT063-01-A,3-20 year,11_17yr,TRUE,2026-05-01
VLD311-01-A,3-20 year,3_5yr,TRUE,2026-05-01
GKZ718-01-A,3-20 year,3_5yr,TRUE,2026-04-30
HSD339-01-A,3-20 year,6_10yr,TRUE,2026-04-30
NVB331-01-A,3-20 year,6_10yr,TRUE,2026-04-28
TPN036-01-A,3-20 year,6_10yr,TRUE,2026-04-28
YND734-01-A,6-35 month,12_23_month,TRUE,2026-04-28
BBB555-01-A,3-20 year,3_5yr,TRUE,2026-04-27
RGM456-01-A,3-20 year,6_10yr,TRUE,2026-04-27
TWK336-01-A,3-20 year,11_17yr,TRUE,2026-04-27
WHW151-01-A,3-20 year,11_17yr,TRUE,2026-04-27
XDF604-01-A,3-20 year,6_10yr,TRUE,2026-04-27
TDX359-01-A,6-35 month,12_23_month,TRUE,2026-04-27
YPB464-01-A,6-35 month,12_23_month,TRUE,2026-04-27
WFY450-01-A,3-20 year,6_10yr,TRUE,2026-04-26
GRN392-01-A,3-20 year,11_17yr,TRUE,2026-04-25
FFM260-01-A,3-20 year,6_10yr,TRUE,2026-04-24
GWP690-01-A,3-20 year,11_17yr,TRUE,2026-04-22
ZHX342-01-A,3-20 year,3_5yr,TRUE,2026-04-22
JDH761-01-A,3-20 year,3_5yr,TRUE,2026-04-21
TNZ700-01-A,3-20 year,6_10yr,TRUE,2026-04-21
VNC365-01-A,3-20 year,3_5yr,TRUE,2026-04-21
XRZ528-01-A,3-20 year,11_17yr,TRUE,2026-04-20
WZT929-01-A,3-20 year,6_10yr,TRUE,2026-04-19
XVF774-01-A,3-20 year,6_10yr,TRUE,2026-04-19
HGX059-01-A,3-20 year,11_17yr,TRUE,2026-04-18
KRY635-01-A,3-20 year,6_10yr,TRUE,2026-04-18
SBH525-01-A,6-35 month,12_23_month,TRUE,2026-04-18
HZT648-01-A,3-20 year,11_17yr,TRUE,2026-04-16
CRN594-01-A,3-20 year,11_17yr,TRUE,2026-04-15
PDW328-01-A,3-20 year,11_17yr,TRUE,2026-04-15
LBG473-01-A,3-20 year,6_10yr,TRUE,2026-04-14
TXF197-01-A,3-20 year,6_10yr,TRUE,2026-04-12
GMS994-01-A,3-20 year,11_17yr,TRUE,2026-04-10
FTC406-01-A,3-20 year,3_5yr,TRUE,2026-04-09
FYB626-01-A,3-20 year,11_17yr,TRUE,2026-04-07
LNP424-01-A,3-20 year,3_5yr,TRUE,2026-04-07
TGD969-01-A,3-20 year,11_17yr,TRUE,2026-04-07
WYL000-01-A,3-20 year,6_10yr,TRUE,2026-04-06
PHN877-02-A,6-35 month,12_23_month,TRUE,2026-04-06
RZS580-01-A,6-35 month,12_23_month,TRUE,2026-04-04
SSN103-01-A,3-20 year,6_10yr,TRUE,2026-04-03
VHC022-01-A,3-20 year,6_10yr,TRUE,2026-04-03
WYZ100-01-A,3-20 year,11_17yr,TRUE,2026-04-03
HHW537-01-A,6-35 month,12_23_month,TRUE,2026-04-03
NDP128-01-A,6-35 month,12_23_month,TRUE,2026-04-03
PBF223-01-A,3-20 year,11_17yr,TRUE,2026-04-02
VBK954-01-A,3-20 year,6_10yr,TRUE,2026-04-02
WYG353-01-A,3-20 year,11_17yr,TRUE,2026-04-02
MQJ796-01-M,3-20 year,11_17yr,TRUE,2026-04-01
MQJ796-01-N,3-20 year,11_17yr,TRUE,2026-04-01
SYJ996-01-M,3-20 year,6_10yr,TRUE,2026-04-01
SYJ996-01-N,3-20 year,6_10yr,TRUE,2026-04-01
VST318-01-A,3-20 year,11_17yr,TRUE,2026-03-31
VXC743-01-A,3-20 year,6_10yr,TRUE,2026-03-31
WKB507-01-A,3-20 year,6_10yr,TRUE,2026-03-31
WMJ798-01-A,3-20 year,6_10yr,TRUE,2026-03-31
YLV944-01-A,3-20 year,6_10yr,TRUE,2026-03-31
ZVV604-01-A,3-20 year,6_10yr,TRUE,2026-03-31
QHF620-01-A,6-35 month,12_23_month,TRUE,2026-03-31
NBV813-01-A,3-20 year,11_17yr,TRUE,2026-03-30
XTP134-01-A,3-20 year,6_10yr,TRUE,2026-03-30
YJD781-01-A,3-20 year,6_10yr,TRUE,2026-03-30
ZBF912-01-A,3-20 year,6_10yr,TRUE,2026-03-30
ZND119-01-A,3-20 year,6_10yr,TRUE,2026-03-30
ZPR445-01-A,3-20 year,11_17yr,TRUE,2026-03-30
QHM041-01-A,3-20 year,6_10yr,TRUE,2026-03-29
WFB144-01-A,3-20 year,6_10yr,TRUE,2026-03-29
WYR002-01-A,3-20 year,6_10yr,TRUE,2026-03-27
XXW639-01-A,3-20 year,6_10yr,TRUE,2026-03-27
GDJ477-01-A,6-35 month,12_23_month,TRUE,2026-03-27
SPR662-01-A,3-20 year,6_10yr,TRUE,2026-03-26
TSC574-01-A,3-20 year,6_10yr,TRUE,2026-03-26
VRS810-01-A,3-20 year,6_10yr,TRUE,2026-03-26
CCC242-01-A,6-35 month,12_23_month,TRUE,2026-03-26
YMP799-01-A,6-35 month,12_23_month,TRUE,2026-03-26
YXL848-01-A,3-20 year,11_17yr,TRUE,2026-03-25
YMF346-01-A,6-35 month,12_23_month,TRUE,2026-03-25
YYJ169-01-A,3-20 year,11_17yr,TRUE,2026-03-19
FHJ625-01-A,3-20 year,6_10yr,TRUE,2026-03-17
XRM042-01-A,3-20 year,11_17yr,TRUE,2026-03-16
TGY183-01-A,3-20 year,11_17yr,TRUE,2026-03-15
CGT416-01-A,3-20 year,11_17yr,TRUE,2026-03-13
VQX210-01-A,3-20 year,6_10yr,TRUE,2026-03-13
WKR328-01-A,3-20 year,11_17yr,TRUE,2026-03-13
WYN485-01-A,3-20 year,6_10yr,TRUE,2026-03-13
TLP747-01-A,3-20 year,6_10yr,TRUE,2026-03-11
TDY935-01-A,3-20 year,6_10yr,TRUE,2026-03-09
YNZ000-01-A,3-20 year,11_17yr,TRUE,2026-03-09
BGB558-01-A,3-20 year,6_10yr,FALSE,
BJH083-01-A,3-20 year,6_10yr,FALSE,
BZP492-01-A,3-20 year,3_5yr,FALSE,
CBW928-01-A,3-20 year,3_5yr,FALSE,
CKH175-01-A,3-20 year,6_10yr,FALSE,
CKV256-01-A,3-20 year,3_5yr,FALSE,
CLP827-01-A,3-20 year,6_10yr,FALSE,
CVD069-01-A,3-20 year,6_10yr,FALSE,
CZX484-01-A,3-20 year,6_10yr,FALSE,
DQZ583-01-A,3-20 year,3_5yr,FALSE,
DWB641-01-A,3-20 year,6_10yr,FALSE,
DYN462-01-A,3-20 year,3_5yr,FALSE,
FKD843-01-A,3-20 year,11_17yr,FALSE,
FYG871-01-A,3-20 year,6_10yr,FALSE,
GDY251-01-A,3-20 year,3_5yr,FALSE,
HBN403-01-A,3-20 year,6_10yr,FALSE,
HCG894-01-A,3-20 year,6_10yr,FALSE,
HMP017-01-A,3-20 year,6_10yr,FALSE,
HSD339-01-A,3-20 year,3_5yr,FALSE,
HZD623-01-A,3-20 year,11_17yr,FALSE,
JFP288-01-A,3-20 year,6_10yr,FALSE,
JMR655-01-A,3-20 year,6_10yr,FALSE,
JSS418-01-A,3-20 year,6_10yr,FALSE,
JYK203-01-A,3-20 year,6_10yr,FALSE,
JYP178-01-A,3-20 year,3_5yr,FALSE,
JYP178-01-N,3-20 year,3_5yr,FALSE,
JZM106-01-A,3-20 year,6_10yr,FALSE,
JZP660-01-A,3-20 year,3_5yr,FALSE,
KCT927-01-A,3-20 year,3_5yr,FALSE,
KDH192-01-A,3-20 year,6_10yr,FALSE,
KKT953-01-A,3-20 year,6_10yr,FALSE,
KXH001-01-A,3-20 year,6_10yr,FALSE,
LBG473-01-A,3-20 year,3_5yr,FALSE,
LGF333-01-A,3-20 year,6_10yr,FALSE,
LSV069-01-A,3-20 year,6_10yr,FALSE,
LWN054-01-M,3-20 year,6_10yr,FALSE,
LWN054-01-N,3-20 year,6_10yr,FALSE,
LYY018-01-A,3-20 year,6_10yr,FALSE,
LZJ787-01-A,3-20 year,3_5yr,FALSE,
MBS013-01-A,3-20 year,3_5yr,FALSE,
MCC047-01-A,3-20 year,6_10yr,FALSE,
MFB544-01-A,3-20 year,6_10yr,FALSE,
MHS537-01-A,3-20 year,3_5yr,FALSE,
MPX757-01-A,3-20 year,3_5yr,FALSE,
MXB539-01-A,3-20 year,6_10yr,FALSE,
MYL231-01-A,3-20 year,3_5yr,FALSE,
NDN427-01-A,3-20 year,6_10yr,FALSE,
NGT839-01-A,3-20 year,11_17yr,FALSE,
NNF727-01-A,3-20 year,6_10yr,FALSE,
NZV696-01-A,3-20 year,3_5yr,FALSE,
PDV195-01-A,3-20 year,11_17yr,FALSE,
PFD674-01-A,3-20 year,3_5yr,FALSE,
PPK451-01-A,3-20 year,3_5yr,FALSE,
PRH159-01-A,3-20 year,6_10yr,FALSE,
PXZ071-01-A,3-20 year,3_5yr,FALSE,
QKS362-01-A,3-20 year,6_10yr,FALSE,
QNB666-01-A,3-20 year,3_5yr,FALSE,
QPF716-01-A,3-20 year,3_5yr,FALSE,
RCJ118-01-A,3-20 year,3_5yr,FALSE,
RDJ491-01-A,3-20 year,11_17yr,FALSE,
RMX477-01-A,3-20 year,6_10yr,FALSE,
RQS085-01-A,3-20 year,3_5yr,FALSE,
RYF448-01-A,3-20 year,6_10yr,FALSE,
SBB001-01-A,3-20 year,6_10yr,FALSE,
SJZ725-01-A,3-20 year,6_10yr,FALSE,
SNJ492-01-N,3-20 year,11_17yr,FALSE,
TGY183-01-A,3-20 year,6_10yr,FALSE,
TKF056-01-A,3-20 year,6_10yr,FALSE,
TPN036-01-A,3-20 year,3_5yr,FALSE,
VBZ802-01-A,3-20 year,11_17yr,FALSE,
VCL006-01-A,3-20 year,3_5yr,FALSE,
VDF655-01-A,3-20 year,3_5yr,FALSE,
VHR369-01-A,3-20 year,6_10yr,FALSE,
VKP009-01-A,3-20 year,11_17yr,FALSE,
VKY771-01-A,3-20 year,6_10yr,FALSE,
VLZ486-01-A,3-20 year,3_5yr,FALSE,
WBH589-01-A,3-20 year,11_17yr,FALSE,
WDM136-01-A,3-20 year,3_5yr,FALSE,
WDV681-01-A,3-20 year,11_17yr,FALSE,
WDV681-02-A,3-20 year,11_17yr,FALSE,
WFB144-01-A,3-20 year,3_5yr,FALSE,
WMX146-01-A,3-20 year,11_17yr,FALSE,
XFQ902-01-A,3-20 year,11_17yr,FALSE,
XGT908-01-A,3-20 year,3_5yr,FALSE,
XHC521-01-A,3-20 year,11_17yr,FALSE,
XZN379-01-A,3-20 year,3_5yr,FALSE,
YDC739-01-A,3-20 year,6_10yr,FALSE,
YNZ000-01-A,3-20 year,6_10yr,FALSE,
YNZ445-01-A,3-20 year,6_10yr,FALSE,
YWL484-01-A,3-20 year,11_17yr,FALSE,
YYJ169-01-A,3-20 year,6_10yr,FALSE,
ZGB387-01-A,3-20 year,6_10yr,FALSE,
BPM036-01-A,6-35 month,12_23_month,FALSE,
BXJ770-01-A,6-35 month,12_23_month,FALSE,
CPS604-01-A,6-35 month,12_23_month,FALSE,
GMB721-01-A,6-35 month,12_23_month,FALSE,
GRM073-01-A,6-35 month,12_23_month,FALSE,
JWP930-01-A,6-35 month,12_23_month,FALSE,
LBZ361-01-A,6-35 month,12_23_month,FALSE,
LZQ650-01-A,6-35 month,12_23_month,FALSE,
QQL383-01-A,6-35 month,12_23_month,FALSE,
RDC147-01-A,6-35 month,12_23_month,FALSE,
TPW315-01-A,6-35 month,12_23_month,FALSE,
VDW899-01-A,6-35 month,12_23_month,FALSE,
VDW899-01-B,6-35 month,12_23_month,FALSE,
VZY119-01-A,6-35 month,12_23_month,FALSE,
XSP178-01-A,6-35 month,12_23_month,FALSE,
XYN414-01-A,6-35 month,12_23_month,FALSE,
YGQ976-01-A,6-35 month,12_23_month,FALSE,
ZCR636-01-A,6-35 month,3_5yr,FALSE,
ZQN091-01-A,6-35 month,6_11_month,FALSE,
