Participant ID,Participant Cohort,IPA Age Band,FTM,Appointment Count,No-show Count,Cancel Count,Reschedule Count,Complete Count,IPA Year,IPA Complete,Completion Date,Completion FTM,Completion Attribution,Completion Fallback Appointment Date
CGT416-01-A,3-20 year,11_17yr,Amy,1,0,0,0,1,2026,TRUE,2026-03-13,Amy,Matched completion date,
CLX467-01-A,3-20 year,6_10yr,Amy,1,0,0,0,1,2026,TRUE,2026-09-22,Amy,Matched completion date,
CRN594-01-A,3-20 year,11_17yr,Amy,1,0,0,0,1,2026,TRUE,2026-04-15,Amy,Matched completion date,
DRW841-01-A,3-20 year,11_17yr,Amy,1,0,0,0,1,2026,TRUE,2026-05-10,Amy,Matched completion date,
FNS996-01-A,3-20 year,11_17yr,Amy,1,0,0,0,1,2026,TRUE,2026-08-26,Amy,Matched completion date,
HBX436-01-A,3-20 year,11_17yr,Amy,1,0,0,0,1,2026,TRUE,2026-08-06,Amy,Matched completion date,
HJC838-01-A,3-20 year,6_10yr,Amy,1,0,0,0,1,2026,TRUE,2026-08-26,Amy,Matched completion date,
HYP683-01-A,3-20 year,11_17yr,Amy,1,0,0,0,1,2026,TRUE,2026-08-02,Amy,Matched completion date,
JMR655-01-A,3-20 year,6_10yr,Amy,1,0,0,0,0,2026,FALSE,,,Not complete,
JQF218-01-A,3-20 year,11_17yr,Amy,1,0,0,0,1,2026,TRUE,2026-05-20,Amy,Matched completion date,
JQZ496-01-A,3-20 year,11_17yr,Amy,1,0,1,0,0,2026,TRUE,2026-07-24,Jo,Matched completion date,
JTC719-01-A,3-20 year,11_17yr,Amy,1,0,0,0,1,2026,TRUE,2026-05-26,Amy,Matched completion date,
KPJ294-01-A,3-20 year,11_17yr,Amy,1,0,0,0,1,2026,TRUE,2026-07-28,Amy,Matched completion date,
KPV565-01-A,3-20 year,11_17yr,Amy,1,0,0,0,1,2026,TRUE,2026-05-10,Amy,Matched completion date,
MQM950-01-A,3-20 year,11_17yr,Amy,2,0,0,2,0,2026,TRUE,2026-10-03,Jo,Matched completion date,
NGX536-01-A,3-20 year,6_10yr,Amy,1,0,0,0,1,2026,TRUE,2026-08-19,Amy,Matched completion date,
PDV195-01-A,3-20 year,11_17yr,Amy,1,0,1,0,0,2026,FALSE,,,Not complete,
QFN151-01-A,3-20 year,6_10yr,Amy,1,0,0,0,1,2026,TRUE,2026-06-07,Amy,Matched completion date,
QHJ854-01-A,3-20 year,11_17yr,Amy,1,0,1,0,0,2026,TRUE,2026-09-29,Jo,Matched completion date,
QRD285-01-A,3-20 year,11_17yr,Amy,1,0,0,0,1,2026,TRUE,2026-09-02,Amy,Matched completion date,
QYF906-01-A,3-20 year,6_10yr,Amy,1,0,0,0,1,2026,TRUE,2026-08-02,Amy,Matched completion date,
QZP255-01-A,3-20 year,6_10yr,Amy,1,0,0,0,1,2026,TRUE,2026-08-19,Amy,Matched completion date,
RDJ491-01-A,3-20 year,11_17yr,Amy,1,0,1,0,0,2026,FALSE,,,Not complete,
RMX477-01-A,3-20 year,6_10yr,Amy,1,1,0,0,0,2026,FALSE,,,Not complete,
RPS818-01-A,3-20 year,6_10yr,Amy,1,0,0,0,1,2026,TRUE,2026-09-20,Amy,Matched completion date,
RWC339-01-M,3-20 year,11_17yr,Amy,1,0,0,0,1,2026,TRUE,2026-05-12,Amy,Matched completion date,
RWR771-01-A,3-20 year,11_17yr,Amy,1,0,0,0,1,2026,TRUE,2026-09-16,Amy,Matched completion date,
SDT653-01-A,3-20 year,6_10yr,Amy,1,0,1,0,0,2026,TRUE,2026-08-27,Andrew,Matched completion date,
SZF435-01-A,3-20 year,11_17yr,Amy,1,0,0,0,1,2026,TRUE,2026-09-01,Amy,Matched completion date,
TGD969-01-A,3-20 year,11_17yr,Amy,1,0,0,0,1,2026,TRUE,2026-04-07,Amy,Matched completion date,
TGY183-01-A,3-20 year,11_17yr,Amy,0,0,0,0,1,2026,TRUE,2026-03-15,Amy,Previous-age-band completion-date match,
TGY183-01-A,3-20 year,6_10yr,Amy,1,0,0,0,0,2026,FALSE,,,Not complete,
THL624-01-A,3-20 year,11_17yr,Amy,2,0,0,2,0,2026,TRUE,2026-07-12,Cassie,Matched completion date,
TQW013-01-A,3-20 year,11_17yr,Amy,1,0,0,0,1,2026,TRUE,2026-05-05,Amy,Matched completion date,
TXF197-01-A,3-20 year,6_10yr,Amy,1,0,0,0,1,2026,TRUE,2026-04-12,Amy,Matched completion date,
TYJ533-01-A,3-20 year,11_17yr,Amy,1,0,0,0,1,2026,TRUE,2026-06-10,Amy,Matched completion date,
VBZ802-01-A,3-20 year,11_17yr,Amy,1,0,1,0,0,2026,FALSE,,,Not complete,
VCK629-01-A,3-20 year,6_10yr,Amy,1,0,0,0,1,2026,TRUE,2026-09-20,Amy,Matched completion date,
VKP009-01-A,3-20 year,11_17yr,Amy,1,0,1,0,0,2026,FALSE,,,Not complete,
VZB638-01-A,3-20 year,11_17yr,Amy,1,0,1,0,0,2026,TRUE,2026-08-16,Cassie,Latest same-age-band Calendly fallback,2026-08-17
VZB638-02-A,3-20 year,11_17yr,Amy,1,0,1,0,0,2026,TRUE,2026-08-16,Cassie,Matched completion date,
WGJ956-01-A,3-20 year,11_17yr,Amy,1,0,0,0,1,2026,TRUE,2026-07-28,Amy,Matched completion date,
WKR328-01-A,3-20 year,11_17yr,Amy,1,0,0,0,1,2026,TRUE,2026-03-13,Amy,Matched completion date,
WMX146-01-A,3-20 year,11_17yr,Amy,1,0,1,0,0,2026,FALSE,,,Not complete,
WVD031-01-A,3-20 year,6_10yr,Amy,1,0,0,0,1,2026,TRUE,2026-09-02,Amy,Matched completion date,
XFN825-01-A,3-20 year,11_17yr,Amy,1,0,0,0,1,2026,TRUE,2026-09-22,Amy,Matched completion date,
YWL484-01-A,3-20 year,11_17yr,Amy,1,0,1,0,0,2026,FALSE,,,Not complete,
ZDZ857-01-A,3-20 year,6_10yr,Amy,1,0,0,0,1,2026,TRUE,2026-05-26,Amy,Matched completion date,
BJH083-01-A,3-20 year,6_10yr,Andrew,3,0,3,0,0,2026,FALSE,,,Not complete,
BPT625-01-A,3-20 year,6_10yr,Andrew,1,0,0,0,1,2026,TRUE,2026-08-03,Andrew,Matched completion date,
BRL402-01-A,6-35 month,12_23_month,Andrew,1,0,0,0,1,2026,TRUE,2026-09-17,Andrew,Matched completion date,
BZP492-01-A,3-20 year,3_5yr,Andrew,2,0,0,1,0,2026,FALSE,,,Not complete,
CLP827-01-A,3-20 year,6_10yr,Andrew,4,0,1,2,0,2026,FALSE,,,Not complete,
CRB612-01-A,3-20 year,3_5yr,Andrew,3,0,0,2,1,2026,TRUE,2026-09-10,Andrew,Matched completion date,
CWR588-01-A,3-20 year,6_10yr,Andrew,2,0,0,1,1,2026,TRUE,2026-08-27,Andrew,Matched completion date,
CZX484-01-A,3-20 year,6_10yr,Andrew,1,1,0,0,0,2026,FALSE,,,Not complete,
DNW140-01-A,3-20 year,6_10yr,Andrew,1,0,0,0,1,2026,TRUE,2026-09-01,Andrew,Matched completion date,
DQZ583-01-A,3-20 year,3_5yr,Andrew,1,0,0,0,0,2026,FALSE,,,Not complete,
DQZ583-01-A,3-20 year,6_10yr,Andrew,0,0,0,0,1,2026,TRUE,2026-09-17,Andrew,Previous-age-band completion-date match,
DTQ848-01-A,6-35 month,12_23_month,Andrew,1,0,1,0,1,2026,TRUE,2026-08-12,Andrew,Latest same-age-band Calendly fallback,2026-08-24
FYC718-01-A,3-20 year,3_5yr,Andrew,1,0,0,0,1,2026,TRUE,2026-07-31,Andrew,Matched completion date,
FYG871-01-A,3-20 year,6_10yr,Andrew,1,1,0,0,0,2026,FALSE,,,Not complete,
GBB029-01-A,3-20 year,6_10yr,Andrew,1,0,0,0,1,2026,TRUE,2026-09-17,Andrew,Matched completion date,
GHR496-01-A,3-20 year,6_10yr,Andrew,1,0,0,0,1,2026,TRUE,2026-09-04,Andrew,Matched completion date,
GRM073-01-A,6-35 month,12_23_month,Andrew,2,0,1,1,0,2026,FALSE,,,Not complete,
GVZ320-01-A,3-20 year,6_10yr,Andrew,1,0,0,0,1,2026,TRUE,2026-08-11,Andrew,Matched completion date,
HMP017-01-A,3-20 year,6_10yr,Andrew,1,0,0,0,0,2026,FALSE,,,Not complete,
HMP636-01-A,3-20 year,6_10yr,Andrew,1,0,0,0,1,2026,TRUE,2026-08-03,Andrew,Matched completion date,
JFG039-01-A,3-20 year,6_10yr,Andrew,1,0,0,0,1,2026,TRUE,2026-09-20,Andrew,Matched completion date,
JKF839-01-A,3-20 year,6_10yr,Andrew,1,0,0,0,1,2026,TRUE,2026-08-05,Andrew,Matched completion date,
JTV110-01-A,3-20 year,3_5yr,Andrew,1,0,0,0,1,2026,TRUE,2026-09-19,Andrew,Matched completion date,
JVW695-01-A,3-20 year,3_5yr,Andrew,1,0,0,0,1,2026,TRUE,2026-08-11,Andrew,Matched completion date,
JWP176-01-A,3-20 year,6_10yr,Andrew,1,0,0,0,1,2026,TRUE,2026-10-02,Andrew,Matched completion date,
JYP178-01-A,3-20 year,3_5yr,Andrew,1,1,0,0,0,2026,FALSE,,,Not complete,
JYP178-01-N,3-20 year,3_5yr,Andrew,1,1,0,0,0,2026,FALSE,,,Not complete,
JZP660-01-A,3-20 year,3_5yr,Andrew,1,1,0,0,0,2026,FALSE,,,Not complete,
KSZ066-01-A,3-20 year,6_10yr,Andrew,2,0,0,1,1,2026,TRUE,2026-09-19,Andrew,Matched completion date,
LMR839-01-A,3-20 year,3_5yr,Andrew,1,0,0,0,1,2026,TRUE,2026-08-31,Andrew,Matched completion date,
LYY018-01-A,3-20 year,6_10yr,Andrew,1,0,0,0,0,2026,FALSE,,,Not complete,
LZJ787-01-A,3-20 year,3_5yr,Andrew,1,1,0,0,0,2026,FALSE,,,Not complete,
MFB544-01-A,3-20 year,6_10yr,Andrew,3,0,1,2,0,2026,FALSE,,,Not complete,
MPX757-01-A,3-20 year,3_5yr,Andrew,2,0,0,1,0,2026,FALSE,,,Not complete,
MXB539-01-A,3-20 year,6_10yr,Andrew,1,0,0,1,0,2026,FALSE,,,Not complete,
NCG882-01-A,6-35 month,12_23_month,Andrew,1,0,1,0,1,2026,TRUE,2026-08-11,Andrew,Latest same-age-band Calendly fallback,2026-08-24
NDN427-01-A,3-20 year,6_10yr,Andrew,1,0,1,0,0,2026,FALSE,,,Not complete,
NDX702-01-A,3-20 year,3_5yr,Andrew,1,0,0,0,1,2026,TRUE,2026-07-26,Andrew,Matched completion date,
PBC879-01-A,3-20 year,6_10yr,Andrew,1,0,0,0,1,2026,TRUE,2026-10-04,Andrew,Matched completion date,
PPK451-01-A,3-20 year,3_5yr,Andrew,1,0,1,0,0,2026,FALSE,,,Not complete,
QHG535-01-A,3-20 year,6_10yr,Andrew,3,1,1,0,1,2026,TRUE,2026-09-30,Andrew,Matched completion date,
QMG495-01-A,3-20 year,3_5yr,Andrew,1,0,1,0,1,2026,TRUE,2026-08-11,Andrew,Latest same-age-band Calendly fallback,2026-08-24
QPF716-01-A,3-20 year,3_5yr,Andrew,2,2,0,0,0,2026,FALSE,,,Not complete,
QTQ022-01-A,3-20 year,6_10yr,Andrew,1,0,1,0,0,2026,TRUE,2026-09-21,Kowlini,Matched completion date,
RCJ118-01-A,3-20 year,3_5yr,Andrew,3,1,0,1,0,2026,FALSE,,,Not complete,
RQS085-01-A,3-20 year,3_5yr,Andrew,1,1,0,0,0,2026,FALSE,,,Not complete,
RQY432-01-A,3-20 year,3_5yr,Andrew,1,0,0,0,1,2026,TRUE,2026-08-10,Andrew,Matched completion date,
RYB389-01-A,3-20 year,3_5yr,Andrew,1,0,0,0,1,2026,TRUE,2026-09-28,Andrew,Matched completion date,
RYB389-01-N,3-20 year,3_5yr,Andrew,1,0,0,0,1,2026,TRUE,2026-09-28,Andrew,Matched completion date,
RYF448-01-A,3-20 year,6_10yr,Andrew,1,0,1,0,0,2026,FALSE,,,Not complete,
SDT653-01-A,3-20 year,6_10yr,Andrew,1,0,0,0,1,2026,TRUE,2026-08-27,Andrew,Matched completion date,
TQW993-01-A,3-20 year,3_5yr,Andrew,1,0,0,0,1,2026,TRUE,2026-08-23,Andrew,Matched completion date,
TTG223-01-A,3-20 year,6_10yr,Andrew,1,0,0,0,1,2026,TRUE,2026-07-30,Andrew,Matched completion date,
VKF111-01-A,3-20 year,3_5yr,Andrew,1,0,0,0,1,2026,TRUE,2026-09-22,Andrew,Matched completion date,
VKG640-01-A,3-20 year,3_5yr,Andrew,1,0,0,0,1,2026,TRUE,2026-09-04,Andrew,Matched completion date,
WGX824-01-A,3-20 year,6_10yr,Andrew,1,0,0,0,1,2026,TRUE,2026-07-24,Andrew,Matched completion date,
XGT908-01-A,3-20 year,3_5yr,Andrew,1,0,1,0,0,2026,FALSE,,,Not complete,
XSQ553-01-A,3-20 year,3_5yr,Andrew,1,0,0,0,1,2026,TRUE,2026-09-29,Andrew,Matched completion date,
YGB645-01-A,3-20 year,3_5yr,Andrew,2,0,0,1,1,2026,TRUE,2026-08-13,Andrew,Matched completion date,
YNZ445-01-A,3-20 year,6_10yr,Andrew,3,2,0,1,0,2026,FALSE,,,Not complete,
ZGB387-01-A,3-20 year,6_10yr,Andrew,4,1,0,2,0,2026,FALSE,,,Not complete,
ZZZ654-01-A,3-20 year,6_10yr,Andrew,1,0,0,0,1,2026,TRUE,2026-08-08,Andrew,Matched completion date,
BBB555-01-A,3-20 year,3_5yr,Anna,1,0,0,0,1,2026,TRUE,2026-04-27,Anna,Matched completion date,
BKV315-01-A,3-20 year,11_17yr,Anna,1,0,0,0,1,2026,TRUE,2026-05-12,Anna,Matched completion date,
BNH325-01-A,3-20 year,3_5yr,Anna,4,0,0,3,1,2026,TRUE,2026-07-02,Anna,Matched completion date,
DLC442-01-A,3-20 year,3_5yr,Anna,1,0,0,0,1,2026,TRUE,2026-07-07,Anna,Matched completion date,
GFK818-01-A,3-20 year,3_5yr,Anna,1,0,0,0,1,2026,TRUE,2026-05-14,Anna,Matched completion date,
GFP154-01-A,3-20 year,6_10yr,Anna,1,0,0,0,1,2026,TRUE,2026-08-10,Anna,Matched completion date,
GKZ718-01-A,3-20 year,3_5yr,Anna,1,0,0,0,1,2026,TRUE,2026-04-30,Anna,Matched completion date,
HTW595-01-A,3-20 year,3_5yr,Anna,1,0,0,0,1,2026,TRUE,2026-06-03,Anna,Matched completion date,
HXK737-01-A,3-20 year,3_5yr,Anna,1,0,0,0,1,2026,TRUE,2026-08-10,Anna,Matched completion date,
JDH761-01-A,3-20 year,3_5yr,Anna,1,0,0,0,1,2026,TRUE,2026-04-21,Anna,Matched completion date,
KFH643-01-A,3-20 year,3_5yr,Anna,1,0,0,0,1,2026,TRUE,2026-07-27,Anna,Matched completion date,
KJR698-01-A,3-20 year,3_5yr,Anna,2,0,0,1,1,2026,TRUE,2026-05-01,Anna,Matched completion date,
LSZ581-01-A,3-20 year,3_5yr,Anna,1,0,0,0,1,2026,TRUE,2026-05-04,Anna,Matched completion date,
LXZ862-01-A,3-20 year,3_5yr,Anna,2,0,0,1,1,2026,TRUE,2026-08-11,Anna,Latest same-age-band Calendly fallback,2026-08-10
MHS537-01-A,3-20 year,3_5yr,Anna,1,0,0,0,0,2026,FALSE,,,Not complete,
MHS537-01-A,3-20 year,6_10yr,Anna,0,0,0,0,1,2026,TRUE,2026-05-07,Anna,Previous-age-band completion-date match,
MLW298-01-A,3-20 year,3_5yr,Anna,2,0,0,1,1,2026,TRUE,2026-07-15,Anna,Latest same-age-band Calendly fallback,2026-07-14
QLS775-01-A,3-20 year,3_5yr,Anna,1,0,0,0,1,2026,TRUE,2026-06-29,Anna,Latest same-age-band Calendly fallback,2026-06-26
QTN450-01-A,3-20 year,3_5yr,Anna,1,0,0,0,1,2026,TRUE,2026-07-07,Anna,Matched completion date,
QWF984-01-A,3-20 year,11_17yr,Anna,2,0,0,1,1,2026,TRUE,2026-07-27,Anna,Matched completion date,
SJZ725-01-A,3-20 year,6_10yr,Anna,2,1,0,1,0,2026,FALSE,,,Not complete,
SKD083-01-A,3-20 year,3_5yr,Anna,1,0,0,0,1,2026,TRUE,2026-05-14,Anna,Matched completion date,
STZ858-01-A,3-20 year,3_5yr,Anna,1,0,0,0,1,2026,TRUE,2026-05-27,Anna,Matched completion date,
VDF655-01-A,3-20 year,3_5yr,Anna,1,0,1,0,0,2026,FALSE,,,Not complete,
VDW156-01-A,3-20 year,3_5yr,Anna,2,0,0,0,1,2026,TRUE,2026-05-22,Anna,Matched completion date,
VLD311-01-A,3-20 year,3_5yr,Anna,2,0,0,1,1,2026,TRUE,2026-05-01,Anna,Matched completion date,
VRN902-01-A,3-20 year,3_5yr,Anna,1,0,0,0,1,2026,TRUE,2026-07-15,Anna,Latest same-age-band Calendly fallback,2026-07-24
WGH698-01-A,3-20 year,3_5yr,Anna,1,0,0,0,1,2026,TRUE,2026-07-28,Anna,Matched completion date,
WLB161-01-A,3-20 year,6_10yr,Anna,1,0,0,0,1,2026,TRUE,2026-06-17,Anna,Matched completion date,
XTR824-01-A,3-20 year,3_5yr,Anna,1,0,0,0,1,2026,TRUE,2026-05-22,Anna,Matched completion date,
YDW028-01-A,3-20 year,3_5yr,Anna,1,0,0,0,1,2026,TRUE,2026-05-12,Anna,Matched completion date,
YNQ580-01-A,3-20 year,3_5yr,Anna,4,0,0,3,1,2026,TRUE,2026-05-29,Anna,Matched completion date,
YWZ475-01-A,3-20 year,3_5yr,Anna,1,0,0,0,1,2026,TRUE,2026-06-05,Anna,Matched completion date,
ZCR636-01-A,6-35 month,3_5yr,Anna,2,0,0,1,0,2026,FALSE,,,Not complete,
ZCR636-01-A,3-20 year,3_5yr,Anna,0,0,0,0,1,2026,TRUE,2026-06-25,Anna,Matched completion date,
CSS863-02-A,6-35 month,12_23_month,Breanna,1,0,0,0,1,2026,TRUE,2026-06-16,Breanna,Matched completion date,
CXB725-01-A,6-35 month,12_23_month,Breanna,1,1,0,0,0,2026,TRUE,2026-07-16,Toye,Latest same-age-band Calendly fallback,2026-09-01
FFM260-01-A,3-20 year,6_10yr,Breanna,0,0,0,0,1,2026,TRUE,2026-04-24,Breanna,Latest previous-age-band Calendly fallback,2025-09-25
JQN133-01-A,6-35 month,12_23_month,Breanna,1,0,0,0,1,2026,TRUE,2026-07-27,Breanna,Matched completion date,
KJR619-01-A,6-35 month,12_23_month,Breanna,1,0,0,1,0,2026,TRUE,2026-08-26,Kowlini,Matched completion date,
QKS362-01-A,3-20 year,6_10yr,Breanna,1,1,0,0,0,2026,FALSE,,,Not complete,
SSX741-01-A,3-20 year,6_10yr,Breanna,1,0,0,0,1,2026,TRUE,2026-07-29,Breanna,Matched completion date,
TKY175-01-A,3-20 year,6_10yr,Breanna,1,0,0,0,1,2026,TRUE,2026-07-27,Breanna,Matched completion date,
ZZZ654-01-A,3-20 year,6_10yr,Breanna,1,0,0,1,0,2026,TRUE,2026-08-08,Andrew,Matched completion date,
CRN594-01-A,3-20 year,11_17yr,Cassie,1,0,1,0,0,2026,TRUE,2026-04-15,Amy,Matched completion date,
CSG043-01-A,3-20 year,11_17yr,Cassie,2,0,0,1,1,2026,TRUE,2026-07-20,Cassie,Matched completion date,
DWB641-01-A,3-20 year,6_10yr,Cassie,1,0,0,0,0,2026,FALSE,,,Not complete,
FKD843-01-A,3-20 year,11_17yr,Cassie,2,0,0,1,0,2026,FALSE,,,Not complete,
FYB626-01-A,3-20 year,11_17yr,Cassie,1,0,0,0,1,2026,TRUE,2026-04-07,Cassie,Matched completion date,
GRN392-01-A,3-20 year,11_17yr,Cassie,1,0,0,0,1,2026,TRUE,2026-04-25,Cassie,Matched completion date,
GZM171-01-A,3-20 year,11_17yr,Cassie,1,0,0,0,1,2026,TRUE,2026-05-11,Cassie,Matched completion date,
HBN403-01-A,3-20 year,6_10yr,Cassie,1,0,0,1,0,2026,FALSE,,,Not complete,
HKF151-01-A,3-20 year,11_17yr,Cassie,1,0,0,0,1,2026,TRUE,2026-07-13,Cassie,Matched completion date,
HKF151-02-A,3-20 year,11_17yr,Cassie,1,0,0,0,1,2026,TRUE,2026-07-13,Cassie,Matched completion date,
HQB638-01-A,3-20 year,11_17yr,Cassie,1,0,0,1,0,2026,TRUE,2026-09-28,Jo,Matched completion date,
HYQ752-01-A,3-20 year,11_17yr,Cassie,1,0,0,0,1,2026,TRUE,2026-06-28,Cassie,Matched completion date,
HZD623-01-A,3-20 year,11_17yr,Cassie,1,0,1,0,0,2026,FALSE,,,Not complete,
JMR655-01-A,3-20 year,6_10yr,Cassie,2,0,0,2,0,2026,FALSE,,,Not complete,
JNT771-01-A,3-20 year,11_17yr,Cassie,1,0,0,0,1,2026,TRUE,2026-08-10,Cassie,Matched completion date,
JSF732-01-A,3-20 year,11_17yr,Cassie,1,0,0,0,1,2026,TRUE,2026-07-07,Cassie,Matched completion date,
JYK203-01-A,3-20 year,6_10yr,Cassie,1,0,0,0,0,2026,FALSE,,,Not complete,
JZM106-01-A,3-20 year,6_10yr,Cassie,1,0,0,0,0,2026,FALSE,,,Not complete,
KDS985-01-A,3-20 year,11_17yr,Cassie,1,0,0,0,1,2026,TRUE,2026-06-15,Cassie,Matched completion date,
KFQ955-01-A,3-20 year,6_10yr,Cassie,1,0,0,0,1,2026,TRUE,2026-07-07,Cassie,Matched completion date,
LNP424-01-A,3-20 year,3_5yr,Cassie,1,0,0,0,1,2026,TRUE,2026-04-07,Cassie,Matched completion date,
LQY206-01-A,3-20 year,6_10yr,Cassie,1,0,0,0,1,2026,TRUE,2026-06-30,Cassie,Matched completion date,
MQJ796-01-M,3-20 year,11_17yr,Cassie,1,0,0,0,1,2026,TRUE,2026-04-01,Cassie,Matched completion date,
MQJ796-01-N,3-20 year,11_17yr,Cassie,1,0,0,0,1,2026,TRUE,2026-04-01,Cassie,Matched completion date,
MQM950-01-A,3-20 year,11_17yr,Cassie,1,0,1,0,0,2026,TRUE,2026-10-03,Jo,Matched completion date,
NBV813-01-A,3-20 year,11_17yr,Cassie,1,0,0,0,1,2026,TRUE,2026-03-30,Cassie,Matched completion date,
NGT839-01-A,3-20 year,11_17yr,Cassie,1,0,0,0,0,2026,FALSE,,,Not complete,
NMF407-01-A,3-20 year,11_17yr,Cassie,1,0,0,0,1,2026,TRUE,2026-05-11,Cassie,Matched completion date,
PBF223-01-A,3-20 year,11_17yr,Cassie,1,0,0,0,1,2026,TRUE,2026-04-02,Cassie,Matched completion date,
PDV195-01-A,3-20 year,11_17yr,Cassie,1,0,1,0,0,2026,FALSE,,,Not complete,
PFD674-01-A,3-20 year,3_5yr,Cassie,2,0,1,0,0,2026,FALSE,,,Not complete,
RBR931-01-A,3-20 year,11_17yr,Cassie,1,0,0,0,1,2026,TRUE,2026-09-21,Cassie,Matched completion date,
RBR931-02-A,3-20 year,11_17yr,Cassie,1,0,0,0,1,2026,TRUE,2026-09-21,Cassie,Matched completion date,
RDJ491-01-A,3-20 year,11_17yr,Cassie,2,1,1,0,0,2026,FALSE,,,Not complete,
RNV741-01-A,3-20 year,11_17yr,Cassie,2,0,0,1,1,2026,TRUE,2026-06-30,Cassie,Matched completion date,
SBS453-01-A,3-20 year,11_17yr,Cassie,1,0,0,0,1,2026,TRUE,2026-07-21,Cassie,Matched completion date,
SNJ492-01-N,3-20 year,11_17yr,Cassie,1,0,1,0,0,2026,FALSE,,,Not complete,
SNV833-01-A,3-20 year,11_17yr,Cassie,1,0,0,0,1,2026,TRUE,2026-08-10,Cassie,Matched completion date,
SZF435-01-A,3-20 year,11_17yr,Cassie,1,0,1,0,0,2026,TRUE,2026-09-01,Amy,Matched completion date,
THL624-01-A,3-20 year,11_17yr,Cassie,2,0,0,1,1,2026,TRUE,2026-07-12,Cassie,Matched completion date,
TQC990-01-A,3-20 year,11_17yr,Cassie,2,0,0,0,1,2026,TRUE,2026-07-08,Cassie,Matched completion date,
TWK336-01-A,3-20 year,11_17yr,Cassie,1,0,0,0,1,2026,TRUE,2026-04-27,Cassie,Matched completion date,
TXR417-01-A,3-20 year,11_17yr,Cassie,1,0,0,0,1,2026,TRUE,2026-07-20,Cassie,Matched completion date,
VFR138-01-A,3-20 year,11_17yr,Cassie,1,0,0,0,1,2026,TRUE,2026-08-17,Cassie,Matched completion date,
VHR369-01-A,3-20 year,6_10yr,Cassie,1,1,0,0,0,2026,FALSE,,,Not complete,
VKY771-01-A,3-20 year,6_10yr,Cassie,1,0,1,0,0,2026,FALSE,,,Not complete,
VST318-01-A,3-20 year,11_17yr,Cassie,1,0,0,0,1,2026,TRUE,2026-03-31,Cassie,Matched completion date,
VZB638-01-A,3-20 year,11_17yr,Cassie,1,0,1,0,1,2026,TRUE,2026-08-16,Cassie,Latest same-age-band Calendly fallback,2026-08-17
VZB638-02-A,3-20 year,11_17yr,Cassie,1,0,0,0,1,2026,TRUE,2026-08-16,Cassie,Matched completion date,
WBH589-01-A,3-20 year,11_17yr,Cassie,2,0,0,1,0,2026,FALSE,,,Not complete,
WFK499-01-A,3-20 year,11_17yr,Cassie,1,0,0,0,1,2026,TRUE,2026-07-12,Cassie,Matched completion date,
WHW151-01-A,3-20 year,11_17yr,Cassie,1,0,0,0,1,2026,TRUE,2026-04-27,Cassie,Matched completion date,
WMJ798-01-A,3-20 year,6_10yr,Cassie,1,0,0,0,1,2026,TRUE,2026-03-31,Cassie,Matched completion date,
WMX146-01-A,3-20 year,11_17yr,Cassie,3,0,2,1,0,2026,FALSE,,,Not complete,
WYG353-01-A,3-20 year,11_17yr,Cassie,1,0,0,0,1,2026,TRUE,2026-04-02,Cassie,Matched completion date,
WYZ100-01-A,3-20 year,11_17yr,Cassie,2,0,0,1,1,2026,TRUE,2026-04-03,Cassie,Matched completion date,
XDF604-01-A,3-20 year,6_10yr,Cassie,1,0,0,0,1,2026,TRUE,2026-04-27,Cassie,Matched completion date,
XDR789-01-A,3-20 year,11_17yr,Cassie,2,0,0,2,0,2026,TRUE,2026-09-27,Jo,Matched completion date,
XFQ902-01-A,3-20 year,11_17yr,Cassie,1,1,0,0,0,2026,FALSE,,,Not complete,
XHC521-01-A,3-20 year,11_17yr,Cassie,1,0,0,0,0,2026,FALSE,,,Not complete,
XKF863-01-A,3-20 year,11_17yr,Cassie,1,0,0,0,1,2026,TRUE,2026-05-04,Cassie,Matched completion date,
XRM042-01-A,3-20 year,11_17yr,Cassie,1,0,0,0,1,2026,TRUE,2026-03-16,Cassie,Matched completion date,
XRZ528-01-A,3-20 year,11_17yr,Cassie,1,0,0,0,1,2026,TRUE,2026-04-20,Cassie,Matched completion date,
YHF868-01-A,3-20 year,11_17yr,Cassie,1,0,0,0,1,2026,TRUE,2026-08-31,Cassie,Matched completion date,
YNZ000-01-A,3-20 year,11_17yr,Cassie,0,0,0,0,1,2026,TRUE,2026-03-09,Cassie,Previous-age-band completion-date match,
YNZ000-01-A,3-20 year,6_10yr,Cassie,2,0,0,1,0,2026,FALSE,,,Not complete,
YSL489-01-A,3-20 year,11_17yr,Cassie,1,0,0,0,1,2026,TRUE,2026-08-31,Cassie,Matched completion date,
ZBF912-01-A,3-20 year,6_10yr,Cassie,1,0,0,0,1,2026,TRUE,2026-03-30,Cassie,Matched completion date,
ZDZ857-01-A,3-20 year,6_10yr,Cassie,1,0,0,1,0,2026,TRUE,2026-05-26,Amy,Matched completion date,
ZNQ676-01-A,3-20 year,11_17yr,Cassie,2,0,1,0,1,2026,TRUE,2026-05-17,Cassie,Matched completion date,
ZPR445-01-A,3-20 year,11_17yr,Cassie,1,0,0,0,1,2026,TRUE,2026-03-30,Cassie,Matched completion date,
BBD445-01-A,3-20 year,6_10yr,Jo,1,0,0,0,1,2026,TRUE,2026-10-03,Jo,Matched completion date,
BKX774-01-A,3-20 year,11_17yr,Jo,2,0,0,0,1,2026,TRUE,2026-06-06,Jo,Matched completion date,
BPZ685-01-A,3-20 year,3_5yr,Jo,1,0,0,0,1,2026,TRUE,2026-05-03,Jo,Matched completion date,
BQW274-01-A,3-20 year,3_5yr,Jo,1,0,0,0,1,2026,TRUE,2026-06-03,Jo,Matched completion date,
CDK744-01-A,3-20 year,6_10yr,Jo,2,0,0,1,1,2026,TRUE,2026-08-03,Jo,Matched completion date,
DKC244-01-A,3-20 year,11_17yr,Jo,1,0,0,0,1,2026,TRUE,2026-06-10,Jo,Matched completion date,
FWH545-01-A,3-20 year,11_17yr,Jo,1,0,0,0,1,2026,TRUE,2026-06-03,Jo,Matched completion date,
GMS994-01-A,3-20 year,11_17yr,Jo,1,0,0,0,1,2026,TRUE,2026-04-10,Jo,Latest same-age-band Calendly fallback,2026-04-08
GWP690-01-A,3-20 year,11_17yr,Jo,3,0,0,2,1,2026,TRUE,2026-04-22,Jo,Matched completion date,
GZM171-01-A,3-20 year,11_17yr,Jo,1,0,0,1,0,2026,TRUE,2026-05-11,Cassie,Matched completion date,
HBN403-01-A,3-20 year,6_10yr,Jo,1,1,0,0,0,2026,FALSE,,,Not complete,
HGX059-01-A,3-20 year,11_17yr,Jo,2,0,1,0,1,2026,TRUE,2026-04-18,Jo,Matched completion date,
HQB638-01-A,3-20 year,11_17yr,Jo,1,0,0,0,1,2026,TRUE,2026-09-28,Jo,Matched completion date,
HSV917-01-A,3-20 year,11_17yr,Jo,1,0,0,0,1,2026,TRUE,2026-05-04,Jo,Matched completion date,
HZD623-01-A,3-20 year,11_17yr,Jo,1,0,1,0,0,2026,FALSE,,,Not complete,
HZT648-01-A,3-20 year,11_17yr,Jo,1,0,0,0,1,2026,TRUE,2026-04-16,Jo,Matched completion date,
JMR655-01-A,3-20 year,11_17yr,Jo,0,0,0,0,1,2026,TRUE,2026-06-09,Jo,Latest previous-age-band Calendly fallback,2026-06-09
JMR655-01-A,3-20 year,6_10yr,Jo,1,0,0,0,0,2026,FALSE,,,Not complete,
JQZ496-01-A,3-20 year,11_17yr,Jo,2,0,0,1,1,2026,TRUE,2026-07-24,Jo,Matched completion date,
JSS418-01-A,3-20 year,6_10yr,Jo,2,0,0,1,0,2026,FALSE,,,Not complete,
JZM106-01-A,3-20 year,6_10yr,Jo,1,0,0,1,0,2026,FALSE,,,Not complete,
KGL651-01-A,3-20 year,6_10yr,Jo,1,0,0,0,1,2026,TRUE,2026-09-27,Jo,Matched completion date,
KRY635-01-A,3-20 year,6_10yr,Jo,1,0,0,0,1,2026,TRUE,2026-04-18,Jo,Matched completion date,
LKY497-01-A,3-20 year,11_17yr,Jo,1,0,0,0,1,2026,TRUE,2026-07-22,Jo,Matched completion date,
MBC594-01-A,3-20 year,3_5yr,Jo,1,0,0,0,1,2026,TRUE,2026-08-02,Jo,Matched completion date,
MCV210-01-A,3-20 year,11_17yr,Jo,1,0,0,0,1,2026,TRUE,2026-07-23,Jo,Matched completion date,
MQM950-01-A,3-20 year,11_17yr,Jo,1,0,0,0,1,2026,TRUE,2026-10-03,Jo,Matched completion date,
MYN399-01-A,3-20 year,3_5yr,Jo,1,0,0,0,1,2026,TRUE,2026-07-27,Jo,Matched completion date,
NKG127-01-A,3-20 year,11_17yr,Jo,1,0,0,0,1,2026,TRUE,2026-05-02,Jo,Matched completion date,
NMT952-01-A,3-20 year,3_5yr,Jo,1,0,0,0,1,2026,TRUE,2026-10-01,Jo,Matched completion date,
PDW328-01-A,3-20 year,11_17yr,Jo,1,0,0,0,1,2026,TRUE,2026-04-15,Jo,Matched completion date,
PFD674-01-A,3-20 year,3_5yr,Jo,1,0,0,1,0,2026,FALSE,,,Not complete,
PHT777-01-A,3-20 year,11_17yr,Jo,1,0,0,0,1,2026,TRUE,2026-06-09,Jo,Matched completion date,
PRT334-01-A,3-20 year,6_10yr,Jo,1,0,0,0,1,2026,TRUE,2026-07-24,Jo,Matched completion date,
QHJ854-01-A,3-20 year,11_17yr,Jo,1,0,0,0,1,2026,TRUE,2026-09-29,Jo,Matched completion date,
QMT063-01-A,3-20 year,11_17yr,Jo,1,0,0,0,1,2026,TRUE,2026-05-01,Jo,Matched completion date,
RCH363-01-A,3-20 year,6_10yr,Jo,1,0,0,0,1,2026,TRUE,2026-07-27,Jo,Matched completion date,
RDJ491-01-A,3-20 year,11_17yr,Jo,1,1,0,0,0,2026,FALSE,,,Not complete,
RGV560-01-A,3-20 year,11_17yr,Jo,1,0,0,0,1,2026,TRUE,2026-08-01,Jo,Matched completion date,
RGV560-01-B,3-20 year,11_17yr,Jo,1,0,0,0,1,2026,TRUE,2026-08-01,Jo,Matched completion date,
RNV741-01-A,3-20 year,11_17yr,Jo,1,0,0,1,0,2026,TRUE,2026-06-30,Cassie,Matched completion date,
RQT437-01-A,3-20 year,6_10yr,Jo,1,0,1,0,0,2026,TRUE,2026-10-04,Jody,Matched completion date,
SCB433-01-A,3-20 year,11_17yr,Jo,1,0,0,0,1,2026,TRUE,2026-08-02,Jo,Matched completion date,
SNV833-01-A,3-20 year,11_17yr,Jo,1,0,0,1,0,2026,TRUE,2026-08-10,Cassie,Matched completion date,
STQ126-01-A,3-20 year,11_17yr,Jo,1,0,0,0,1,2026,TRUE,2026-07-22,Jo,Matched completion date,
VQJ770-01-A,3-20 year,11_17yr,Jo,1,0,0,0,1,2026,TRUE,2026-07-22,Jo,Matched completion date,
VRS810-01-A,3-20 year,6_10yr,Jo,1,0,0,0,1,2026,TRUE,2026-03-26,Jo,Matched completion date,
WKM586-01-A,3-20 year,11_17yr,Jo,1,0,0,0,1,2026,TRUE,2026-07-23,Jo,Matched completion date,
XDR789-01-A,3-20 year,11_17yr,Jo,1,0,0,0,1,2026,TRUE,2026-09-27,Jo,Matched completion date,
XKF863-01-A,3-20 year,11_17yr,Jo,1,0,0,1,0,2026,TRUE,2026-05-04,Cassie,Matched completion date,
XMH232-01-A,3-20 year,6_10yr,Jo,1,0,0,0,1,2026,TRUE,2026-07-24,Jo,Matched completion date,
XRZ528-01-A,3-20 year,11_17yr,Jo,1,0,0,1,0,2026,TRUE,2026-04-20,Cassie,Matched completion date,
YLG694-01-A,3-20 year,11_17yr,Jo,1,0,0,0,1,2026,TRUE,2026-07-25,Jo,Matched completion date,
YWL484-01-A,3-20 year,11_17yr,Jo,3,2,0,1,0,2026,FALSE,,,Not complete,
YXL848-01-A,3-20 year,11_17yr,Jo,1,0,0,0,1,2026,TRUE,2026-03-25,Jo,Matched completion date,
ZPX220-01-A,3-20 year,11_17yr,Jo,1,0,0,0,1,2026,TRUE,2026-08-03,Jo,Matched completion date,
BXJ770-01-A,6-35 month,12_23_month,Jody,1,0,1,0,0,2026,FALSE,,,Not complete,
CLC701-01-A,6-35 month,12_23_month,Jody,1,0,0,0,1,2026,TRUE,2026-05-06,Jody,Latest same-age-band Calendly fallback,2026-05-07
CVD069-01-A,3-20 year,6_10yr,Jody,1,0,1,0,0,2026,FALSE,,,Not complete,
CVH085-01-A,3-20 year,6_10yr,Jody,2,0,0,1,1,2026,TRUE,2026-07-13,Jody,Latest same-age-band Calendly fallback,2026-07-11
FNC855-01-A,6-35 month,12_23_month,Jody,2,1,0,0,1,2026,TRUE,2026-08-04,Jody,Latest same-age-band Calendly fallback,2026-08-03
GCP510-02-A,3-20 year,3_5yr,Jody,1,0,1,0,0,2026,TRUE,2026-08-31,Kowlini,Matched completion date,
HHL079-01-A,3-20 year,6_10yr,Jody,1,0,0,0,1,2026,TRUE,2026-07-14,Jody,Matched completion date,
HHW537-01-A,6-35 month,12_23_month,Jody,1,0,0,0,1,2026,TRUE,2026-04-03,Jody,Matched completion date,
HLW497-01-A,3-20 year,3_5yr,Jody,1,0,0,0,1,2026,TRUE,2026-07-28,Jody,Matched completion date,
JJK068-01-A,3-20 year,3_5yr,Jody,1,0,0,0,1,2026,TRUE,2026-07-24,Jody,Matched completion date,
JXP185-01-A,6-35 month,12_23_month,Jody,1,0,0,1,0,2026,TRUE,2026-08-14,Kowlini,Matched completion date,
KBQ321-01-A,3-20 year,3_5yr,Jody,1,0,0,0,1,2026,TRUE,2026-05-03,Jody,Matched completion date,
KDH192-01-A,3-20 year,6_10yr,Jody,1,0,0,0,0,2026,FALSE,,,Not complete,
KRR544-01-A,6-35 month,12_23_month,Jody,1,0,0,0,1,2026,TRUE,2026-06-02,Jody,Latest same-age-band Calendly fallback,2026-06-01
LBZ361-01-A,6-35 month,12_23_month,Jody,1,0,1,0,0,2026,FALSE,,,Not complete,
LGF333-01-A,3-20 year,6_10yr,Jody,2,0,2,0,0,2026,FALSE,,,Not complete,
MMK311-01-A,3-20 year,3_5yr,Jody,2,0,0,1,1,2026,TRUE,2026-06-03,Jody,Matched completion date,
MMK311-01-N,3-20 year,3_5yr,Jody,2,0,1,0,1,2026,TRUE,2026-06-03,Jody,Matched completion date,
MMV961-01-A,6-35 month,12_23_month,Jody,2,1,0,1,0,2026,TRUE,2026-08-27,Kowlini,Matched completion date,
MYL231-01-A,3-20 year,3_5yr,Jody,2,0,0,1,0,2026,FALSE,,,Not complete,
MYL231-01-A,3-20 year,6_10yr,Jody,0,0,0,0,1,2026,TRUE,2026-07-14,Jody,Previous-age-band completion-date match,
MYP897-01-A,3-20 year,11_17yr,Jody,1,0,0,0,1,2026,TRUE,2026-07-28,Jody,Matched completion date,
NPM662-01-A,6-35 month,12_23_month,Jody,1,0,0,0,1,2026,TRUE,2026-07-13,Jody,Latest same-age-band Calendly fallback,2026-07-11
PPM461-01-A,3-20 year,6_10yr,Jody,1,0,0,0,1,2026,TRUE,2026-06-01,Jody,Matched completion date,
PRH159-01-A,3-20 year,6_10yr,Jody,1,0,0,0,0,2026,FALSE,,,Not complete,
RQT437-01-A,3-20 year,6_10yr,Jody,1,0,0,0,1,2026,TRUE,2026-10-04,Jody,Matched completion date,
TCH588-01-A,3-20 year,3_5yr,Jody,2,0,0,1,1,2026,TRUE,2026-08-12,Jody,Matched completion date,
TDY935-01-A,3-20 year,6_10yr,Jody,1,0,0,0,1,2026,TRUE,2026-03-09,Jody,Latest same-age-band Calendly fallback,2026-03-08
TPW315-01-A,6-35 month,12_23_month,Jody,1,0,0,1,0,2026,FALSE,,,Not complete,
TSN328-01-M,3-20 year,6_10yr,Jody,2,0,1,0,0,2026,TRUE,2026-09-08,Kowlini,Matched completion date,
TSN328-01-N,3-20 year,6_10yr,Jody,1,0,0,0,0,2026,TRUE,2026-08-29,Kowlini,Matched completion date,
TZB922-01-A,6-35 month,12_23_month,Jody,1,0,0,0,1,2026,TRUE,2026-06-07,Jody,Matched completion date,
VHC022-01-A,3-20 year,6_10yr,Jody,1,0,0,0,1,2026,TRUE,2026-04-03,Jody,Matched completion date,
VHR109-01-A,3-20 year,6_10yr,Jody,1,0,0,0,1,2026,TRUE,2026-06-15,Jody,Matched completion date,
VVL844-01-A,3-20 year,3_5yr,Jody,1,0,0,0,1,2026,TRUE,2026-08-05,Jody,Matched completion date,
VZY119-01-A,6-35 month,12_23_month,Jody,1,0,1,0,0,2026,FALSE,,,Not complete,
WDV681-01-A,3-20 year,11_17yr,Jody,1,0,0,0,0,2026,FALSE,,,Not complete,
WDV681-02-A,3-20 year,11_17yr,Jody,1,0,1,0,0,2026,FALSE,,,Not complete,
WTN483-01-A,3-20 year,6_10yr,Jody,2,0,0,1,1,2026,TRUE,2026-07-01,Jody,Matched completion date,
WXD665-01-A,3-20 year,6_10yr,Jody,2,0,1,0,1,2026,TRUE,2026-08-05,Jody,Matched completion date,
WYL000-01-A,3-20 year,6_10yr,Jody,1,0,0,0,1,2026,TRUE,2026-04-06,Jody,Matched completion date,
WYN485-01-A,3-20 year,6_10yr,Jody,1,0,0,0,1,2026,TRUE,2026-03-13,Jody,Matched completion date,
WZT929-01-A,3-20 year,6_10yr,Jody,1,0,0,0,1,2026,TRUE,2026-04-19,Jody,Matched completion date,
XVF774-01-A,3-20 year,6_10yr,Jody,2,0,1,0,1,2026,TRUE,2026-04-19,Jody,Matched completion date,
XVL743-01-A,3-20 year,6_10yr,Jody,3,0,1,1,1,2026,TRUE,2026-05-14,Jody,Matched completion date,
XZN379-01-A,3-20 year,3_5yr,Jody,3,0,0,3,0,2026,FALSE,,,Not complete,
YDD017-01-A,3-20 year,3_5yr,Jody,1,0,0,0,1,2026,TRUE,2026-05-19,Jody,Matched completion date,
YMS783-01-A,3-20 year,3_5yr,Jody,1,0,0,0,1,2026,TRUE,2026-07-01,Jody,Matched completion date,
YPB464-01-A,6-35 month,12_23_month,Jody,1,0,0,0,1,2026,TRUE,2026-04-27,Jody,Matched completion date,
YXY517-01-A,3-20 year,11_17yr,Jody,1,0,0,0,1,2026,TRUE,2026-08-03,Jody,Matched completion date,
ZGQ068-01-A,3-20 year,3_5yr,Jody,1,0,0,0,1,2026,TRUE,2026-06-07,Jody,Matched completion date,
ZQT032-01-A,3-20 year,11_17yr,Jody,1,0,0,0,1,2026,TRUE,2026-07-14,Jody,Matched completion date,
ZVD237-01-A,6-35 month,12_23_month,Jody,1,0,0,0,1,2026,TRUE,2026-09-11,Jody,Matched completion date,
BKK569-01-A,3-20 year,6_10yr,Kowlini,1,0,0,0,1,2026,TRUE,2026-09-02,Kowlini,Matched completion date,
CXR904-01-A,3-20 year,6_10yr,Kowlini,3,0,1,1,1,2026,TRUE,2026-08-30,Kowlini,Matched completion date,
DSN848-01-A,3-20 year,6_10yr,Kowlini,2,0,0,1,1,2026,TRUE,2026-08-13,Kowlini,Matched completion date,
DWJ555-01-A,3-20 year,6_10yr,Kowlini,2,1,0,0,1,2026,TRUE,2026-09-09,Kowlini,Matched completion date,
FFC134-01-A,3-20 year,6_10yr,Kowlini,1,0,0,0,1,2026,TRUE,2026-08-23,Kowlini,Matched completion date,
GCP510-02-A,3-20 year,3_5yr,Kowlini,1,0,0,0,1,2026,TRUE,2026-08-31,Kowlini,Matched completion date,
GMB721-01-A,6-35 month,12_23_month,Kowlini,3,2,0,0,0,2026,FALSE,,,Not complete,
JWJ589-01-A,3-20 year,6_10yr,Kowlini,1,0,0,0,1,2026,TRUE,2026-08-26,Kowlini,Matched completion date,
JXP185-01-A,6-35 month,12_23_month,Kowlini,1,0,0,0,1,2026,TRUE,2026-08-14,Kowlini,Matched completion date,
KJR619-01-A,6-35 month,12_23_month,Kowlini,3,2,0,0,1,2026,TRUE,2026-08-26,Kowlini,Matched completion date,
KKT953-01-A,3-20 year,6_10yr,Kowlini,1,1,0,0,0,2026,FALSE,,,Not complete,
KXF530-01-A,6-35 month,12_23_month,Kowlini,1,0,0,0,1,2026,TRUE,2026-09-02,Kowlini,Matched completion date,
KXH001-01-A,3-20 year,6_10yr,Kowlini,1,1,0,0,0,2026,FALSE,,,Not complete,
KZP212-01-A,3-20 year,6_10yr,Kowlini,1,0,0,0,1,2026,TRUE,2026-09-18,Kowlini,Matched completion date,
LBZ361-01-A,6-35 month,12_23_month,Kowlini,3,2,0,1,0,2026,FALSE,,,Not complete,
LNT397-01-A,6-35 month,12_23_month,Kowlini,1,0,0,0,1,2026,TRUE,2026-08-25,Kowlini,Matched completion date,
MCC047-01-A,3-20 year,6_10yr,Kowlini,1,0,0,0,0,2026,FALSE,,,Not complete,
MMK829-01-A,3-20 year,3_5yr,Kowlini,1,0,0,0,1,2026,TRUE,2026-08-14,Kowlini,Matched completion date,
MMV961-01-A,6-35 month,12_23_month,Kowlini,1,0,0,0,1,2026,TRUE,2026-08-27,Kowlini,Matched completion date,
PGM615-01-A,6-35 month,12_23_month,Kowlini,1,0,0,0,1,2026,TRUE,2026-08-14,Kowlini,Matched completion date,
PRD929-01-A,3-20 year,6_10yr,Kowlini,1,0,0,0,1,2026,TRUE,2026-09-26,Kowlini,Matched completion date,
QTQ022-01-A,3-20 year,6_10yr,Kowlini,1,0,0,0,1,2026,TRUE,2026-09-21,Kowlini,Matched completion date,
QVW747-01-A,6-35 month,12_23_month,Kowlini,3,0,1,2,1,2026,TRUE,2026-09-24,Kowlini,Latest same-age-band Calendly fallback,2026-09-28
RGQ821-01-A,3-20 year,6_10yr,Kowlini,1,0,0,0,1,2026,TRUE,2026-07-31,Kowlini,Matched completion date,
RWP821-01-A,3-20 year,6_10yr,Kowlini,1,0,0,0,1,2026,TRUE,2026-08-26,Kowlini,Matched completion date,
SJH036-01-A,6-35 month,12_23_month,Kowlini,2,0,0,1,1,2026,TRUE,2026-09-18,Kowlini,Matched completion date,
SMQ889-01-A,6-35 month,12_23_month,Kowlini,2,0,0,1,1,2026,TRUE,2026-08-10,Kowlini,Matched completion date,
TFH187-01-A,3-20 year,6_10yr,Kowlini,1,0,0,0,1,2026,TRUE,2026-08-06,Kowlini,Matched completion date,
TPW315-01-A,6-35 month,12_23_month,Kowlini,4,2,0,2,0,2026,FALSE,,,Not complete,
TSN328-01-M,3-20 year,6_10yr,Kowlini,5,1,0,2,1,2026,TRUE,2026-09-08,Kowlini,Matched completion date,
TSN328-01-N,3-20 year,6_10yr,Kowlini,2,1,0,0,1,2026,TRUE,2026-08-29,Kowlini,Matched completion date,
VCL006-01-A,3-20 year,3_5yr,Kowlini,1,0,0,0,0,2026,FALSE,,,Not complete,
WDV681-01-A,3-20 year,11_17yr,Kowlini,2,0,0,2,0,2026,FALSE,,,Not complete,
WDV681-02-A,3-20 year,11_17yr,Kowlini,2,0,0,2,0,2026,FALSE,,,Not complete,
WKW938-01-A,3-20 year,3_5yr,Kowlini,1,0,0,0,1,2026,TRUE,2026-09-08,Kowlini,Matched completion date,
XZN379-01-A,3-20 year,3_5yr,Kowlini,3,1,0,2,0,2026,FALSE,,,Not complete,
YYB078-01-A,6-35 month,12_23_month,Kowlini,1,0,0,0,1,2026,TRUE,2026-08-23,Kowlini,Matched completion date,
ZVD237-01-A,6-35 month,12_23_month,Kowlini,1,1,0,0,0,2026,TRUE,2026-09-11,Jody,Matched completion date,
BGB558-01-A,3-20 year,6_10yr,Nicole,3,0,1,1,0,2026,FALSE,,,Not complete,
BPM036-01-A,6-35 month,12_23_month,Nicole,1,1,0,0,0,2026,FALSE,,,Not complete,
BTK197-01-A,3-20 year,6_10yr,Nicole,1,0,0,0,1,2026,TRUE,2026-07-30,Nicole,Matched completion date,
CBL718-01-A,3-20 year,6_10yr,Nicole,1,0,0,0,1,2026,TRUE,2026-07-13,Nicole,Matched completion date,
CCC242-01-A,6-35 month,12_23_month,Nicole,1,0,0,0,1,2026,TRUE,2026-03-26,Nicole,Matched completion date,
CGK997-01-A,3-20 year,6_10yr,Nicole,1,0,0,0,1,2026,TRUE,2026-08-05,Nicole,Matched completion date,
CHL989-01-A,3-20 year,6_10yr,Nicole,2,0,1,0,1,2026,TRUE,2026-07-21,Nicole,Matched completion date,
CSC443-01-A,3-20 year,6_10yr,Nicole,1,0,0,0,1,2026,TRUE,2026-08-24,Nicole,Matched completion date,
CXM978-01-A,3-20 year,6_10yr,Nicole,1,0,0,0,1,2026,TRUE,2026-06-17,Nicole,Matched completion date,
DGF778-01-A,3-20 year,6_10yr,Nicole,1,0,0,0,1,2026,TRUE,2026-09-01,Nicole,Matched completion date,
DJK313-01-A,3-20 year,6_10yr,Nicole,1,0,0,0,1,2026,TRUE,2026-08-27,Nicole,Matched completion date,
FWL830-01-A,3-20 year,6_10yr,Nicole,1,0,0,0,1,2026,TRUE,2026-07-13,Nicole,Matched completion date,
GBH901-01-A,6-35 month,12_23_month,Nicole,1,0,0,0,1,2026,TRUE,2026-05-15,Nicole,Matched completion date,
GDJ477-01-A,6-35 month,12_23_month,Nicole,1,0,0,0,1,2026,TRUE,2026-03-27,Nicole,Latest same-age-band Calendly fallback,2026-03-28
GDN788-01-A,6-35 month,12_23_month,Nicole,2,0,0,1,1,2026,TRUE,2026-06-22,Nicole,Matched completion date,
GMK178-01-A,3-20 year,6_10yr,Nicole,1,0,0,0,1,2026,TRUE,2026-08-25,Nicole,Matched completion date,
GZR716-01-A,6-35 month,12_23_month,Nicole,1,0,0,0,1,2026,TRUE,2026-09-01,Nicole,Matched completion date,
HCG894-01-A,3-20 year,6_10yr,Nicole,1,0,0,0,0,2026,FALSE,,,Not complete,
HGZ645-01-A,3-20 year,6_10yr,Nicole,1,0,0,0,1,2026,TRUE,2026-06-22,Nicole,Matched completion date,
HQX076-01-A,3-20 year,6_10yr,Nicole,1,0,0,0,1,2026,TRUE,2026-07-16,Nicole,Matched completion date,
HQY396-01-A,3-20 year,6_10yr,Nicole,2,0,1,0,1,2026,TRUE,2026-08-27,Nicole,Matched completion date,
JBM041-01-A,6-35 month,12_23_month,Nicole,3,0,0,2,1,2026,TRUE,2026-06-17,Nicole,Matched completion date,
JJV437-01-A,3-20 year,6_10yr,Nicole,1,0,0,0,1,2026,TRUE,2026-10-01,Nicole,Matched completion date,
JKZ989-01-A,3-20 year,6_10yr,Nicole,1,0,0,0,1,2026,TRUE,2026-09-03,Nicole,Matched completion date,
JLN021-01-A,6-35 month,12_23_month,Nicole,1,0,0,0,1,2026,TRUE,2026-05-18,Nicole,Matched completion date,
JWP930-01-A,6-35 month,12_23_month,Nicole,3,0,2,1,0,2026,FALSE,,,Not complete,
KKR431-01-A,3-20 year,6_10yr,Nicole,1,0,0,0,1,2026,TRUE,2026-07-13,Nicole,Matched completion date,
KKW154-01-A,3-20 year,6_10yr,Nicole,1,0,0,0,1,2026,TRUE,2026-09-14,Nicole,Matched completion date,
LCR073-01-A,3-20 year,6_10yr,Nicole,1,0,0,0,1,2026,TRUE,2026-08-27,Nicole,Matched completion date,
LTS268-01-A,6-35 month,12_23_month,Nicole,1,0,0,0,1,2026,TRUE,2026-05-19,Nicole,Matched completion date,
LVN615-01-M,3-20 year,6_10yr,Nicole,2,0,0,1,1,2026,TRUE,2026-07-30,Nicole,Matched completion date,
LVN615-01-N,3-20 year,6_10yr,Nicole,1,0,0,0,1,2026,TRUE,2026-07-30,Nicole,Matched completion date,
LWN054-01-M,3-20 year,6_10yr,Nicole,1,0,0,0,0,2026,FALSE,,,Not complete,
LWN054-01-N,3-20 year,6_10yr,Nicole,1,0,0,0,0,2026,FALSE,,,Not complete,
LZV055-01-A,6-35 month,12_23_month,Nicole,1,0,0,0,1,2026,TRUE,2026-05-19,Nicole,Matched completion date,
MRX335-01-A,3-20 year,6_10yr,Nicole,1,0,0,0,1,2026,TRUE,2026-08-24,Nicole,Matched completion date,
MYY891-01-A,3-20 year,6_10yr,Nicole,2,0,0,1,1,2026,TRUE,2026-06-22,Nicole,Matched completion date,
NDG495-01-A,6-35 month,12_23_month,Nicole,3,1,1,0,1,2026,TRUE,2026-06-10,Nicole,Matched completion date,
NDP128-01-A,6-35 month,12_23_month,Nicole,1,0,0,0,1,2026,TRUE,2026-04-03,Nicole,Matched completion date,
NHR264-01-A,3-20 year,6_10yr,Nicole,2,0,1,0,1,2026,TRUE,2026-06-10,Nicole,Matched completion date,
NNF727-01-A,3-20 year,6_10yr,Nicole,1,0,0,0,0,2026,FALSE,,,Not complete,
NSQ870-01-A,6-35 month,12_23_month,Nicole,1,0,0,0,1,2026,TRUE,2026-05-08,Nicole,Matched completion date,
NVB331-01-A,3-20 year,6_10yr,Nicole,1,0,0,0,1,2026,TRUE,2026-04-28,Nicole,Matched completion date,
PHN877-01-A,3-20 year,6_10yr,Nicole,1,0,0,0,1,2026,TRUE,2026-07-16,Nicole,Matched completion date,
PHN877-02-A,6-35 month,12_23_month,Nicole,1,0,0,0,1,2026,TRUE,2026-04-06,Nicole,Matched completion date,
PLD055-01-A,6-35 month,12_23_month,Nicole,1,0,0,0,1,2026,TRUE,2026-06-29,Nicole,Matched completion date,
PND524-01-A,3-20 year,6_10yr,Nicole,1,0,0,0,1,2026,TRUE,2026-08-24,Nicole,Matched completion date,
PTN126-01-A,3-20 year,6_10yr,Nicole,6,0,1,4,1,2026,TRUE,2026-07-21,Nicole,Matched completion date,
PXV115-01-A,3-20 year,6_10yr,Nicole,1,0,0,0,1,2026,TRUE,2026-06-17,Nicole,Matched completion date,
QHF620-01-A,6-35 month,12_23_month,Nicole,1,0,0,0,1,2026,TRUE,2026-03-31,Nicole,Matched completion date,
QJJ178-01-A,3-20 year,6_10yr,Nicole,1,0,0,0,1,2026,TRUE,2026-07-16,Nicole,Matched completion date,
QQL383-01-A,6-35 month,12_23_month,Nicole,1,1,0,0,0,2026,FALSE,,,Not complete,
RDC147-01-A,6-35 month,12_23_month,Nicole,1,0,1,0,0,2026,FALSE,,,Not complete,
RGM456-01-A,3-20 year,6_10yr,Nicole,1,0,0,0,1,2026,TRUE,2026-04-27,Nicole,Matched completion date,
RMH180-01-A,6-35 month,12_23_month,Nicole,3,0,1,1,1,2026,TRUE,2026-06-04,Nicole,Matched completion date,
RRB727-01-A,6-35 month,12_23_month,Nicole,1,0,0,0,1,2026,TRUE,2026-09-15,Nicole,Matched completion date,
RVT795-01-A,3-20 year,6_10yr,Nicole,1,0,0,0,1,2026,TRUE,2026-08-25,Nicole,Matched completion date,
RZS580-01-A,6-35 month,12_23_month,Nicole,1,0,0,0,1,2026,TRUE,2026-04-04,Nicole,Matched completion date,
SBB001-01-A,3-20 year,6_10yr,Nicole,1,0,0,0,0,2026,FALSE,,,Not complete,
SBH525-01-A,6-35 month,12_23_month,Nicole,1,0,0,0,1,2026,TRUE,2026-04-18,Nicole,Latest same-age-band Calendly fallback,2026-04-28
SGS765-01-A,3-20 year,6_10yr,Nicole,1,0,0,0,1,2026,TRUE,2026-06-23,Nicole,Matched completion date,
SJJ920-01-A,3-20 year,6_10yr,Nicole,1,0,0,0,1,2026,TRUE,2026-08-31,Nicole,Matched completion date,
SKR563-01-A,3-20 year,6_10yr,Nicole,1,0,0,0,1,2026,TRUE,2026-06-23,Nicole,Matched completion date,
SPR662-01-A,3-20 year,6_10yr,Nicole,1,0,0,0,1,2026,TRUE,2026-03-26,Nicole,Matched completion date,
SSN103-01-A,3-20 year,6_10yr,Nicole,1,0,0,0,1,2026,TRUE,2026-04-03,Nicole,Matched completion date,
SYW884-01-A,6-35 month,12_23_month,Nicole,1,0,0,0,1,2026,TRUE,2026-09-03,Nicole,Matched completion date,
TDX359-01-A,6-35 month,12_23_month,Nicole,1,0,0,0,1,2026,TRUE,2026-04-27,Nicole,Matched completion date,
TLP747-01-A,3-20 year,6_10yr,Nicole,1,0,0,0,1,2026,TRUE,2026-03-11,Nicole,Matched completion date,
TMB738-01-A,3-20 year,6_10yr,Nicole,1,0,0,0,1,2026,TRUE,2026-05-15,Nicole,Matched completion date,
TNZ700-01-A,3-20 year,6_10yr,Nicole,1,0,0,0,1,2026,TRUE,2026-04-21,Nicole,Matched completion date,
TSC574-01-A,3-20 year,6_10yr,Nicole,3,0,2,0,1,2026,TRUE,2026-03-26,Nicole,Matched completion date,
TWT305-01-A,3-20 year,6_10yr,Nicole,1,0,0,0,1,2026,TRUE,2026-08-05,Nicole,Matched completion date,
VDW899-01-A,6-35 month,12_23_month,Nicole,2,0,2,0,0,2026,FALSE,,,Not complete,
VDW899-01-B,6-35 month,12_23_month,Nicole,2,0,2,0,0,2026,FALSE,,,Not complete,
VLQ825-01-A,6-35 month,12_23_month,Nicole,1,0,0,0,1,2026,TRUE,2026-07-15,Nicole,Matched completion date,
VLZ486-01-A,3-20 year,3_5yr,Nicole,1,0,0,0,0,2026,FALSE,,,Not complete,
VQX210-01-A,3-20 year,6_10yr,Nicole,4,0,0,3,1,2026,TRUE,2026-03-13,Nicole,Matched completion date,
VXC743-01-A,3-20 year,6_10yr,Nicole,1,0,0,0,1,2026,TRUE,2026-03-31,Nicole,Matched completion date,
WDS605-01-A,3-20 year,6_10yr,Nicole,1,0,0,0,1,2026,TRUE,2026-08-06,Nicole,Matched completion date,
WSG161-01-A,6-35 month,12_23_month,Nicole,1,0,0,0,1,2026,TRUE,2026-05-06,Nicole,Matched completion date,
WYR002-01-A,3-20 year,6_10yr,Nicole,1,0,0,0,1,2026,TRUE,2026-03-27,Nicole,Matched completion date,
XHP409-01-A,3-20 year,6_10yr,Nicole,3,0,1,1,1,2026,TRUE,2026-09-01,Nicole,Matched completion date,
XKQ019-01-A,6-35 month,12_23_month,Nicole,1,0,0,0,1,2026,TRUE,2026-05-15,Nicole,Matched completion date,
XQD155-01-A,3-20 year,6_10yr,Nicole,1,0,0,0,1,2026,TRUE,2026-06-29,Nicole,Matched completion date,
XSP178-01-A,6-35 month,12_23_month,Nicole,1,0,0,0,0,2026,FALSE,,,Not complete,
XTP134-01-A,3-20 year,6_10yr,Nicole,1,0,0,0,1,2026,TRUE,2026-03-30,Nicole,Matched completion date,
XXW639-01-A,3-20 year,6_10yr,Nicole,1,0,0,0,1,2026,TRUE,2026-03-27,Nicole,Matched completion date,
XYN414-01-A,6-35 month,12_23_month,Nicole,1,0,1,0,0,2026,FALSE,,,Not complete,
YDC739-01-A,3-20 year,6_10yr,Nicole,3,0,1,2,0,2026,FALSE,,,Not complete,
YJD781-01-A,3-20 year,6_10yr,Nicole,1,0,0,0,1,2026,TRUE,2026-03-30,Nicole,Matched completion date,
YMF346-01-A,6-35 month,12_23_month,Nicole,1,0,0,0,1,2026,TRUE,2026-03-25,Nicole,Latest same-age-band Calendly fallback,2026-04-06
YMP799-01-A,6-35 month,12_23_month,Nicole,1,0,0,0,1,2026,TRUE,2026-03-26,Nicole,Latest same-age-band Calendly fallback,2026-04-06
YND734-01-A,6-35 month,12_23_month,Nicole,1,0,0,0,1,2026,TRUE,2026-04-28,Nicole,Matched completion date,
ZND119-01-A,3-20 year,6_10yr,Nicole,1,0,0,0,1,2026,TRUE,2026-03-30,Nicole,Matched completion date,
ZQN091-01-A,6-35 month,6_11_month,Nicole,3,0,0,2,0,2026,FALSE,,,Not complete,
ZVV604-01-A,3-20 year,6_10yr,Nicole,1,0,0,0,1,2026,TRUE,2026-03-31,Nicole,Matched completion date,
ZVX302-01-A,3-20 year,6_10yr,Nicole,1,0,0,0,1,2026,TRUE,2026-06-22,Nicole,Matched completion date,
BKX774-01-B,3-20 year,11_17yr,Pending verification,0,0,0,0,1,2026,TRUE,2026-06-06,Pending verification,No same/previous-age-band booking in reporting or prior year,
HKY684-01-A,3-20 year,6_10yr,Pending verification,0,0,0,0,1,2026,TRUE,2026-07-15,Pending verification,No same/previous-age-band booking in reporting or prior year,
LPT526-01-A,3-20 year,3_5yr,Pending verification,0,0,0,0,1,2026,TRUE,2026-05-18,Pending verification,No same/previous-age-band booking in reporting or prior year,
VCT498-01-A,3-20 year,3_5yr,Pending verification,0,0,0,0,1,2026,TRUE,2026-07-29,Pending verification,No same/previous-age-band booking in reporting or prior year,
BGT851-01-A,3-20 year,6_10yr,Toye,1,0,0,0,1,2026,TRUE,2026-06-09,Toye,Matched completion date,
BZP492-01-A,3-20 year,3_5yr,Toye,2,0,0,2,0,2026,FALSE,,,Not complete,
CBW928-01-A,3-20 year,3_5yr,Toye,1,0,0,0,0,2026,FALSE,,,Not complete,
CBW928-01-A,3-20 year,6_10yr,Toye,0,0,0,0,1,2026,TRUE,2026-05-19,Toye,Previous-age-band completion-date match,
CKH175-01-A,3-20 year,6_10yr,Toye,1,0,1,0,0,2026,FALSE,,,Not complete,
CKV256-01-A,3-20 year,3_5yr,Toye,1,0,0,0,0,2026,FALSE,,,Not complete,
CKV256-01-A,3-20 year,6_10yr,Toye,2,0,0,2,1,2026,TRUE,2026-07-02,Toye,Latest same-age-band Calendly fallback,2026-08-18
CPS604-01-A,6-35 month,12_23_month,Toye,1,0,1,0,0,2026,FALSE,,,Not complete,
CSS863-01-A,3-20 year,6_10yr,Toye,1,0,0,0,1,2026,TRUE,2026-07-21,Toye,Matched completion date,
CXB725-01-A,6-35 month,12_23_month,Toye,4,1,2,1,1,2026,TRUE,2026-07-16,Toye,Latest same-age-band Calendly fallback,2026-09-01
DTQ848-01-A,6-35 month,12_23_month,Toye,1,0,0,1,0,2026,TRUE,2026-08-12,Andrew,Latest same-age-band Calendly fallback,2026-08-24
DYN462-01-A,3-20 year,3_5yr,Toye,1,0,1,0,0,2026,FALSE,,,Not complete,
FHJ625-01-A,3-20 year,6_10yr,Toye,1,0,0,0,1,2026,TRUE,2026-03-17,Toye,Matched completion date,
FTC406-01-A,3-20 year,3_5yr,Toye,1,0,0,0,1,2026,TRUE,2026-04-09,Toye,Matched completion date,
FYN107-01-A,3-20 year,3_5yr,Toye,1,0,0,0,1,2026,TRUE,2026-05-20,Toye,Matched completion date,
GCP510-02-A,3-20 year,3_5yr,Toye,1,0,1,0,0,2026,TRUE,2026-08-31,Kowlini,Matched completion date,
GDY251-01-A,3-20 year,3_5yr,Toye,1,1,0,0,0,2026,FALSE,,,Not complete,
GYQ941-01-A,3-20 year,6_10yr,Toye,1,0,0,0,1,2026,TRUE,2026-07-15,Toye,Matched completion date,
HRF525-01-A,3-20 year,11_17yr,Toye,2,0,0,1,1,2026,TRUE,2026-08-23,Toye,Matched completion date,
HSD339-01-A,3-20 year,3_5yr,Toye,1,0,0,0,0,2026,FALSE,,,Not complete,
HSD339-01-A,3-20 year,6_10yr,Toye,0,0,0,0,1,2026,TRUE,2026-04-30,Toye,Previous-age-band completion-date match,
HSX501-01-A,3-20 year,6_10yr,Toye,1,0,0,0,1,2026,TRUE,2026-09-02,Toye,Matched completion date,
JFP288-01-A,3-20 year,6_10yr,Toye,1,1,0,0,0,2026,FALSE,,,Not complete,
KCT927-01-A,3-20 year,3_5yr,Toye,1,0,0,0,0,2026,FALSE,,,Not complete,
KCT927-01-A,3-20 year,6_10yr,Toye,0,0,0,0,1,2026,TRUE,2026-07-01,Toye,Previous-age-band completion-date match,
KLK075-01-A,3-20 year,3_5yr,Toye,1,0,0,0,1,2026,TRUE,2026-07-26,Toye,Matched completion date,
KRC117-01-A,3-20 year,6_10yr,Toye,1,0,1,0,1,2026,TRUE,2026-07-16,Toye,Latest same-age-band Calendly fallback,2026-07-14
KZC694-01-A,3-20 year,6_10yr,Toye,1,0,0,0,1,2026,TRUE,2026-07-01,Toye,Matched completion date,
LBG473-01-A,3-20 year,3_5yr,Toye,1,0,0,0,0,2026,FALSE,,,Not complete,
LBG473-01-A,3-20 year,6_10yr,Toye,0,0,0,0,1,2026,TRUE,2026-04-14,Toye,Previous-age-band completion-date match,
LSV069-01-A,3-20 year,6_10yr,Toye,1,0,1,0,0,2026,FALSE,,,Not complete,
LVR036-01-A,3-20 year,6_10yr,Toye,1,0,0,0,1,2026,TRUE,2026-07-21,Toye,Matched completion date,
LYC422-01-A,3-20 year,3_5yr,Toye,4,1,0,1,1,2026,TRUE,2026-08-04,Toye,Matched completion date,
LZQ650-01-A,6-35 month,12_23_month,Toye,1,0,0,0,0,2026,FALSE,,,Not complete,
MBB404-01-A,3-20 year,3_5yr,Toye,1,0,0,0,1,2026,TRUE,2026-07-29,Toye,Matched completion date,
MBS013-01-A,3-20 year,3_5yr,Toye,2,1,1,0,0,2026,FALSE,,,Not complete,
MFB544-01-A,3-20 year,6_10yr,Toye,1,0,0,1,0,2026,FALSE,,,Not complete,
MFH216-01-A,3-20 year,6_10yr,Toye,2,0,0,1,1,2026,TRUE,2026-08-16,Toye,Matched completion date,
MNN095-01-A,3-20 year,6_10yr,Toye,0,0,0,0,1,2026,TRUE,2026-06-16,Toye,Latest same-age-band Calendly fallback,2025-10-09
MXB539-01-A,3-20 year,6_10yr,Toye,1,0,0,0,0,2026,FALSE,,,Not complete,
NCG882-01-A,6-35 month,12_23_month,Toye,1,0,0,1,0,2026,TRUE,2026-08-11,Andrew,Latest same-age-band Calendly fallback,2026-08-24
NDN427-01-A,3-20 year,6_10yr,Toye,3,0,1,2,0,2026,FALSE,,,Not complete,
NRK711-01-A,3-20 year,6_10yr,Toye,3,0,0,2,1,2026,TRUE,2026-05-03,Toye,Matched completion date,
NZV696-01-A,3-20 year,3_5yr,Toye,1,1,0,0,0,2026,FALSE,,,Not complete,
PMY376-01-A,3-20 year,6_10yr,Toye,1,0,0,0,1,2026,TRUE,2026-09-30,Toye,Matched completion date,
PXZ071-01-A,3-20 year,3_5yr,Toye,1,0,1,0,0,2026,FALSE,,,Not complete,
QGX254-01-A,3-20 year,3_5yr,Toye,1,0,0,0,1,2026,TRUE,2026-08-19,Toye,Matched completion date,
QHC467-01-A,3-20 year,6_10yr,Toye,1,0,0,0,1,2026,TRUE,2026-07-07,Toye,Matched completion date,
QHM041-01-A,3-20 year,6_10yr,Toye,1,0,0,0,1,2026,TRUE,2026-03-29,Toye,Matched completion date,
QMG495-01-A,3-20 year,3_5yr,Toye,1,0,0,1,0,2026,TRUE,2026-08-11,Andrew,Latest same-age-band Calendly fallback,2026-08-24
QNB666-01-A,3-20 year,3_5yr,Toye,1,1,0,0,0,2026,FALSE,,,Not complete,
QRK467-01-M,3-20 year,6_10yr,Toye,1,0,1,0,1,2026,TRUE,2026-07-26,Toye,Latest same-age-band Calendly fallback,2026-07-22
QRK467-01-N,3-20 year,6_10yr,Toye,1,0,0,0,1,2026,TRUE,2026-07-26,Toye,Matched completion date,
QZD360-01-A,3-20 year,6_10yr,Toye,1,0,1,0,1,2026,TRUE,2026-09-01,Toye,Latest same-age-band Calendly fallback,2026-09-01
RCJ118-01-A,3-20 year,3_5yr,Toye,1,0,1,0,0,2026,FALSE,,,Not complete,
RWP288-01-A,3-20 year,3_5yr,Toye,2,1,0,0,1,2026,TRUE,2026-06-03,Toye,Matched completion date,
SSX741-01-A,3-20 year,6_10yr,Toye,1,0,0,1,0,2026,TRUE,2026-07-29,Breanna,Matched completion date,
SYJ996-01-M,3-20 year,6_10yr,Toye,2,0,0,1,1,2026,TRUE,2026-04-01,Toye,Matched completion date,
SYJ996-01-N,3-20 year,6_10yr,Toye,1,0,0,0,1,2026,TRUE,2026-04-01,Toye,Matched completion date,
TKF056-01-A,3-20 year,6_10yr,Toye,1,1,0,0,0,2026,FALSE,,,Not complete,
TPN036-01-A,3-20 year,3_5yr,Toye,1,0,0,0,0,2026,FALSE,,,Not complete,
TPN036-01-A,3-20 year,6_10yr,Toye,0,0,0,0,1,2026,TRUE,2026-04-28,Toye,Previous-age-band completion-date match,
TQW993-01-A,3-20 year,3_5yr,Toye,2,0,1,1,0,2026,TRUE,2026-08-23,Andrew,Matched completion date,
VBK954-01-A,3-20 year,6_10yr,Toye,1,0,0,0,1,2026,TRUE,2026-04-02,Toye,Matched completion date,
VKG640-01-A,3-20 year,3_5yr,Toye,1,0,0,1,0,2026,TRUE,2026-09-04,Andrew,Matched completion date,
VMF570-01-A,3-20 year,6_10yr,Toye,1,0,0,0,1,2026,TRUE,2026-06-16,Toye,Matched completion date,
VNC365-01-A,3-20 year,3_5yr,Toye,2,0,0,1,1,2026,TRUE,2026-04-21,Toye,Matched completion date,
VWP009-01-A,3-20 year,6_10yr,Toye,1,0,0,0,1,2026,TRUE,2026-06-07,Toye,Matched completion date,
VXN541-01-A,3-20 year,6_10yr,Toye,1,0,0,0,1,2026,TRUE,2026-08-05,Toye,Matched completion date,
WDM136-01-A,3-20 year,3_5yr,Toye,1,0,1,0,0,2026,FALSE,,,Not complete,
WFB144-01-A,3-20 year,3_5yr,Toye,1,0,0,0,0,2026,FALSE,,,Not complete,
WFB144-01-A,3-20 year,6_10yr,Toye,0,0,0,0,1,2026,TRUE,2026-03-29,Toye,Previous-age-band completion-date match,
WFY450-01-A,3-20 year,6_10yr,Toye,1,0,0,0,1,2026,TRUE,2026-04-26,Toye,Matched completion date,
WKB507-01-A,3-20 year,6_10yr,Toye,1,0,0,0,1,2026,TRUE,2026-03-31,Toye,Matched completion date,
WTX564-01-A,3-20 year,6_10yr,Toye,2,0,0,1,1,2026,TRUE,2026-08-18,Toye,Matched completion date,
XMR094-01-A,3-20 year,3_5yr,Toye,1,0,0,0,1,2026,TRUE,2026-06-10,Toye,Matched completion date,
XTH804-01-A,3-20 year,6_10yr,Toye,1,0,0,0,1,2026,TRUE,2026-07-07,Toye,Matched completion date,
XYW274-01-A,3-20 year,6_10yr,Toye,1,0,0,0,1,2026,TRUE,2026-06-18,Toye,Latest same-age-band Calendly fallback,2026-06-17
YGQ976-01-A,6-35 month,12_23_month,Toye,1,0,1,0,0,2026,FALSE,,,Not complete,
YLV944-01-A,3-20 year,6_10yr,Toye,1,0,0,0,1,2026,TRUE,2026-03-31,Toye,Matched completion date,
YNZ445-01-A,3-20 year,6_10yr,Toye,3,2,0,0,0,2026,FALSE,,,Not complete,
YWZ529-01-A,3-20 year,6_10yr,Toye,2,0,0,1,1,2026,TRUE,2026-05-14,Toye,Matched completion date,
YYJ169-01-A,3-20 year,11_17yr,Toye,0,0,0,0,1,2026,TRUE,2026-03-19,Toye,Previous-age-band completion-date match,
YYJ169-01-A,3-20 year,6_10yr,Toye,1,0,0,0,0,2026,FALSE,,,Not complete,
ZFP512-01-A,3-20 year,3_5yr,Toye,1,0,0,0,1,2026,TRUE,2026-05-19,Toye,Matched completion date,
ZHQ218-01-A,3-20 year,6_10yr,Toye,3,1,0,1,1,2026,TRUE,2026-06-03,Toye,Matched completion date,
ZHX342-01-A,3-20 year,3_5yr,Toye,1,0,0,0,1,2026,TRUE,2026-04-22,Toye,Matched completion date,
ZRD863-01-A,3-20 year,3_5yr,Toye,1,0,0,0,1,2026,TRUE,2026-05-14,Toye,Matched completion date,
ZVQ878-01-A,3-20 year,3_5yr,Toye,1,0,0,0,1,2026,TRUE,2026-08-05,Toye,Matched completion date,
