Participant ID,Participant Cohort,IPA Age Band,FTM,Appointment Count,No-show Count,Cancel Count,Reschedule Count,Complete Count,IPA Year,IPA Complete,Completion Date,Completion FTM,Completion Attribution,firstName,lastName
CGT416-01-A,3-20 year,11_17yr,Amy,1,0,0,0,1,2026,TRUE,2026-03-13,Amy,Matched completion date,Emilia,Boortz
CLX467-01-A,3-20 year,6_10yr,Amy,1,0,0,0,1,2026,TRUE,2026-09-22,Amy,Matched completion date,Julian,King-Burns
CRN594-01-A,3-20 year,11_17yr,Amy,1,0,0,0,1,2026,TRUE,2026-04-15,Amy,Matched completion date,Karizma,Scott
DRW841-01-A,3-20 year,11_17yr,Amy,1,0,0,0,1,2026,TRUE,2026-05-10,Amy,Matched completion date,Jude,Calley
FNS996-01-A,3-20 year,11_17yr,Amy,1,0,0,0,1,2026,TRUE,2026-08-26,Amy,Matched completion date,Tristan,Gallagher
HBX436-01-A,3-20 year,11_17yr,Amy,1,0,0,0,1,2026,TRUE,2026-08-06,Amy,Matched completion date,Emillio,Rodriguez
HJC838-01-A,3-20 year,6_10yr,Amy,1,0,0,0,1,2026,TRUE,2026-08-26,Amy,Matched completion date,Nelia,Richardson
HYP683-01-A,3-20 year,11_17yr,Amy,1,0,0,0,1,2026,TRUE,2026-08-02,Amy,Matched completion date,Sha`Qira,Lee
JMR655-01-A,3-20 year,6_10yr,Amy,1,0,0,0,0,2026,FALSE,,,Not complete,Summer,Sanders
JQF218-01-A,3-20 year,11_17yr,Amy,1,0,0,0,1,2026,TRUE,2026-05-20,Amy,Matched completion date,Fernando,Bustillos
JQZ496-01-A,3-20 year,11_17yr,Amy,1,0,1,0,0,2026,TRUE,2026-07-24,Jo,Matched completion date,Regan,Adams
JTC719-01-A,3-20 year,11_17yr,Amy,1,0,0,0,1,2026,TRUE,2026-05-26,Amy,Matched completion date,Diesel,Bearden
KPJ294-01-A,3-20 year,11_17yr,Amy,1,0,0,0,1,2026,TRUE,2026-07-28,Amy,Matched completion date,Grace,Akley
KPV565-01-A,3-20 year,11_17yr,Amy,1,0,0,0,1,2026,TRUE,2026-05-10,Amy,Matched completion date,Veronica,Polischuk
MQM950-01-A,3-20 year,11_17yr,Amy,2,0,0,2,0,2026,TRUE,2026-10-03,Jo,Matched completion date,Elijah,LaGarde
NGX536-01-A,3-20 year,6_10yr,Amy,1,0,0,0,1,2026,TRUE,2026-08-19,Amy,Matched completion date,Astrid,Pfeifer-Lindberg
PDV195-01-A,3-20 year,11_17yr,Amy,1,0,1,0,0,2026,FALSE,,,Not complete,Sanyaa,Jackson-Young
QFN151-01-A,3-20 year,6_10yr,Amy,1,0,0,0,1,2026,TRUE,2026-06-07,Amy,Matched completion date,Cassie,Salame
QHJ854-01-A,3-20 year,11_17yr,Amy,1,0,1,0,0,2026,TRUE,2026-09-29,Jo,Matched completion date,Delvon,Robinson
QRD285-01-A,3-20 year,11_17yr,Amy,1,0,0,0,1,2026,TRUE,2026-09-02,Amy,Matched completion date,Mi`Yaina,Davis
QYF906-01-A,3-20 year,6_10yr,Amy,1,0,0,0,1,2026,TRUE,2026-08-02,Amy,Matched completion date,Lillian,Keen
QZP255-01-A,3-20 year,6_10yr,Amy,1,0,0,0,1,2026,TRUE,2026-08-19,Amy,Matched completion date,Amelia,Herald
RDJ491-01-A,3-20 year,11_17yr,Amy,1,0,1,0,0,2026,FALSE,,,Not complete,Aubrianah,Clayborn
RMX477-01-A,3-20 year,6_10yr,Amy,1,1,0,0,0,2026,FALSE,,,Not complete,Payton,Brown
RPS818-01-A,3-20 year,6_10yr,Amy,1,0,0,0,1,2026,TRUE,2026-09-20,Amy,Matched completion date,Zayn,Rodgers
RWC339-01-M,3-20 year,11_17yr,Amy,1,0,0,0,1,2026,TRUE,2026-05-12,Amy,Matched completion date,Jseth,Beech
RWR771-01-A,3-20 year,11_17yr,Amy,1,0,0,0,1,2026,TRUE,2026-09-16,Amy,Matched completion date,Arianna,Dehoff
SDT653-01-A,3-20 year,6_10yr,Amy,1,0,1,0,0,2026,TRUE,2026-08-27,Andrew,Matched completion date,Hannah,Prussack
SZF435-01-A,3-20 year,11_17yr,Amy,1,0,0,0,1,2026,TRUE,2026-09-01,Amy,Matched completion date,Akayla,Malone
TGD969-01-A,3-20 year,11_17yr,Amy,1,0,0,0,1,2026,TRUE,2026-04-07,Amy,Matched completion date,Trevinn,Eagle
TGY183-01-A,3-20 year,6_10yr,Amy,1,0,0,0,0,2026,FALSE,,,Not complete,Pantera,Wilkins
THL624-01-A,3-20 year,11_17yr,Amy,2,0,0,2,0,2026,TRUE,2026-07-12,Cassie,Matched completion date,Sergio,Flores
TQW013-01-A,3-20 year,11_17yr,Amy,1,0,0,0,1,2026,TRUE,2026-05-05,Amy,Matched completion date,Aubrey,Montgomery
TXF197-01-A,3-20 year,6_10yr,Amy,1,0,0,0,1,2026,TRUE,2026-04-12,Amy,Matched completion date,Kian,Hahn
TYJ533-01-A,3-20 year,11_17yr,Amy,1,0,0,0,1,2026,TRUE,2026-06-10,Amy,Matched completion date,Raanan,Baker
VBZ802-01-A,3-20 year,11_17yr,Amy,1,0,1,0,0,2026,FALSE,,,Not complete,Justice,Arnold
VCK629-01-A,3-20 year,6_10yr,Amy,1,0,0,0,1,2026,TRUE,2026-09-20,Amy,Matched completion date,Esmeralda,Paniagua
VKP009-01-A,3-20 year,11_17yr,Amy,1,0,1,0,0,2026,FALSE,,,Not complete,Thomas,Sickels
VZB638-01-A,3-20 year,11_17yr,Amy,1,0,1,0,0,2026,TRUE,2026-08-16,Pending verification,No eligible host on completion date,A'Mya,Ross
VZB638-02-A,3-20 year,11_17yr,Amy,1,0,1,0,0,2026,TRUE,2026-08-16,Cassie,Matched completion date,Ah`Rhia,Ross
WGJ956-01-A,3-20 year,11_17yr,Amy,1,0,0,0,1,2026,TRUE,2026-07-28,Amy,Matched completion date,Adrian,Davies
WKR328-01-A,3-20 year,11_17yr,Amy,1,0,0,0,1,2026,TRUE,2026-03-13,Amy,Matched completion date,Joseph,Aguirre
WMX146-01-A,3-20 year,11_17yr,Amy,1,0,1,0,0,2026,FALSE,,,Not complete,Christian,Brogden
WVD031-01-A,3-20 year,6_10yr,Amy,1,0,0,0,1,2026,TRUE,2026-09-02,Amy,Matched completion date,EMMA,WALLACE
XFN825-01-A,3-20 year,11_17yr,Amy,1,0,0,0,1,2026,TRUE,2026-09-22,Amy,Matched completion date,Cori,Mixon
YWL484-01-A,3-20 year,11_17yr,Amy,1,0,1,0,0,2026,FALSE,,,Not complete,Antonio,Waller
ZDZ857-01-A,3-20 year,6_10yr,Amy,1,0,0,0,1,2026,TRUE,2026-05-26,Amy,Matched completion date,Lucas,Rahn
BJH083-01-A,3-20 year,6_10yr,Andrew,3,0,3,0,0,2026,FALSE,,,Not complete,Austin,Early
BPT625-01-A,3-20 year,6_10yr,Andrew,1,0,0,0,1,2026,TRUE,2026-08-03,Andrew,Matched completion date,Rocco,Nagel
BRL402-01-A,6-35 month,12_23_month,Andrew,1,0,0,0,1,2026,TRUE,2026-09-17,Andrew,Matched completion date,Sadie,Arnold-Reosti
BZP492-01-A,3-20 year,3_5yr,Andrew,2,0,0,1,0,2026,FALSE,,,Not complete,Oliver,Cardona
CLP827-01-A,3-20 year,6_10yr,Andrew,4,0,1,2,0,2026,FALSE,,,Not complete,Jayla,Kendricks
CRB612-01-A,3-20 year,3_5yr,Andrew,3,0,0,2,1,2026,TRUE,2026-09-10,Andrew,Matched completion date,Madison,Morris
CWR588-01-A,3-20 year,6_10yr,Andrew,2,0,0,1,1,2026,TRUE,2026-08-27,Andrew,Matched completion date,Chaz,Eastman
CZX484-01-A,3-20 year,6_10yr,Andrew,1,1,0,0,0,2026,FALSE,,,Not complete,Gionni,Dickerson
DNW140-01-A,3-20 year,6_10yr,Andrew,1,0,0,0,1,2026,TRUE,2026-09-01,Andrew,Matched completion date,Brayden,Meeuwes
DQZ583-01-A,3-20 year,3_5yr,Andrew,1,0,0,0,0,2026,FALSE,,,Not complete,Damiko,Lawson
DTQ848-01-A,6-35 month,12_23_month,Andrew,1,0,1,0,0,2026,TRUE,2026-08-12,Pending verification,No eligible host on completion date,Damon,Hogan
FYC718-01-A,3-20 year,3_5yr,Andrew,1,0,0,0,1,2026,TRUE,2026-07-31,Andrew,Matched completion date,EMILIA,NOWOSATKO
FYG871-01-A,3-20 year,6_10yr,Andrew,1,1,0,0,0,2026,FALSE,,,Not complete,Messiah,Barber
GBB029-01-A,3-20 year,6_10yr,Andrew,1,0,0,0,1,2026,TRUE,2026-09-17,Andrew,Matched completion date,Reign,Threlkeld
GHR496-01-A,3-20 year,6_10yr,Andrew,1,0,0,0,1,2026,TRUE,2026-09-04,Andrew,Matched completion date,Chloe,Ross
GRM073-01-A,6-35 month,12_23_month,Andrew,2,0,1,1,0,2026,FALSE,,,Not complete,Messiah,Hayden
GVZ320-01-A,3-20 year,6_10yr,Andrew,1,0,0,0,1,2026,TRUE,2026-08-11,Andrew,Matched completion date,Robin,Harris-Jacks
HMP017-01-A,3-20 year,6_10yr,Andrew,1,0,0,0,0,2026,FALSE,,,Not complete,Asher,Biernat
HMP636-01-A,3-20 year,6_10yr,Andrew,1,0,0,0,1,2026,TRUE,2026-08-03,Andrew,Matched completion date,Ava,Laurie
JFG039-01-A,3-20 year,6_10yr,Andrew,1,0,0,0,1,2026,TRUE,2026-09-20,Andrew,Matched completion date,Bryce,Brown
JKF839-01-A,3-20 year,6_10yr,Andrew,1,0,0,0,1,2026,TRUE,2026-08-05,Andrew,Matched completion date,Lila,Muthuswami
JTV110-01-A,3-20 year,3_5yr,Andrew,1,0,0,0,1,2026,TRUE,2026-09-19,Andrew,Matched completion date,Aydrian,Miller
JVW695-01-A,3-20 year,3_5yr,Andrew,1,0,0,0,1,2026,TRUE,2026-08-11,Andrew,Matched completion date,Brielle,Kilbourne
JWP176-01-A,3-20 year,6_10yr,Andrew,1,0,0,0,1,2026,TRUE,2026-10-02,Andrew,Matched completion date,Coby,English
JYP178-01-A,3-20 year,3_5yr,Andrew,1,1,0,0,0,2026,FALSE,,,Not complete,Nyla,Love
JYP178-01-N,3-20 year,3_5yr,Andrew,1,1,0,0,0,2026,FALSE,,,Not complete,Noelle,Love
JZP660-01-A,3-20 year,3_5yr,Andrew,1,1,0,0,0,2026,FALSE,,,Not complete,Peace,Vinson
KSZ066-01-A,3-20 year,6_10yr,Andrew,2,0,0,1,1,2026,TRUE,2026-09-19,Andrew,Matched completion date,Aa'Layah,Wilkes
LMR839-01-A,3-20 year,3_5yr,Andrew,1,0,0,0,1,2026,TRUE,2026-08-31,Andrew,Matched completion date,AMIRA,LAWRENCE-HUNT
LYY018-01-A,3-20 year,6_10yr,Andrew,1,0,0,0,0,2026,FALSE,,,Not complete,Octavia,Fultz
LZJ787-01-A,3-20 year,3_5yr,Andrew,1,1,0,0,0,2026,FALSE,,,Not complete,Ivoree,Russell
MFB544-01-A,3-20 year,6_10yr,Andrew,3,0,1,2,0,2026,FALSE,,,Not complete,Naisha,Narula
MPX757-01-A,3-20 year,3_5yr,Andrew,2,0,0,1,0,2026,FALSE,,,Not complete,Colt,OHare
MXB539-01-A,3-20 year,6_10yr,Andrew,1,0,0,1,0,2026,FALSE,,,Not complete,Reighan,Gary
NCG882-01-A,6-35 month,12_23_month,Andrew,1,0,1,0,0,2026,TRUE,2026-08-11,Pending verification,No eligible host on completion date,Jeremy,Justice
NDN427-01-A,3-20 year,6_10yr,Andrew,1,0,1,0,0,2026,FALSE,,,Not complete,Zeke,Gagacki
NDX702-01-A,3-20 year,3_5yr,Andrew,1,0,0,0,1,2026,TRUE,2026-07-26,Andrew,Matched completion date,EYAD,HATEM
PBC879-01-A,3-20 year,6_10yr,Andrew,1,0,0,0,1,2026,TRUE,2026-10-04,Andrew,Matched completion date,Edith,Smolenski
PPK451-01-A,3-20 year,3_5yr,Andrew,1,0,1,0,0,2026,FALSE,,,Not complete,JAXON,RHOADS
QHG535-01-A,3-20 year,6_10yr,Andrew,3,1,1,0,1,2026,TRUE,2026-09-30,Andrew,Matched completion date,Javonte,Smith
QMG495-01-A,3-20 year,3_5yr,Andrew,1,0,1,0,0,2026,TRUE,2026-08-11,Pending verification,No eligible host on completion date,Veyda,Turner
QPF716-01-A,3-20 year,3_5yr,Andrew,2,2,0,0,0,2026,FALSE,,,Not complete,William,Thorne
QTQ022-01-A,3-20 year,6_10yr,Andrew,1,0,1,0,0,2026,TRUE,2026-09-21,Kowlini,Matched completion date,Scarlet,Young
RCJ118-01-A,3-20 year,3_5yr,Andrew,3,1,0,1,0,2026,FALSE,,,Not complete,Kendrick,Moore-Roberts
RQS085-01-A,3-20 year,3_5yr,Andrew,1,1,0,0,0,2026,FALSE,,,Not complete,Bella,Moye
RQY432-01-A,3-20 year,3_5yr,Andrew,1,0,0,0,1,2026,TRUE,2026-08-10,Andrew,Matched completion date,THEODORE,GREER
RYB389-01-A,3-20 year,3_5yr,Andrew,1,0,0,0,1,2026,TRUE,2026-09-28,Andrew,Matched completion date,GREYSON,NICAISE
RYB389-01-N,3-20 year,3_5yr,Andrew,1,0,0,0,1,2026,TRUE,2026-09-28,Andrew,Matched completion date,WALKER,NICAISE
RYF448-01-A,3-20 year,6_10yr,Andrew,1,0,1,0,0,2026,FALSE,,,Not complete,James,Burns
SDT653-01-A,3-20 year,6_10yr,Andrew,1,0,0,0,1,2026,TRUE,2026-08-27,Andrew,Matched completion date,Hannah,Prussack
TQW993-01-A,3-20 year,3_5yr,Andrew,1,0,0,0,1,2026,TRUE,2026-08-23,Andrew,Matched completion date,Khamari,Gates
TTG223-01-A,3-20 year,6_10yr,Andrew,1,0,0,0,1,2026,TRUE,2026-07-30,Andrew,Matched completion date,Riker,Donn
VKF111-01-A,3-20 year,3_5yr,Andrew,1,0,0,0,1,2026,TRUE,2026-09-22,Andrew,Matched completion date,Ike,Spence
VKG640-01-A,3-20 year,3_5yr,Andrew,1,0,0,0,1,2026,TRUE,2026-09-04,Andrew,Matched completion date,Rhylee,Regains
WGX824-01-A,3-20 year,6_10yr,Andrew,1,0,0,0,1,2026,TRUE,2026-07-24,Andrew,Matched completion date,Joshua,Stinson
XGT908-01-A,3-20 year,3_5yr,Andrew,1,0,1,0,0,2026,FALSE,,,Not complete,Kruz,Banks
XSQ553-01-A,3-20 year,3_5yr,Andrew,1,0,0,0,1,2026,TRUE,2026-09-29,Andrew,Matched completion date,Ella,Wilson
YGB645-01-A,3-20 year,3_5yr,Andrew,2,0,0,1,1,2026,TRUE,2026-08-13,Andrew,Matched completion date,Zimri,King
YNZ445-01-A,3-20 year,6_10yr,Andrew,3,2,0,1,0,2026,FALSE,,,Not complete,Ja'kobe,Taylor
ZGB387-01-A,3-20 year,6_10yr,Andrew,4,1,0,2,0,2026,FALSE,,,Not complete,Khalil,Riggins
ZZZ654-01-A,3-20 year,6_10yr,Andrew,1,0,0,0,1,2026,TRUE,2026-08-08,Andrew,Matched completion date,Mallory,Mousel
BBB555-01-A,3-20 year,3_5yr,Anna,1,0,0,0,1,2026,TRUE,2026-04-27,Anna,Matched completion date,Brynlee,Astfalk
BKV315-01-A,3-20 year,11_17yr,Anna,1,0,0,0,1,2026,TRUE,2026-05-12,Anna,Matched completion date,Amanda,Simmons
BNH325-01-A,3-20 year,3_5yr,Anna,4,0,0,3,1,2026,TRUE,2026-07-02,Anna,Matched completion date,Braylen,Jones
DLC442-01-A,3-20 year,3_5yr,Anna,1,0,0,0,1,2026,TRUE,2026-07-07,Anna,Matched completion date,Isaiah,Galvez
GFK818-01-A,3-20 year,3_5yr,Anna,1,0,0,0,1,2026,TRUE,2026-05-14,Anna,Matched completion date,Emoni,Evans
GFP154-01-A,3-20 year,6_10yr,Anna,1,0,0,0,1,2026,TRUE,2026-08-10,Anna,Matched completion date,Noah,Williams
GKZ718-01-A,3-20 year,3_5yr,Anna,1,0,0,0,1,2026,TRUE,2026-04-30,Anna,Matched completion date,Willem,Kadau
HTW595-01-A,3-20 year,3_5yr,Anna,1,0,0,0,1,2026,TRUE,2026-06-03,Anna,Matched completion date,James,Petersen
HXK737-01-A,3-20 year,3_5yr,Anna,1,0,0,0,1,2026,TRUE,2026-08-10,Anna,Matched completion date,Kai,MacDonald
JDH761-01-A,3-20 year,3_5yr,Anna,1,0,0,0,1,2026,TRUE,2026-04-21,Anna,Matched completion date,Beaux,LaCoy
KFH643-01-A,3-20 year,3_5yr,Anna,1,0,0,0,1,2026,TRUE,2026-07-27,Anna,Matched completion date,Jordan,Pryor
KJR698-01-A,3-20 year,3_5yr,Anna,2,0,0,1,1,2026,TRUE,2026-05-01,Anna,Matched completion date,Ava,Hanko
LSZ581-01-A,3-20 year,3_5yr,Anna,1,0,0,0,1,2026,TRUE,2026-05-04,Anna,Matched completion date,Madelyn,Jolman
LXZ862-01-A,3-20 year,3_5yr,Anna,2,0,0,1,0,2026,TRUE,2026-08-11,Pending verification,No eligible host on completion date,Collins,Mansfield
MHS537-01-A,3-20 year,3_5yr,Anna,1,0,0,0,0,2026,FALSE,,,Not complete,Samuel,Neuhoff
MLW298-01-A,3-20 year,3_5yr,Anna,2,0,0,1,0,2026,TRUE,2026-07-15,Pending verification,No eligible host on completion date,Lucy,Lockwood
QLS775-01-A,3-20 year,3_5yr,Anna,1,0,0,0,0,2026,TRUE,2026-06-29,Pending verification,No eligible host on completion date,Ethan,Grooters
QTN450-01-A,3-20 year,3_5yr,Anna,1,0,0,0,1,2026,TRUE,2026-07-07,Anna,Matched completion date,Knox,Bakker
QWF984-01-A,3-20 year,11_17yr,Anna,2,0,0,1,1,2026,TRUE,2026-07-27,Anna,Matched completion date,Jason,Walker
SJZ725-01-A,3-20 year,6_10yr,Anna,2,1,0,1,0,2026,FALSE,,,Not complete,Aurora,Johnson
SKD083-01-A,3-20 year,3_5yr,Anna,1,0,0,0,1,2026,TRUE,2026-05-14,Anna,Matched completion date,Aiden,Leefers
STZ858-01-A,3-20 year,3_5yr,Anna,1,0,0,0,1,2026,TRUE,2026-05-27,Anna,Matched completion date,Cooper,Omiljan
VDF655-01-A,3-20 year,3_5yr,Anna,1,0,1,0,0,2026,FALSE,,,Not complete,Eloise,Hayden
VDW156-01-A,3-20 year,3_5yr,Anna,2,0,0,0,1,2026,TRUE,2026-05-22,Anna,Matched completion date,Christian,Bernardino
VLD311-01-A,3-20 year,3_5yr,Anna,2,0,0,1,1,2026,TRUE,2026-05-01,Anna,Matched completion date,Raegan,Helgevold
VRN902-01-A,3-20 year,3_5yr,Anna,1,0,0,0,0,2026,TRUE,2026-07-15,Pending verification,No eligible host on completion date,Eric,Roessler
WGH698-01-A,3-20 year,3_5yr,Anna,1,0,0,0,1,2026,TRUE,2026-07-28,Anna,Matched completion date,Josephine,Sheldon
WLB161-01-A,3-20 year,6_10yr,Anna,1,0,0,0,1,2026,TRUE,2026-06-17,Anna,Matched completion date,Molly,Mason
XTR824-01-A,3-20 year,3_5yr,Anna,1,0,0,0,1,2026,TRUE,2026-05-22,Anna,Matched completion date,Ezekiel,Bryson
YDW028-01-A,3-20 year,3_5yr,Anna,1,0,0,0,1,2026,TRUE,2026-05-12,Anna,Matched completion date,Jovie,Whitting
YNQ580-01-A,3-20 year,3_5yr,Anna,4,0,0,3,1,2026,TRUE,2026-05-29,Anna,Matched completion date,Olivia,Westra
YWZ475-01-A,3-20 year,3_5yr,Anna,1,0,0,0,1,2026,TRUE,2026-06-05,Anna,Matched completion date,Logan,Hrit
ZCR636-01-A,6-35 month,3_5yr,Anna,2,0,0,1,0,2026,FALSE,,,Not complete,Ellie,Peake
CSS863-02-A,6-35 month,12_23_month,Breanna,1,0,0,0,1,2026,TRUE,2026-06-16,Breanna,Matched completion date,Zariyah,Dobbins
CXB725-01-A,6-35 month,12_23_month,Breanna,1,1,0,0,0,2026,TRUE,2026-07-16,Pending verification,No eligible host on completion date,Nyrie,Young-Montgomery
JQN133-01-A,6-35 month,12_23_month,Breanna,1,0,0,0,1,2026,TRUE,2026-07-27,Breanna,Matched completion date,Axel,Gribble
KJR619-01-A,6-35 month,12_23_month,Breanna,1,0,0,1,0,2026,TRUE,2026-08-26,Kowlini,Matched completion date,Ariyah,Johnson
QKS362-01-A,3-20 year,6_10yr,Breanna,1,1,0,0,0,2026,FALSE,,,Not complete,Hailey,Ives
SSX741-01-A,3-20 year,6_10yr,Breanna,1,0,0,0,1,2026,TRUE,2026-07-29,Breanna,Matched completion date,Aiden,Allen
TKY175-01-A,3-20 year,6_10yr,Breanna,1,0,0,0,1,2026,TRUE,2026-07-27,Breanna,Matched completion date,Parker,Jones
ZZZ654-01-A,3-20 year,6_10yr,Breanna,1,0,0,1,0,2026,TRUE,2026-08-08,Andrew,Matched completion date,Mallory,Mousel
CRN594-01-A,3-20 year,11_17yr,Cassie,1,0,1,0,0,2026,TRUE,2026-04-15,Amy,Matched completion date,Karizma,Scott
CSG043-01-A,3-20 year,11_17yr,Cassie,2,0,0,1,1,2026,TRUE,2026-07-20,Cassie,Matched completion date,Olivia,Davis
DWB641-01-A,3-20 year,6_10yr,Cassie,1,0,0,0,0,2026,FALSE,,,Not complete,Nolan,Scarlett
FKD843-01-A,3-20 year,11_17yr,Cassie,2,0,0,1,0,2026,FALSE,,,Not complete,Turin,Hill
FYB626-01-A,3-20 year,11_17yr,Cassie,1,0,0,0,1,2026,TRUE,2026-04-07,Cassie,Matched completion date,Parker,Shotrosky
GRN392-01-A,3-20 year,11_17yr,Cassie,1,0,0,0,1,2026,TRUE,2026-04-25,Cassie,Matched completion date,LeeAnn,Hooper
GZM171-01-A,3-20 year,11_17yr,Cassie,1,0,0,0,1,2026,TRUE,2026-05-11,Cassie,Matched completion date,Rolando,Vidal
HBN403-01-A,3-20 year,6_10yr,Cassie,1,0,0,1,0,2026,FALSE,,,Not complete,Mouhamad,Sarr
HKF151-01-A,3-20 year,11_17yr,Cassie,1,0,0,0,1,2026,TRUE,2026-07-13,Cassie,Matched completion date,Makayla,Meister
HKF151-02-A,3-20 year,11_17yr,Cassie,1,0,0,0,1,2026,TRUE,2026-07-13,Cassie,Matched completion date,Makenzie,Meister
HQB638-01-A,3-20 year,11_17yr,Cassie,1,0,0,1,0,2026,TRUE,2026-09-28,Jo,Matched completion date,Boe,Choban
HYQ752-01-A,3-20 year,11_17yr,Cassie,1,0,0,0,1,2026,TRUE,2026-06-28,Cassie,Matched completion date,Mia,Bunting
HZD623-01-A,3-20 year,11_17yr,Cassie,1,0,1,0,0,2026,FALSE,,,Not complete,Guillermo,Upton
JMR655-01-A,3-20 year,6_10yr,Cassie,2,0,0,2,0,2026,FALSE,,,Not complete,Summer,Sanders
JNT771-01-A,3-20 year,11_17yr,Cassie,1,0,0,0,1,2026,TRUE,2026-08-10,Cassie,Matched completion date,Eastyn,Holmes
JSF732-01-A,3-20 year,11_17yr,Cassie,1,0,0,0,1,2026,TRUE,2026-07-07,Cassie,Matched completion date,Amiya,Lucas
JYK203-01-A,3-20 year,6_10yr,Cassie,1,0,0,0,0,2026,FALSE,,,Not complete,Olufemi,Olowolafe
JZM106-01-A,3-20 year,6_10yr,Cassie,1,0,0,0,0,2026,FALSE,,,Not complete,Lillian,Hurd
KDS985-01-A,3-20 year,11_17yr,Cassie,1,0,0,0,1,2026,TRUE,2026-06-15,Cassie,Matched completion date,Audra,Corneal
KFQ955-01-A,3-20 year,6_10yr,Cassie,1,0,0,0,1,2026,TRUE,2026-07-07,Cassie,Matched completion date,Bennett,Roe
LNP424-01-A,3-20 year,3_5yr,Cassie,1,0,0,0,1,2026,TRUE,2026-04-07,Cassie,Matched completion date,Charlotte,Robles
LQY206-01-A,3-20 year,6_10yr,Cassie,1,0,0,0,1,2026,TRUE,2026-06-30,Cassie,Matched completion date,CONNOR,MCENTEE
MQJ796-01-M,3-20 year,11_17yr,Cassie,1,0,0,0,1,2026,TRUE,2026-04-01,Cassie,Matched completion date,Oscar,Lukens
MQJ796-01-N,3-20 year,11_17yr,Cassie,1,0,0,0,1,2026,TRUE,2026-04-01,Cassie,Matched completion date,Rocco,Lukens
MQM950-01-A,3-20 year,11_17yr,Cassie,1,0,1,0,0,2026,TRUE,2026-10-03,Jo,Matched completion date,Elijah,LaGarde
NBV813-01-A,3-20 year,11_17yr,Cassie,1,0,0,0,1,2026,TRUE,2026-03-30,Cassie,Matched completion date,Henry,Rutledge
NGT839-01-A,3-20 year,11_17yr,Cassie,1,0,0,0,0,2026,FALSE,,,Not complete,Nolan,Valentine
NMF407-01-A,3-20 year,11_17yr,Cassie,1,0,0,0,1,2026,TRUE,2026-05-11,Cassie,Matched completion date,Kaliyah,Ray
PBF223-01-A,3-20 year,11_17yr,Cassie,1,0,0,0,1,2026,TRUE,2026-04-02,Cassie,Matched completion date,Collin,Dally
PDV195-01-A,3-20 year,11_17yr,Cassie,1,0,1,0,0,2026,FALSE,,,Not complete,Sanyaa,Jackson-Young
PFD674-01-A,3-20 year,3_5yr,Cassie,2,0,1,0,0,2026,FALSE,,,Not complete,Scout,Scheidel
RBR931-01-A,3-20 year,11_17yr,Cassie,1,0,0,0,1,2026,TRUE,2026-09-21,Cassie,Matched completion date,Patience,Harris
RBR931-02-A,3-20 year,11_17yr,Cassie,1,0,0,0,1,2026,TRUE,2026-09-21,Cassie,Matched completion date,Braxton,Harris
RDJ491-01-A,3-20 year,11_17yr,Cassie,2,1,1,0,0,2026,FALSE,,,Not complete,Aubrianah,Clayborn
RNV741-01-A,3-20 year,11_17yr,Cassie,2,0,0,1,1,2026,TRUE,2026-06-30,Cassie,Matched completion date,Frantz,Lubrin
SBS453-01-A,3-20 year,11_17yr,Cassie,1,0,0,0,1,2026,TRUE,2026-07-21,Cassie,Matched completion date,Brezlyn,Lundy
SNJ492-01-N,3-20 year,11_17yr,Cassie,1,0,1,0,0,2026,FALSE,,,Not complete,Lucas,McCain
SNV833-01-A,3-20 year,11_17yr,Cassie,1,0,0,0,1,2026,TRUE,2026-08-10,Cassie,Matched completion date,Brendan,Beck
SZF435-01-A,3-20 year,11_17yr,Cassie,1,0,1,0,0,2026,TRUE,2026-09-01,Amy,Matched completion date,Akayla,Malone
THL624-01-A,3-20 year,11_17yr,Cassie,2,0,0,1,1,2026,TRUE,2026-07-12,Cassie,Matched completion date,Sergio,Flores
TQC990-01-A,3-20 year,11_17yr,Cassie,2,0,0,0,1,2026,TRUE,2026-07-08,Cassie,Matched completion date,Ari'Yhana,Wallen
TWK336-01-A,3-20 year,11_17yr,Cassie,1,0,0,0,1,2026,TRUE,2026-04-27,Cassie,Matched completion date,Jayce,Garcia-Cox
TXR417-01-A,3-20 year,11_17yr,Cassie,1,0,0,0,1,2026,TRUE,2026-07-20,Cassie,Matched completion date,Elizabeth,D'Haene
VFR138-01-A,3-20 year,11_17yr,Cassie,1,0,0,0,1,2026,TRUE,2026-08-17,Cassie,Matched completion date,Immanuel,Hinton
VHR369-01-A,3-20 year,6_10yr,Cassie,1,1,0,0,0,2026,FALSE,,,Not complete,Makai,Sedman-Clark
VKY771-01-A,3-20 year,6_10yr,Cassie,1,0,1,0,0,2026,FALSE,,,Not complete,Sadie,Hopkins
VST318-01-A,3-20 year,11_17yr,Cassie,1,0,0,0,1,2026,TRUE,2026-03-31,Cassie,Matched completion date,Ronnie,Norris
VZB638-01-A,3-20 year,11_17yr,Cassie,1,0,1,0,0,2026,TRUE,2026-08-16,Pending verification,No eligible host on completion date,A'Mya,Ross
VZB638-02-A,3-20 year,11_17yr,Cassie,1,0,0,0,1,2026,TRUE,2026-08-16,Cassie,Matched completion date,Ah`Rhia,Ross
WBH589-01-A,3-20 year,11_17yr,Cassie,2,0,0,1,0,2026,FALSE,,,Not complete,Malaiya,Love
WFK499-01-A,3-20 year,11_17yr,Cassie,1,0,0,0,1,2026,TRUE,2026-07-12,Cassie,Matched completion date,Emma,Robbe
WHW151-01-A,3-20 year,11_17yr,Cassie,1,0,0,0,1,2026,TRUE,2026-04-27,Cassie,Matched completion date,Brooklyn,Banks
WMJ798-01-A,3-20 year,6_10yr,Cassie,1,0,0,0,1,2026,TRUE,2026-03-31,Cassie,Matched completion date,Lucien,Stoinski
WMX146-01-A,3-20 year,11_17yr,Cassie,3,0,2,1,0,2026,FALSE,,,Not complete,Christian,Brogden
WYG353-01-A,3-20 year,11_17yr,Cassie,1,0,0,0,1,2026,TRUE,2026-04-02,Cassie,Matched completion date,Dominic,Gillespie
WYZ100-01-A,3-20 year,11_17yr,Cassie,2,0,0,1,1,2026,TRUE,2026-04-03,Cassie,Matched completion date,Jonathan,Beck
XDF604-01-A,3-20 year,6_10yr,Cassie,1,0,0,0,1,2026,TRUE,2026-04-27,Cassie,Matched completion date,Carmela,Buffamonte
XDR789-01-A,3-20 year,11_17yr,Cassie,2,0,0,2,0,2026,TRUE,2026-09-27,Jo,Matched completion date,Ryen,Smith
XFQ902-01-A,3-20 year,11_17yr,Cassie,1,1,0,0,0,2026,FALSE,,,Not complete,Graciella,Elizalde
XHC521-01-A,3-20 year,11_17yr,Cassie,1,0,0,0,0,2026,FALSE,,,Not complete,Meigha,Nisse
XKF863-01-A,3-20 year,11_17yr,Cassie,1,0,0,0,1,2026,TRUE,2026-05-04,Cassie,Matched completion date,Chase,Deleon-Chaney
XRM042-01-A,3-20 year,11_17yr,Cassie,1,0,0,0,1,2026,TRUE,2026-03-16,Cassie,Matched completion date,Julyan,Kosier
XRZ528-01-A,3-20 year,11_17yr,Cassie,1,0,0,0,1,2026,TRUE,2026-04-20,Cassie,Matched completion date,Bryson,Burrow
YHF868-01-A,3-20 year,11_17yr,Cassie,1,0,0,0,1,2026,TRUE,2026-08-31,Cassie,Matched completion date,Maxwell,Casteel
YNZ000-01-A,3-20 year,6_10yr,Cassie,2,0,0,1,0,2026,FALSE,,,Not complete,Gregory,Cole
YSL489-01-A,3-20 year,11_17yr,Cassie,1,0,0,0,1,2026,TRUE,2026-08-31,Cassie,Matched completion date,Sawyer,Nelson
ZBF912-01-A,3-20 year,6_10yr,Cassie,1,0,0,0,1,2026,TRUE,2026-03-30,Cassie,Matched completion date,Nolan,Bryant
ZDZ857-01-A,3-20 year,6_10yr,Cassie,1,0,0,1,0,2026,TRUE,2026-05-26,Amy,Matched completion date,Lucas,Rahn
ZNQ676-01-A,3-20 year,11_17yr,Cassie,2,0,1,0,1,2026,TRUE,2026-05-17,Cassie,Matched completion date,Braylin,Sanders
ZPR445-01-A,3-20 year,11_17yr,Cassie,1,0,0,0,1,2026,TRUE,2026-03-30,Cassie,Matched completion date,Jacksyn,Hacker
BBD445-01-A,3-20 year,6_10yr,Jo,1,0,0,0,1,2026,TRUE,2026-10-03,Jo,Matched completion date,Grant,Davis
BKX774-01-A,3-20 year,11_17yr,Jo,2,0,0,0,1,2026,TRUE,2026-06-06,Jo,Matched completion date,Andrew,Harris
BPZ685-01-A,3-20 year,3_5yr,Jo,1,0,0,0,1,2026,TRUE,2026-05-03,Jo,Matched completion date,Addison,Roth
BQW274-01-A,3-20 year,3_5yr,Jo,1,0,0,0,1,2026,TRUE,2026-06-03,Jo,Matched completion date,Blair,Pierson
CDK744-01-A,3-20 year,6_10yr,Jo,2,0,0,1,1,2026,TRUE,2026-08-03,Jo,Matched completion date,Ophelia,Davey
DKC244-01-A,3-20 year,11_17yr,Jo,1,0,0,0,1,2026,TRUE,2026-06-10,Jo,Matched completion date,Tyson,Darnell
FWH545-01-A,3-20 year,11_17yr,Jo,1,0,0,0,1,2026,TRUE,2026-06-03,Jo,Matched completion date,Walter,Ranger-Hardigan
GMS994-01-A,3-20 year,11_17yr,Jo,1,0,0,0,0,2026,TRUE,2026-04-10,Pending verification,No eligible host on completion date,Frank,Baumer
GWP690-01-A,3-20 year,11_17yr,Jo,3,0,0,2,1,2026,TRUE,2026-04-22,Jo,Matched completion date,Lyric,Barker
GZM171-01-A,3-20 year,11_17yr,Jo,1,0,0,1,0,2026,TRUE,2026-05-11,Cassie,Matched completion date,Rolando,Vidal
HBN403-01-A,3-20 year,6_10yr,Jo,1,1,0,0,0,2026,FALSE,,,Not complete,Mouhamad,Sarr
HGX059-01-A,3-20 year,11_17yr,Jo,2,0,1,0,1,2026,TRUE,2026-04-18,Jo,Matched completion date,Malakai,Xiong
HQB638-01-A,3-20 year,11_17yr,Jo,1,0,0,0,1,2026,TRUE,2026-09-28,Jo,Matched completion date,Boe,Choban
HSV917-01-A,3-20 year,11_17yr,Jo,1,0,0,0,1,2026,TRUE,2026-05-04,Jo,Matched completion date,Alaiya,Smith
HZD623-01-A,3-20 year,11_17yr,Jo,1,0,1,0,0,2026,FALSE,,,Not complete,Guillermo,Upton
HZT648-01-A,3-20 year,11_17yr,Jo,1,0,0,0,1,2026,TRUE,2026-04-16,Jo,Matched completion date,Alayna,Pettit
JMR655-01-A,3-20 year,6_10yr,Jo,1,0,0,0,0,2026,FALSE,,,Not complete,Summer,Sanders
JQZ496-01-A,3-20 year,11_17yr,Jo,2,0,0,1,1,2026,TRUE,2026-07-24,Jo,Matched completion date,Regan,Adams
JSS418-01-A,3-20 year,6_10yr,Jo,2,0,0,1,0,2026,FALSE,,,Not complete,Gabriel,Padilla
JZM106-01-A,3-20 year,6_10yr,Jo,1,0,0,1,0,2026,FALSE,,,Not complete,Lillian,Hurd
KGL651-01-A,3-20 year,6_10yr,Jo,1,0,0,0,1,2026,TRUE,2026-09-27,Jo,Matched completion date,Jacob,Badour
KRY635-01-A,3-20 year,6_10yr,Jo,1,0,0,0,1,2026,TRUE,2026-04-18,Jo,Matched completion date,James,Mueller
LKY497-01-A,3-20 year,11_17yr,Jo,1,0,0,0,1,2026,TRUE,2026-07-22,Jo,Matched completion date,Landon,Huntoon
MBC594-01-A,3-20 year,3_5yr,Jo,1,0,0,0,1,2026,TRUE,2026-08-02,Jo,Matched completion date,Kyla,Hall
MCV210-01-A,3-20 year,11_17yr,Jo,1,0,0,0,1,2026,TRUE,2026-07-23,Jo,Matched completion date,Mick,Brogan
MQM950-01-A,3-20 year,11_17yr,Jo,1,0,0,0,1,2026,TRUE,2026-10-03,Jo,Matched completion date,Elijah,LaGarde
MYN399-01-A,3-20 year,3_5yr,Jo,1,0,0,0,1,2026,TRUE,2026-07-27,Jo,Matched completion date,Eleanor,Brunner
NKG127-01-A,3-20 year,11_17yr,Jo,1,0,0,0,1,2026,TRUE,2026-05-02,Jo,Matched completion date,Cameron,Nichols
NMT952-01-A,3-20 year,3_5yr,Jo,1,0,0,0,1,2026,TRUE,2026-10-01,Jo,Matched completion date,Declan,Schroeder
PDW328-01-A,3-20 year,11_17yr,Jo,1,0,0,0,1,2026,TRUE,2026-04-15,Jo,Matched completion date,Avalee,Handy
PFD674-01-A,3-20 year,3_5yr,Jo,1,0,0,1,0,2026,FALSE,,,Not complete,Scout,Scheidel
PHT777-01-A,3-20 year,11_17yr,Jo,1,0,0,0,1,2026,TRUE,2026-06-09,Jo,Matched completion date,Milan,Aikens
PRT334-01-A,3-20 year,6_10yr,Jo,1,0,0,0,1,2026,TRUE,2026-07-24,Jo,Matched completion date,Milayna,Porath
QHJ854-01-A,3-20 year,11_17yr,Jo,1,0,0,0,1,2026,TRUE,2026-09-29,Jo,Matched completion date,Delvon,Robinson
QMT063-01-A,3-20 year,11_17yr,Jo,1,0,0,0,1,2026,TRUE,2026-05-01,Jo,Matched completion date,Parris,Welch
RCH363-01-A,3-20 year,6_10yr,Jo,1,0,0,0,1,2026,TRUE,2026-07-27,Jo,Matched completion date,Barrett,Klink
RDJ491-01-A,3-20 year,11_17yr,Jo,1,1,0,0,0,2026,FALSE,,,Not complete,Aubrianah,Clayborn
RGV560-01-A,3-20 year,11_17yr,Jo,1,0,0,0,1,2026,TRUE,2026-08-01,Jo,Matched completion date,Lydia,Raney
RGV560-01-B,3-20 year,11_17yr,Jo,1,0,0,0,1,2026,TRUE,2026-08-01,Jo,Matched completion date,Harper,Raney
RNV741-01-A,3-20 year,11_17yr,Jo,1,0,0,1,0,2026,TRUE,2026-06-30,Cassie,Matched completion date,Frantz,Lubrin
RQT437-01-A,3-20 year,6_10yr,Jo,1,0,1,0,0,2026,TRUE,2026-10-04,Jody,Matched completion date,Eleanor,McCleary
SCB433-01-A,3-20 year,11_17yr,Jo,1,0,0,0,1,2026,TRUE,2026-08-02,Jo,Matched completion date,Mary,Greenwalt
SNV833-01-A,3-20 year,11_17yr,Jo,1,0,0,1,0,2026,TRUE,2026-08-10,Cassie,Matched completion date,Brendan,Beck
STQ126-01-A,3-20 year,11_17yr,Jo,1,0,0,0,1,2026,TRUE,2026-07-22,Jo,Matched completion date,Zavier,Goard
VQJ770-01-A,3-20 year,11_17yr,Jo,1,0,0,0,1,2026,TRUE,2026-07-22,Jo,Matched completion date,Logan,Harris
VRS810-01-A,3-20 year,6_10yr,Jo,1,0,0,0,1,2026,TRUE,2026-03-26,Jo,Matched completion date,Lilith,Smith
WKM586-01-A,3-20 year,11_17yr,Jo,1,0,0,0,1,2026,TRUE,2026-07-23,Jo,Matched completion date,Amiyah,Chairs
XDR789-01-A,3-20 year,11_17yr,Jo,1,0,0,0,1,2026,TRUE,2026-09-27,Jo,Matched completion date,Ryen,Smith
XKF863-01-A,3-20 year,11_17yr,Jo,1,0,0,1,0,2026,TRUE,2026-05-04,Cassie,Matched completion date,Chase,Deleon-Chaney
XMH232-01-A,3-20 year,6_10yr,Jo,1,0,0,0,1,2026,TRUE,2026-07-24,Jo,Matched completion date,Dayke,Christensen
XRZ528-01-A,3-20 year,11_17yr,Jo,1,0,0,1,0,2026,TRUE,2026-04-20,Cassie,Matched completion date,Bryson,Burrow
YLG694-01-A,3-20 year,11_17yr,Jo,1,0,0,0,1,2026,TRUE,2026-07-25,Jo,Matched completion date,Ja'sean,Mason
YWL484-01-A,3-20 year,11_17yr,Jo,3,2,0,1,0,2026,FALSE,,,Not complete,Antonio,Waller
YXL848-01-A,3-20 year,11_17yr,Jo,1,0,0,0,1,2026,TRUE,2026-03-25,Jo,Matched completion date,Katelyn,Stouffer-Hopkins
ZPX220-01-A,3-20 year,11_17yr,Jo,1,0,0,0,1,2026,TRUE,2026-08-03,Jo,Matched completion date,Ellen,Baird
BXJ770-01-A,6-35 month,12_23_month,Jody,1,0,1,0,0,2026,FALSE,,,Not complete,Tyreina,Braziel
CLC701-01-A,6-35 month,12_23_month,Jody,1,0,0,0,0,2026,TRUE,2026-05-06,Pending verification,No eligible host on completion date,Tylaha,Hill
CVD069-01-A,3-20 year,6_10yr,Jody,1,0,1,0,0,2026,FALSE,,,Not complete,Jaiden,Sprinkle
CVH085-01-A,3-20 year,6_10yr,Jody,2,0,0,1,0,2026,TRUE,2026-07-13,Pending verification,No eligible host on completion date,Bronce,White
FNC855-01-A,6-35 month,12_23_month,Jody,2,1,0,0,0,2026,TRUE,2026-08-04,Pending verification,No eligible host on completion date,Janerrio,Frye
GCP510-02-A,3-20 year,3_5yr,Jody,1,0,1,0,0,2026,TRUE,2026-08-31,Kowlini,Matched completion date,Amelia,Sadler
HHL079-01-A,3-20 year,6_10yr,Jody,1,0,0,0,1,2026,TRUE,2026-07-14,Jody,Matched completion date,Gianna,Pasienza
HHW537-01-A,6-35 month,12_23_month,Jody,1,0,0,0,1,2026,TRUE,2026-04-03,Jody,Matched completion date,Da'mari,Copeland
HLW497-01-A,3-20 year,3_5yr,Jody,1,0,0,0,1,2026,TRUE,2026-07-28,Jody,Matched completion date,Henley,Lucynski
JJK068-01-A,3-20 year,3_5yr,Jody,1,0,0,0,1,2026,TRUE,2026-07-24,Jody,Matched completion date,Edward,Kronner
JXP185-01-A,6-35 month,12_23_month,Jody,1,0,0,1,0,2026,TRUE,2026-08-14,Kowlini,Matched completion date,Uvonte,Walker
KBQ321-01-A,3-20 year,3_5yr,Jody,1,0,0,0,1,2026,TRUE,2026-05-03,Jody,Matched completion date,Maverick,Tapplin
KDH192-01-A,3-20 year,6_10yr,Jody,1,0,0,0,0,2026,FALSE,,,Not complete,Ryleigh,Neal
KRR544-01-A,6-35 month,12_23_month,Jody,1,0,0,0,0,2026,TRUE,2026-06-02,Pending verification,No eligible host on completion date,Talina,Phillips
LBZ361-01-A,6-35 month,12_23_month,Jody,1,0,1,0,0,2026,FALSE,,,Not complete,Brielle,Levy
LGF333-01-A,3-20 year,6_10yr,Jody,2,0,2,0,0,2026,FALSE,,,Not complete,Beau,Bradley
MMK311-01-A,3-20 year,3_5yr,Jody,2,0,0,1,1,2026,TRUE,2026-06-03,Jody,Matched completion date,Lucas,Thornton
MMK311-01-N,3-20 year,3_5yr,Jody,2,0,1,0,1,2026,TRUE,2026-06-03,Jody,Matched completion date,Larkin,Thornton
MMV961-01-A,6-35 month,12_23_month,Jody,2,1,0,1,0,2026,TRUE,2026-08-27,Kowlini,Matched completion date,Asher,Trevino
MYL231-01-A,3-20 year,3_5yr,Jody,2,0,0,1,0,2026,FALSE,,,Not complete,Henry,Pathic
MYP897-01-A,3-20 year,11_17yr,Jody,1,0,0,0,1,2026,TRUE,2026-07-28,Jody,Matched completion date,Addison,Schaenzer
NPM662-01-A,6-35 month,12_23_month,Jody,1,0,0,0,0,2026,TRUE,2026-07-13,Pending verification,No eligible host on completion date,Dorothy,Belanger
PPM461-01-A,3-20 year,6_10yr,Jody,1,0,0,0,1,2026,TRUE,2026-06-01,Jody,Matched completion date,Kristian,Volyanyuk
PRH159-01-A,3-20 year,6_10yr,Jody,1,0,0,0,0,2026,FALSE,,,Not complete,Lilly-Ann,Rodocker
RQT437-01-A,3-20 year,6_10yr,Jody,1,0,0,0,1,2026,TRUE,2026-10-04,Jody,Matched completion date,Eleanor,McCleary
TCH588-01-A,3-20 year,3_5yr,Jody,2,0,0,1,1,2026,TRUE,2026-08-12,Jody,Matched completion date,Grace,Harris
TDY935-01-A,3-20 year,6_10yr,Jody,1,0,0,0,0,2026,TRUE,2026-03-09,Pending verification,No eligible host on completion date,Silas,Sisco
TPW315-01-A,6-35 month,12_23_month,Jody,1,0,0,1,0,2026,FALSE,,,Not complete,J'Halil,Matthews
TSN328-01-M,3-20 year,6_10yr,Jody,2,0,1,0,0,2026,TRUE,2026-09-08,Kowlini,Matched completion date,Pernell,Gaines
TSN328-01-N,3-20 year,6_10yr,Jody,1,0,0,0,0,2026,TRUE,2026-08-29,Kowlini,Matched completion date,Peyton,Gaines
TZB922-01-A,6-35 month,12_23_month,Jody,1,0,0,0,1,2026,TRUE,2026-06-07,Jody,Matched completion date,Kamirah,ChappellTeare
VHC022-01-A,3-20 year,6_10yr,Jody,1,0,0,0,1,2026,TRUE,2026-04-03,Jody,Matched completion date,Owen,Fernandez
VHR109-01-A,3-20 year,6_10yr,Jody,1,0,0,0,1,2026,TRUE,2026-06-15,Jody,Matched completion date,Kacen,Tyler
VVL844-01-A,3-20 year,3_5yr,Jody,1,0,0,0,1,2026,TRUE,2026-08-05,Jody,Matched completion date,Alyson,Wilder
VZY119-01-A,6-35 month,12_23_month,Jody,1,0,1,0,0,2026,FALSE,,,Not complete,Delronte,Wright-Gray
WDV681-01-A,3-20 year,11_17yr,Jody,1,0,0,0,0,2026,FALSE,,,Not complete,Lilliannah,Ballard
WDV681-02-A,3-20 year,11_17yr,Jody,1,0,1,0,0,2026,FALSE,,,Not complete,Oliviannah,Ballard
WTN483-01-A,3-20 year,6_10yr,Jody,2,0,0,1,1,2026,TRUE,2026-07-01,Jody,Matched completion date,Felicity,Hall
WXD665-01-A,3-20 year,6_10yr,Jody,2,0,1,0,1,2026,TRUE,2026-08-05,Jody,Matched completion date,Autum'Dior,Hall
WYL000-01-A,3-20 year,6_10yr,Jody,1,0,0,0,1,2026,TRUE,2026-04-06,Jody,Matched completion date,Brianna,Crawford
WYN485-01-A,3-20 year,6_10yr,Jody,1,0,0,0,1,2026,TRUE,2026-03-13,Jody,Matched completion date,Jayda,Patrick
WZT929-01-A,3-20 year,6_10yr,Jody,1,0,0,0,1,2026,TRUE,2026-04-19,Jody,Matched completion date,Lorelai,Pavlik
XVF774-01-A,3-20 year,6_10yr,Jody,2,0,1,0,1,2026,TRUE,2026-04-19,Jody,Matched completion date,Logann,Ware
XVL743-01-A,3-20 year,6_10yr,Jody,3,0,1,1,1,2026,TRUE,2026-05-14,Jody,Matched completion date,Montinez,Smith
XZN379-01-A,3-20 year,3_5yr,Jody,3,0,0,3,0,2026,FALSE,,,Not complete,Kamari,Bryson
YDD017-01-A,3-20 year,3_5yr,Jody,1,0,0,0,1,2026,TRUE,2026-05-19,Jody,Matched completion date,Caelen,Hofmann
YMS783-01-A,3-20 year,3_5yr,Jody,1,0,0,0,1,2026,TRUE,2026-07-01,Jody,Matched completion date,Faith,Choi
YPB464-01-A,6-35 month,12_23_month,Jody,1,0,0,0,1,2026,TRUE,2026-04-27,Jody,Matched completion date,Krishae,Thomas
YXY517-01-A,3-20 year,11_17yr,Jody,1,0,0,0,1,2026,TRUE,2026-08-03,Jody,Matched completion date,Raymond,Gregory
ZGQ068-01-A,3-20 year,3_5yr,Jody,1,0,0,0,1,2026,TRUE,2026-06-07,Jody,Matched completion date,Hank,Nelson
ZQT032-01-A,3-20 year,11_17yr,Jody,1,0,0,0,1,2026,TRUE,2026-07-14,Jody,Matched completion date,Zany`ti,Staffney
ZVD237-01-A,6-35 month,12_23_month,Jody,1,0,0,0,1,2026,TRUE,2026-09-11,Jody,Matched completion date,Lincoln,Smith
BKK569-01-A,3-20 year,6_10yr,Kowlini,1,0,0,0,1,2026,TRUE,2026-09-02,Kowlini,Matched completion date,Mazzio,Wright
CXR904-01-A,3-20 year,6_10yr,Kowlini,3,0,1,1,1,2026,TRUE,2026-08-30,Kowlini,Matched completion date,Breyden,Basom
DSN848-01-A,3-20 year,6_10yr,Kowlini,2,0,0,1,1,2026,TRUE,2026-08-13,Kowlini,Matched completion date,Kuwaila,Blackamore
DWJ555-01-A,3-20 year,6_10yr,Kowlini,2,1,0,0,1,2026,TRUE,2026-09-09,Kowlini,Matched completion date,Nehemiah,Flourry
FFC134-01-A,3-20 year,6_10yr,Kowlini,1,0,0,0,1,2026,TRUE,2026-08-23,Kowlini,Matched completion date,Gabriella,Hawver
GCP510-02-A,3-20 year,3_5yr,Kowlini,1,0,0,0,1,2026,TRUE,2026-08-31,Kowlini,Matched completion date,Amelia,Sadler
GMB721-01-A,6-35 month,12_23_month,Kowlini,3,2,0,0,0,2026,FALSE,,,Not complete,Mfalme,Elerson Riley
JWJ589-01-A,3-20 year,6_10yr,Kowlini,1,0,0,0,1,2026,TRUE,2026-08-26,Kowlini,Matched completion date,Amanda,Sheehan
JXP185-01-A,6-35 month,12_23_month,Kowlini,1,0,0,0,1,2026,TRUE,2026-08-14,Kowlini,Matched completion date,Uvonte,Walker
KJR619-01-A,6-35 month,12_23_month,Kowlini,3,2,0,0,1,2026,TRUE,2026-08-26,Kowlini,Matched completion date,Ariyah,Johnson
KKT953-01-A,3-20 year,6_10yr,Kowlini,1,1,0,0,0,2026,FALSE,,,Not complete,Armani,Carter
KXF530-01-A,6-35 month,12_23_month,Kowlini,1,0,0,0,1,2026,TRUE,2026-09-02,Kowlini,Matched completion date,Ariana,Sheron
KXH001-01-A,3-20 year,6_10yr,Kowlini,1,1,0,0,0,2026,FALSE,,,Not complete,Parker,Merrow
KZP212-01-A,3-20 year,6_10yr,Kowlini,1,0,0,0,1,2026,TRUE,2026-09-18,Kowlini,Matched completion date,Auriliano,Lovett
LBZ361-01-A,6-35 month,12_23_month,Kowlini,3,2,0,1,0,2026,FALSE,,,Not complete,Brielle,Levy
LNT397-01-A,6-35 month,12_23_month,Kowlini,1,0,0,0,1,2026,TRUE,2026-08-25,Kowlini,Matched completion date,Eragon,Chastain
MCC047-01-A,3-20 year,6_10yr,Kowlini,1,0,0,0,0,2026,FALSE,,,Not complete,Riley,Kunz
MMK829-01-A,3-20 year,3_5yr,Kowlini,1,0,0,0,1,2026,TRUE,2026-08-14,Kowlini,Matched completion date,Marcelena,Urtiaga-Medina
MMV961-01-A,6-35 month,12_23_month,Kowlini,1,0,0,0,1,2026,TRUE,2026-08-27,Kowlini,Matched completion date,Asher,Trevino
PGM615-01-A,6-35 month,12_23_month,Kowlini,1,0,0,0,1,2026,TRUE,2026-08-14,Kowlini,Matched completion date,Addison,Fitch
PRD929-01-A,3-20 year,6_10yr,Kowlini,1,0,0,0,1,2026,TRUE,2026-09-26,Kowlini,Matched completion date,Zaria,Harper
QTQ022-01-A,3-20 year,6_10yr,Kowlini,1,0,0,0,1,2026,TRUE,2026-09-21,Kowlini,Matched completion date,Scarlet,Young
QVW747-01-A,6-35 month,12_23_month,Kowlini,3,0,1,2,0,2026,TRUE,2026-09-24,Pending verification,No eligible host on completion date,Shane,Moore
RGQ821-01-A,3-20 year,6_10yr,Kowlini,1,0,0,0,1,2026,TRUE,2026-07-31,Kowlini,Matched completion date,Vincent,Fulara
RWP821-01-A,3-20 year,6_10yr,Kowlini,1,0,0,0,1,2026,TRUE,2026-08-26,Kowlini,Matched completion date,Ay'Den,Miller
SJH036-01-A,6-35 month,12_23_month,Kowlini,2,0,0,1,1,2026,TRUE,2026-09-18,Kowlini,Matched completion date,Dmari,Allen
SMQ889-01-A,6-35 month,12_23_month,Kowlini,2,0,0,1,1,2026,TRUE,2026-08-10,Kowlini,Matched completion date,Dayshanell,Brown
TFH187-01-A,3-20 year,6_10yr,Kowlini,1,0,0,0,1,2026,TRUE,2026-08-06,Kowlini,Matched completion date,Shreyan,Bhandari
TPW315-01-A,6-35 month,12_23_month,Kowlini,4,2,0,2,0,2026,FALSE,,,Not complete,J'Halil,Matthews
TSN328-01-M,3-20 year,6_10yr,Kowlini,5,1,0,2,1,2026,TRUE,2026-09-08,Kowlini,Matched completion date,Pernell,Gaines
TSN328-01-N,3-20 year,6_10yr,Kowlini,2,1,0,0,1,2026,TRUE,2026-08-29,Kowlini,Matched completion date,Peyton,Gaines
VCL006-01-A,3-20 year,3_5yr,Kowlini,1,0,0,0,0,2026,FALSE,,,Not complete,HAYES,KALMUS
WDV681-01-A,3-20 year,11_17yr,Kowlini,2,0,0,2,0,2026,FALSE,,,Not complete,Lilliannah,Ballard
WDV681-02-A,3-20 year,11_17yr,Kowlini,2,0,0,2,0,2026,FALSE,,,Not complete,Oliviannah,Ballard
WKW938-01-A,3-20 year,3_5yr,Kowlini,1,0,0,0,1,2026,TRUE,2026-09-08,Kowlini,Matched completion date,Harper,Williams
XZN379-01-A,3-20 year,3_5yr,Kowlini,3,1,0,2,0,2026,FALSE,,,Not complete,Kamari,Bryson
YYB078-01-A,6-35 month,12_23_month,Kowlini,1,0,0,0,1,2026,TRUE,2026-08-23,Kowlini,Matched completion date,JNai,Harris
ZVD237-01-A,6-35 month,12_23_month,Kowlini,1,1,0,0,0,2026,TRUE,2026-09-11,Jody,Matched completion date,Lincoln,Smith
BGB558-01-A,3-20 year,6_10yr,Nicole,3,0,1,1,0,2026,FALSE,,,Not complete,Leah,Talbott
BPM036-01-A,6-35 month,12_23_month,Nicole,1,1,0,0,0,2026,FALSE,,,Not complete,Olivia,Ames
BTK197-01-A,3-20 year,6_10yr,Nicole,1,0,0,0,1,2026,TRUE,2026-07-30,Nicole,Matched completion date,Ella,Hoeppner
CBL718-01-A,3-20 year,6_10yr,Nicole,1,0,0,0,1,2026,TRUE,2026-07-13,Nicole,Matched completion date,Eli,Rosin
CCC242-01-A,6-35 month,12_23_month,Nicole,1,0,0,0,1,2026,TRUE,2026-03-26,Nicole,Matched completion date,Monte,Bingham
CGK997-01-A,3-20 year,6_10yr,Nicole,1,0,0,0,1,2026,TRUE,2026-08-05,Nicole,Matched completion date,Natalie,Belanger
CHL989-01-A,3-20 year,6_10yr,Nicole,2,0,1,0,1,2026,TRUE,2026-07-21,Nicole,Matched completion date,Faye,Durren
CSC443-01-A,3-20 year,6_10yr,Nicole,1,0,0,0,1,2026,TRUE,2026-08-24,Nicole,Matched completion date,Sarah,Stotler
CXM978-01-A,3-20 year,6_10yr,Nicole,1,0,0,0,1,2026,TRUE,2026-06-17,Nicole,Matched completion date,Dalton,Somero
DGF778-01-A,3-20 year,6_10yr,Nicole,1,0,0,0,1,2026,TRUE,2026-09-01,Nicole,Matched completion date,Inman,Lawson
DJK313-01-A,3-20 year,6_10yr,Nicole,1,0,0,0,1,2026,TRUE,2026-08-27,Nicole,Matched completion date,Brielle,Goethals
FWL830-01-A,3-20 year,6_10yr,Nicole,1,0,0,0,1,2026,TRUE,2026-07-13,Nicole,Matched completion date,Jackson,Williams
GBH901-01-A,6-35 month,12_23_month,Nicole,1,0,0,0,1,2026,TRUE,2026-05-15,Nicole,Matched completion date,Clara,Blades
GDJ477-01-A,6-35 month,12_23_month,Nicole,1,0,0,0,0,2026,TRUE,2026-03-27,Pending verification,No eligible host on completion date,Carter,Holm
GDN788-01-A,6-35 month,12_23_month,Nicole,2,0,0,1,1,2026,TRUE,2026-06-22,Nicole,Matched completion date,Job,VandenBoss
GMK178-01-A,3-20 year,6_10yr,Nicole,1,0,0,0,1,2026,TRUE,2026-08-25,Nicole,Matched completion date,Declan,Loomis
GZR716-01-A,6-35 month,12_23_month,Nicole,1,0,0,0,1,2026,TRUE,2026-09-01,Nicole,Matched completion date,Stanley,Prorok
HCG894-01-A,3-20 year,6_10yr,Nicole,1,0,0,0,0,2026,FALSE,,,Not complete,Adalynn,Yaster
HGZ645-01-A,3-20 year,6_10yr,Nicole,1,0,0,0,1,2026,TRUE,2026-06-22,Nicole,Matched completion date,Emily,Nothstine
HQX076-01-A,3-20 year,6_10yr,Nicole,1,0,0,0,1,2026,TRUE,2026-07-16,Nicole,Matched completion date,Jaxson,Simmons
HQY396-01-A,3-20 year,6_10yr,Nicole,2,0,1,0,1,2026,TRUE,2026-08-27,Nicole,Matched completion date,Zephryne,Bobier
JBM041-01-A,6-35 month,12_23_month,Nicole,3,0,0,2,1,2026,TRUE,2026-06-17,Nicole,Matched completion date,Tessa,Hunt
JJV437-01-A,3-20 year,6_10yr,Nicole,1,0,0,0,1,2026,TRUE,2026-10-01,Nicole,Matched completion date,Sophia,Kelly
JKZ989-01-A,3-20 year,6_10yr,Nicole,1,0,0,0,1,2026,TRUE,2026-09-03,Nicole,Matched completion date,Hadley,Noell
JLN021-01-A,6-35 month,12_23_month,Nicole,1,0,0,0,1,2026,TRUE,2026-05-18,Nicole,Matched completion date,Madelyn,Dixon
JWP930-01-A,6-35 month,12_23_month,Nicole,3,0,2,1,0,2026,FALSE,,,Not complete,Adeline,Hill
KKR431-01-A,3-20 year,6_10yr,Nicole,1,0,0,0,1,2026,TRUE,2026-07-13,Nicole,Matched completion date,Paul,Muladore
KKW154-01-A,3-20 year,6_10yr,Nicole,1,0,0,0,1,2026,TRUE,2026-09-14,Nicole,Matched completion date,Lucas,Engels
LCR073-01-A,3-20 year,6_10yr,Nicole,1,0,0,0,1,2026,TRUE,2026-08-27,Nicole,Matched completion date,Josie,Boyce
LTS268-01-A,6-35 month,12_23_month,Nicole,1,0,0,0,1,2026,TRUE,2026-05-19,Nicole,Matched completion date,Nell,Fritz
LVN615-01-M,3-20 year,6_10yr,Nicole,2,0,0,1,1,2026,TRUE,2026-07-30,Nicole,Matched completion date,AXL,MARSH
LVN615-01-N,3-20 year,6_10yr,Nicole,1,0,0,0,1,2026,TRUE,2026-07-30,Nicole,Matched completion date,SILAS,MARSH
LWN054-01-M,3-20 year,6_10yr,Nicole,1,0,0,0,0,2026,FALSE,,,Not complete,Harlan,Lafferty
LWN054-01-N,3-20 year,6_10yr,Nicole,1,0,0,0,0,2026,FALSE,,,Not complete,Leland,Lafferty
LZV055-01-A,6-35 month,12_23_month,Nicole,1,0,0,0,1,2026,TRUE,2026-05-19,Nicole,Matched completion date,David,Arbury
MRX335-01-A,3-20 year,6_10yr,Nicole,1,0,0,0,1,2026,TRUE,2026-08-24,Nicole,Matched completion date,Noah,Paul
MYY891-01-A,3-20 year,6_10yr,Nicole,2,0,0,1,1,2026,TRUE,2026-06-22,Nicole,Matched completion date,Vienna,Becker
NDG495-01-A,6-35 month,12_23_month,Nicole,3,1,1,0,1,2026,TRUE,2026-06-10,Nicole,Matched completion date,Dallas,Beachy
NDP128-01-A,6-35 month,12_23_month,Nicole,1,0,0,0,1,2026,TRUE,2026-04-03,Nicole,Matched completion date,Eleanor,Hunter
NHR264-01-A,3-20 year,6_10yr,Nicole,2,0,1,0,1,2026,TRUE,2026-06-10,Nicole,Matched completion date,Evangeline,Johnson
NNF727-01-A,3-20 year,6_10yr,Nicole,1,0,0,0,0,2026,FALSE,,,Not complete,Addison,Tuttle
NSQ870-01-A,6-35 month,12_23_month,Nicole,1,0,0,0,1,2026,TRUE,2026-05-08,Nicole,Matched completion date,Maverick,Setzer
NVB331-01-A,3-20 year,6_10yr,Nicole,1,0,0,0,1,2026,TRUE,2026-04-28,Nicole,Matched completion date,Madelynn,Klingelsmith
PHN877-01-A,3-20 year,6_10yr,Nicole,1,0,0,0,1,2026,TRUE,2026-07-16,Nicole,Matched completion date,Jonathan,Wigton
PHN877-02-A,6-35 month,12_23_month,Nicole,1,0,0,0,1,2026,TRUE,2026-04-06,Nicole,Matched completion date,David,Wigton
PLD055-01-A,6-35 month,12_23_month,Nicole,1,0,0,0,1,2026,TRUE,2026-06-29,Nicole,Matched completion date,Kyrah,Litherland
PND524-01-A,3-20 year,6_10yr,Nicole,1,0,0,0,1,2026,TRUE,2026-08-24,Nicole,Matched completion date,Carter,Klumb
PTN126-01-A,3-20 year,6_10yr,Nicole,6,0,1,4,1,2026,TRUE,2026-07-21,Nicole,Matched completion date,Emilia,LaBarre
PXV115-01-A,3-20 year,6_10yr,Nicole,1,0,0,0,1,2026,TRUE,2026-06-17,Nicole,Matched completion date,Bronson,Doyle
QHF620-01-A,6-35 month,12_23_month,Nicole,1,0,0,0,1,2026,TRUE,2026-03-31,Nicole,Matched completion date,Marcos,Jordan
QJJ178-01-A,3-20 year,6_10yr,Nicole,1,0,0,0,1,2026,TRUE,2026-07-16,Nicole,Matched completion date,Max,Freeman
QQL383-01-A,6-35 month,12_23_month,Nicole,1,1,0,0,0,2026,FALSE,,,Not complete,Elowyn,Hindle
RDC147-01-A,6-35 month,12_23_month,Nicole,1,0,1,0,0,2026,FALSE,,,Not complete,Elijah,Bartrum
RGM456-01-A,3-20 year,6_10yr,Nicole,1,0,0,0,1,2026,TRUE,2026-04-27,Nicole,Matched completion date,Cameron,Keiser
RMH180-01-A,6-35 month,12_23_month,Nicole,3,0,1,1,1,2026,TRUE,2026-06-04,Nicole,Matched completion date,Adela,Cater
RRB727-01-A,6-35 month,12_23_month,Nicole,1,0,0,0,1,2026,TRUE,2026-09-15,Nicole,Matched completion date,Ember,Maxwell
RVT795-01-A,3-20 year,6_10yr,Nicole,1,0,0,0,1,2026,TRUE,2026-08-25,Nicole,Matched completion date,Journey,Rennie
RZS580-01-A,6-35 month,12_23_month,Nicole,1,0,0,0,1,2026,TRUE,2026-04-04,Nicole,Matched completion date,Stetson,Wilcox
SBB001-01-A,3-20 year,6_10yr,Nicole,1,0,0,0,0,2026,FALSE,,,Not complete,Camden,Hart
SBH525-01-A,6-35 month,12_23_month,Nicole,1,0,0,0,0,2026,TRUE,2026-04-18,Pending verification,No eligible host on completion date,Arthur,Bradford
SGS765-01-A,3-20 year,6_10yr,Nicole,1,0,0,0,1,2026,TRUE,2026-06-23,Nicole,Matched completion date,Terisita,Cryderman
SJJ920-01-A,3-20 year,6_10yr,Nicole,1,0,0,0,1,2026,TRUE,2026-08-31,Nicole,Matched completion date,Layla,Nagy
SKR563-01-A,3-20 year,6_10yr,Nicole,1,0,0,0,1,2026,TRUE,2026-06-23,Nicole,Matched completion date,Aria,Cosentino
SPR662-01-A,3-20 year,6_10yr,Nicole,1,0,0,0,1,2026,TRUE,2026-03-26,Nicole,Matched completion date,Sebastian,Leidinger
SSN103-01-A,3-20 year,6_10yr,Nicole,1,0,0,0,1,2026,TRUE,2026-04-03,Nicole,Matched completion date,Anthony,McDaniels
SYW884-01-A,6-35 month,12_23_month,Nicole,1,0,0,0,1,2026,TRUE,2026-09-03,Nicole,Matched completion date,Henry,Vadino
TDX359-01-A,6-35 month,12_23_month,Nicole,1,0,0,0,1,2026,TRUE,2026-04-27,Nicole,Matched completion date,Adaline,Henderson
TLP747-01-A,3-20 year,6_10yr,Nicole,1,0,0,0,1,2026,TRUE,2026-03-11,Nicole,Matched completion date,Juniper,Conklin
TMB738-01-A,3-20 year,6_10yr,Nicole,1,0,0,0,1,2026,TRUE,2026-05-15,Nicole,Matched completion date,Everly,Musselman
TNZ700-01-A,3-20 year,6_10yr,Nicole,1,0,0,0,1,2026,TRUE,2026-04-21,Nicole,Matched completion date,Ada,Freed
TSC574-01-A,3-20 year,6_10yr,Nicole,3,0,2,0,1,2026,TRUE,2026-03-26,Nicole,Matched completion date,Frances,Rockwell
TWT305-01-A,3-20 year,6_10yr,Nicole,1,0,0,0,1,2026,TRUE,2026-08-05,Nicole,Matched completion date,Lincoln,Chikas
VDW899-01-A,6-35 month,12_23_month,Nicole,2,0,2,0,0,2026,FALSE,,,Not complete,Colton,Gomery
VDW899-01-B,6-35 month,12_23_month,Nicole,2,0,2,0,0,2026,FALSE,,,Not complete,Dakota,Gomery
VLQ825-01-A,6-35 month,12_23_month,Nicole,1,0,0,0,1,2026,TRUE,2026-07-15,Nicole,Matched completion date,Coraline,Erdman
VLZ486-01-A,3-20 year,3_5yr,Nicole,1,0,0,0,0,2026,FALSE,,,Not complete,Wesley,Knabusch
VQX210-01-A,3-20 year,6_10yr,Nicole,4,0,0,3,1,2026,TRUE,2026-03-13,Nicole,Matched completion date,Adelynn,Knoke
VXC743-01-A,3-20 year,6_10yr,Nicole,1,0,0,0,1,2026,TRUE,2026-03-31,Nicole,Matched completion date,Lucas,Semelbauer
WDS605-01-A,3-20 year,6_10yr,Nicole,1,0,0,0,1,2026,TRUE,2026-08-06,Nicole,Matched completion date,Finley,Brown
WSG161-01-A,6-35 month,12_23_month,Nicole,1,0,0,0,1,2026,TRUE,2026-05-06,Nicole,Matched completion date,Niigaanii,Burris
WYR002-01-A,3-20 year,6_10yr,Nicole,1,0,0,0,1,2026,TRUE,2026-03-27,Nicole,Matched completion date,Evelynn,Cassens
XHP409-01-A,3-20 year,6_10yr,Nicole,3,0,1,1,1,2026,TRUE,2026-09-01,Nicole,Matched completion date,Benjamin,Teahen Purdy
XKQ019-01-A,6-35 month,12_23_month,Nicole,1,0,0,0,1,2026,TRUE,2026-05-15,Nicole,Matched completion date,Oliver,Price
XQD155-01-A,3-20 year,6_10yr,Nicole,1,0,0,0,1,2026,TRUE,2026-06-29,Nicole,Matched completion date,Wren,Dignan
XSP178-01-A,6-35 month,12_23_month,Nicole,1,0,0,0,0,2026,FALSE,,,Not complete,Crew,Cook
XTP134-01-A,3-20 year,6_10yr,Nicole,1,0,0,0,1,2026,TRUE,2026-03-30,Nicole,Matched completion date,Cameron,Manning
XXW639-01-A,3-20 year,6_10yr,Nicole,1,0,0,0,1,2026,TRUE,2026-03-27,Nicole,Matched completion date,Owen,Westover
XYN414-01-A,6-35 month,12_23_month,Nicole,1,0,1,0,0,2026,FALSE,,,Not complete,Leland,Musselman
YDC739-01-A,3-20 year,6_10yr,Nicole,3,0,1,2,0,2026,FALSE,,,Not complete,Celeste,Hernandez
YJD781-01-A,3-20 year,6_10yr,Nicole,1,0,0,0,1,2026,TRUE,2026-03-30,Nicole,Matched completion date,Delaney,Darter
YMF346-01-A,6-35 month,12_23_month,Nicole,1,0,0,0,0,2026,TRUE,2026-03-25,Pending verification,No eligible host on completion date,Tatum,Clutts
YMP799-01-A,6-35 month,12_23_month,Nicole,1,0,0,0,0,2026,TRUE,2026-03-26,Pending verification,No eligible host on completion date,Benjamin,Hsu
YND734-01-A,6-35 month,12_23_month,Nicole,1,0,0,0,1,2026,TRUE,2026-04-28,Nicole,Matched completion date,Broderick,Huggett
ZND119-01-A,3-20 year,6_10yr,Nicole,1,0,0,0,1,2026,TRUE,2026-03-30,Nicole,Matched completion date,Grant,Handwerk
ZQN091-01-A,6-35 month,6_11_month,Nicole,3,0,0,2,0,2026,FALSE,,,Not complete,Samuel,Thomas
ZVV604-01-A,3-20 year,6_10yr,Nicole,1,0,0,0,1,2026,TRUE,2026-03-31,Nicole,Matched completion date,Noah,Mix
ZVX302-01-A,3-20 year,6_10yr,Nicole,1,0,0,0,1,2026,TRUE,2026-06-22,Nicole,Matched completion date,Mason,Hinds
BKX774-01-B,3-20 year,11_17yr,Pending verification,0,0,0,0,1,2026,TRUE,2026-06-06,Pending verification,No eligible host on completion date,Antonio,Harris
CBW928-01-A,3-20 year,6_10yr,Pending verification,0,0,0,0,1,2026,TRUE,2026-05-19,Pending verification,No eligible host on completion date,Zora,Howard
CKV256-01-A,3-20 year,6_10yr,Pending verification,0,0,0,0,1,2026,TRUE,2026-07-02,Pending verification,No eligible host on completion date,Thomas,Courtney
CLC701-01-A,6-35 month,12_23_month,Pending verification,0,0,0,0,1,2026,TRUE,2026-05-06,Pending verification,No eligible host on completion date,Tylaha,Hill
CVH085-01-A,3-20 year,6_10yr,Pending verification,0,0,0,0,1,2026,TRUE,2026-07-13,Pending verification,No eligible host on completion date,Bronce,White
CXB725-01-A,6-35 month,12_23_month,Pending verification,0,0,0,0,1,2026,TRUE,2026-07-16,Pending verification,No eligible host on completion date,Nyrie,Young-Montgomery
DQZ583-01-A,3-20 year,6_10yr,Pending verification,0,0,0,0,1,2026,TRUE,2026-09-17,Pending verification,No eligible host on completion date,Damiko,Lawson
DTQ848-01-A,6-35 month,12_23_month,Pending verification,0,0,0,0,1,2026,TRUE,2026-08-12,Pending verification,No eligible host on completion date,Damon,Hogan
FFM260-01-A,3-20 year,6_10yr,Pending verification,0,0,0,0,1,2026,TRUE,2026-04-24,Pending verification,No eligible host on completion date,Londyn,Dubose
FNC855-01-A,6-35 month,12_23_month,Pending verification,0,0,0,0,1,2026,TRUE,2026-08-04,Pending verification,No eligible host on completion date,Janerrio,Frye
GDJ477-01-A,6-35 month,12_23_month,Pending verification,0,0,0,0,1,2026,TRUE,2026-03-27,Pending verification,No eligible host on completion date,Carter,Holm
GMS994-01-A,3-20 year,11_17yr,Pending verification,0,0,0,0,1,2026,TRUE,2026-04-10,Pending verification,No eligible host on completion date,Frank,Baumer
HKY684-01-A,3-20 year,6_10yr,Pending verification,0,0,0,0,1,2026,TRUE,2026-07-15,Pending verification,No eligible host on completion date,Iszella,Meeks
HSD339-01-A,3-20 year,6_10yr,Pending verification,0,0,0,0,1,2026,TRUE,2026-04-30,Pending verification,No eligible host on completion date,Lucian,Wizinsky
JMR655-01-A,3-20 year,11_17yr,Pending verification,0,0,0,0,1,2026,TRUE,2026-06-09,Pending verification,No eligible host on completion date,Summer,Sanders
KCT927-01-A,3-20 year,6_10yr,Pending verification,0,0,0,0,1,2026,TRUE,2026-07-01,Pending verification,No eligible host on completion date,Delando,Yarbrough
KRC117-01-A,3-20 year,6_10yr,Pending verification,0,0,0,0,1,2026,TRUE,2026-07-16,Pending verification,No eligible host on completion date,Jay'Vaughn,Anderson
KRR544-01-A,6-35 month,12_23_month,Pending verification,0,0,0,0,1,2026,TRUE,2026-06-02,Pending verification,No eligible host on completion date,Talina,Phillips
LBG473-01-A,3-20 year,6_10yr,Pending verification,0,0,0,0,1,2026,TRUE,2026-04-14,Pending verification,No eligible host on completion date,Alahni,Eason
LPT526-01-A,3-20 year,3_5yr,Pending verification,0,0,0,0,1,2026,TRUE,2026-05-18,Pending verification,No eligible host on completion date,Amelia,Malone
LXZ862-01-A,3-20 year,3_5yr,Pending verification,0,0,0,0,1,2026,TRUE,2026-08-11,Pending verification,No eligible host on completion date,Collins,Mansfield
MHS537-01-A,3-20 year,6_10yr,Pending verification,0,0,0,0,1,2026,TRUE,2026-05-07,Pending verification,No eligible host on completion date,Samuel,Neuhoff
MLW298-01-A,3-20 year,3_5yr,Pending verification,0,0,0,0,1,2026,TRUE,2026-07-15,Pending verification,No eligible host on completion date,Lucy,Lockwood
MNN095-01-A,3-20 year,6_10yr,Pending verification,0,0,0,0,1,2026,TRUE,2026-06-16,Pending verification,No eligible host on completion date,Balthazar,Edwards
MYL231-01-A,3-20 year,6_10yr,Pending verification,0,0,0,0,1,2026,TRUE,2026-07-14,Pending verification,No eligible host on completion date,Henry,Pathic
NCG882-01-A,6-35 month,12_23_month,Pending verification,0,0,0,0,1,2026,TRUE,2026-08-11,Pending verification,No eligible host on completion date,Jeremy,Justice
NPM662-01-A,6-35 month,12_23_month,Pending verification,0,0,0,0,1,2026,TRUE,2026-07-13,Pending verification,No eligible host on completion date,Dorothy,Belanger
QLS775-01-A,3-20 year,3_5yr,Pending verification,0,0,0,0,1,2026,TRUE,2026-06-29,Pending verification,No eligible host on completion date,Ethan,Grooters
QMG495-01-A,3-20 year,3_5yr,Pending verification,0,0,0,0,1,2026,TRUE,2026-08-11,Pending verification,No eligible host on completion date,Veyda,Turner
QRK467-01-M,3-20 year,6_10yr,Pending verification,0,0,0,0,1,2026,TRUE,2026-07-26,Pending verification,No eligible host on completion date,Jehlani,Anderson
QVW747-01-A,6-35 month,12_23_month,Pending verification,0,0,0,0,1,2026,TRUE,2026-09-24,Pending verification,No eligible host on completion date,Shane,Moore
QZD360-01-A,3-20 year,6_10yr,Pending verification,0,0,0,0,1,2026,TRUE,2026-09-01,Pending verification,No eligible host on completion date,Serenity,McCoy
SBH525-01-A,6-35 month,12_23_month,Pending verification,0,0,0,0,1,2026,TRUE,2026-04-18,Pending verification,No eligible host on completion date,Arthur,Bradford
TDY935-01-A,3-20 year,6_10yr,Pending verification,0,0,0,0,1,2026,TRUE,2026-03-09,Pending verification,No eligible host on completion date,Silas,Sisco
TGY183-01-A,3-20 year,11_17yr,Pending verification,0,0,0,0,1,2026,TRUE,2026-03-15,Pending verification,No eligible host on completion date,Pantera,Wilkins
TPN036-01-A,3-20 year,6_10yr,Pending verification,0,0,0,0,1,2026,TRUE,2026-04-28,Pending verification,No eligible host on completion date,Nevaeh,Jackson
VCT498-01-A,3-20 year,3_5yr,Pending verification,0,0,0,0,1,2026,TRUE,2026-07-29,Pending verification,No eligible host on completion date,Kolsyn,Spitzley
VRN902-01-A,3-20 year,3_5yr,Pending verification,0,0,0,0,1,2026,TRUE,2026-07-15,Pending verification,No eligible host on completion date,Eric,Roessler
VZB638-01-A,3-20 year,11_17yr,Pending verification,0,0,0,0,1,2026,TRUE,2026-08-16,Pending verification,No eligible host on completion date,A'Mya,Ross
WFB144-01-A,3-20 year,6_10yr,Pending verification,0,0,0,0,1,2026,TRUE,2026-03-29,Pending verification,No eligible host on completion date,Odin,Spears
XYW274-01-A,3-20 year,6_10yr,Pending verification,0,0,0,0,1,2026,TRUE,2026-06-18,Pending verification,No eligible host on completion date,George,Lee
YMF346-01-A,6-35 month,12_23_month,Pending verification,0,0,0,0,1,2026,TRUE,2026-03-25,Pending verification,No eligible host on completion date,Tatum,Clutts
YMP799-01-A,6-35 month,12_23_month,Pending verification,0,0,0,0,1,2026,TRUE,2026-03-26,Pending verification,No eligible host on completion date,Benjamin,Hsu
YNZ000-01-A,3-20 year,11_17yr,Pending verification,0,0,0,0,1,2026,TRUE,2026-03-09,Pending verification,No eligible host on completion date,Gregory,Cole
YYJ169-01-A,3-20 year,11_17yr,Pending verification,0,0,0,0,1,2026,TRUE,2026-03-19,Pending verification,No eligible host on completion date,Jesus,Soto
ZCR636-01-A,3-20 year,3_5yr,Pending verification,0,0,0,0,1,2026,TRUE,2026-06-25,Pending verification,No eligible host on completion date,Ellie,Peake
BGT851-01-A,3-20 year,6_10yr,Toye,1,0,0,0,1,2026,TRUE,2026-06-09,Toye,Matched completion date,PARIS,KELLY
BZP492-01-A,3-20 year,3_5yr,Toye,2,0,0,2,0,2026,FALSE,,,Not complete,Oliver,Cardona
CBW928-01-A,3-20 year,3_5yr,Toye,1,0,0,0,0,2026,FALSE,,,Not complete,Zora,Howard
CKH175-01-A,3-20 year,6_10yr,Toye,1,0,1,0,0,2026,FALSE,,,Not complete,Elijah,Chandler
CKV256-01-A,3-20 year,3_5yr,Toye,1,0,0,0,0,2026,FALSE,,,Not complete,Thomas,Courtney
CKV256-01-A,3-20 year,6_10yr,Toye,2,0,0,2,0,2026,TRUE,2026-07-02,Pending verification,No eligible host on completion date,Thomas,Courtney
CPS604-01-A,6-35 month,12_23_month,Toye,1,0,1,0,0,2026,FALSE,,,Not complete,Action,Coyte
CSS863-01-A,3-20 year,6_10yr,Toye,1,0,0,0,1,2026,TRUE,2026-07-21,Toye,Matched completion date,Amiyah,Dobbins
CXB725-01-A,6-35 month,12_23_month,Toye,4,1,2,1,0,2026,TRUE,2026-07-16,Pending verification,No eligible host on completion date,Nyrie,Young-Montgomery
DTQ848-01-A,6-35 month,12_23_month,Toye,1,0,0,1,0,2026,TRUE,2026-08-12,Pending verification,No eligible host on completion date,Damon,Hogan
DYN462-01-A,3-20 year,3_5yr,Toye,1,0,1,0,0,2026,FALSE,,,Not complete,Ian,Gordon
FHJ625-01-A,3-20 year,6_10yr,Toye,1,0,0,0,1,2026,TRUE,2026-03-17,Toye,Matched completion date,E'Lijah,Washington
FTC406-01-A,3-20 year,3_5yr,Toye,1,0,0,0,1,2026,TRUE,2026-04-09,Toye,Matched completion date,RYALE,JONES
FYN107-01-A,3-20 year,3_5yr,Toye,1,0,0,0,1,2026,TRUE,2026-05-20,Toye,Matched completion date,Daisy,Brown
GCP510-02-A,3-20 year,3_5yr,Toye,1,0,1,0,0,2026,TRUE,2026-08-31,Kowlini,Matched completion date,Amelia,Sadler
GDY251-01-A,3-20 year,3_5yr,Toye,1,1,0,0,0,2026,FALSE,,,Not complete,Wyatt,Dickinson
GYQ941-01-A,3-20 year,6_10yr,Toye,1,0,0,0,1,2026,TRUE,2026-07-15,Toye,Matched completion date,Violet,Lira
HRF525-01-A,3-20 year,11_17yr,Toye,2,0,0,1,1,2026,TRUE,2026-08-23,Toye,Matched completion date,Nevaeh,Jordan
HSD339-01-A,3-20 year,3_5yr,Toye,1,0,0,0,0,2026,FALSE,,,Not complete,Lucian,Wizinsky
HSX501-01-A,3-20 year,6_10yr,Toye,1,0,0,0,1,2026,TRUE,2026-09-02,Toye,Matched completion date,Quinn,Fox
JFP288-01-A,3-20 year,6_10yr,Toye,1,1,0,0,0,2026,FALSE,,,Not complete,Izhy'Lamonte,Williams
KCT927-01-A,3-20 year,3_5yr,Toye,1,0,0,0,0,2026,FALSE,,,Not complete,Delando,Yarbrough
KLK075-01-A,3-20 year,3_5yr,Toye,1,0,0,0,1,2026,TRUE,2026-07-26,Toye,Matched completion date,Paveen,Karthik
KRC117-01-A,3-20 year,6_10yr,Toye,1,0,1,0,0,2026,TRUE,2026-07-16,Pending verification,No eligible host on completion date,Jay'Vaughn,Anderson
KZC694-01-A,3-20 year,6_10yr,Toye,1,0,0,0,1,2026,TRUE,2026-07-01,Toye,Matched completion date,Harper,LeaTrea
LBG473-01-A,3-20 year,3_5yr,Toye,1,0,0,0,0,2026,FALSE,,,Not complete,Alahni,Eason
LSV069-01-A,3-20 year,6_10yr,Toye,1,0,1,0,0,2026,FALSE,,,Not complete,Ka'Ren,Hall
LVR036-01-A,3-20 year,6_10yr,Toye,1,0,0,0,1,2026,TRUE,2026-07-21,Toye,Matched completion date,Abraham,Matteson
LYC422-01-A,3-20 year,3_5yr,Toye,4,1,0,1,1,2026,TRUE,2026-08-04,Toye,Matched completion date,JaKalelani,Hunt
LZQ650-01-A,6-35 month,12_23_month,Toye,1,0,0,0,0,2026,FALSE,,,Not complete,Naomi,Bracy
MBB404-01-A,3-20 year,3_5yr,Toye,1,0,0,0,1,2026,TRUE,2026-07-29,Toye,Matched completion date,HARMONY,BUTTS
MBS013-01-A,3-20 year,3_5yr,Toye,2,1,1,0,0,2026,FALSE,,,Not complete,Leah Brische,Johnson
MFB544-01-A,3-20 year,6_10yr,Toye,1,0,0,1,0,2026,FALSE,,,Not complete,Naisha,Narula
MFH216-01-A,3-20 year,6_10yr,Toye,2,0,0,1,1,2026,TRUE,2026-08-16,Toye,Matched completion date,Khalil,Archie
MXB539-01-A,3-20 year,6_10yr,Toye,1,0,0,0,0,2026,FALSE,,,Not complete,Reighan,Gary
NCG882-01-A,6-35 month,12_23_month,Toye,1,0,0,1,0,2026,TRUE,2026-08-11,Pending verification,No eligible host on completion date,Jeremy,Justice
NDN427-01-A,3-20 year,6_10yr,Toye,3,0,1,2,0,2026,FALSE,,,Not complete,Zeke,Gagacki
NRK711-01-A,3-20 year,6_10yr,Toye,3,0,0,2,1,2026,TRUE,2026-05-03,Toye,Matched completion date,Silas,Rafferty
NZV696-01-A,3-20 year,3_5yr,Toye,1,1,0,0,0,2026,FALSE,,,Not complete,Juliannah,Williams
PMY376-01-A,3-20 year,6_10yr,Toye,1,0,0,0,1,2026,TRUE,2026-09-30,Toye,Matched completion date,Dasani,Parks
PXZ071-01-A,3-20 year,3_5yr,Toye,1,0,1,0,0,2026,FALSE,,,Not complete,Paislee,Howell
QGX254-01-A,3-20 year,3_5yr,Toye,1,0,0,0,1,2026,TRUE,2026-08-19,Toye,Matched completion date,BROOKS,CASCADDEN
QHC467-01-A,3-20 year,6_10yr,Toye,1,0,0,0,1,2026,TRUE,2026-07-07,Toye,Matched completion date,Malhar,Kulkarni
QHM041-01-A,3-20 year,6_10yr,Toye,1,0,0,0,1,2026,TRUE,2026-03-29,Toye,Matched completion date,Mila,Sikora
QMG495-01-A,3-20 year,3_5yr,Toye,1,0,0,1,0,2026,TRUE,2026-08-11,Pending verification,No eligible host on completion date,Veyda,Turner
QNB666-01-A,3-20 year,3_5yr,Toye,1,1,0,0,0,2026,FALSE,,,Not complete,HarLee,Byrd
QRK467-01-M,3-20 year,6_10yr,Toye,1,0,1,0,0,2026,TRUE,2026-07-26,Pending verification,No eligible host on completion date,Jehlani,Anderson
QRK467-01-N,3-20 year,6_10yr,Toye,1,0,0,0,1,2026,TRUE,2026-07-26,Toye,Matched completion date,Journey,Anderson
QZD360-01-A,3-20 year,6_10yr,Toye,1,0,1,0,0,2026,TRUE,2026-09-01,Pending verification,No eligible host on completion date,Serenity,McCoy
RCJ118-01-A,3-20 year,3_5yr,Toye,1,0,1,0,0,2026,FALSE,,,Not complete,Kendrick,Moore-Roberts
RWP288-01-A,3-20 year,3_5yr,Toye,2,1,0,0,1,2026,TRUE,2026-06-03,Toye,Matched completion date,Luis,GARCIA-MARTINEZ
SSX741-01-A,3-20 year,6_10yr,Toye,1,0,0,1,0,2026,TRUE,2026-07-29,Breanna,Matched completion date,Aiden,Allen
SYJ996-01-M,3-20 year,6_10yr,Toye,2,0,0,1,1,2026,TRUE,2026-04-01,Toye,Matched completion date,Jamir,Welcome
SYJ996-01-N,3-20 year,6_10yr,Toye,1,0,0,0,1,2026,TRUE,2026-04-01,Toye,Matched completion date,Jade,Welcome
TKF056-01-A,3-20 year,6_10yr,Toye,1,1,0,0,0,2026,FALSE,,,Not complete,Da'Mario,Potts
TPN036-01-A,3-20 year,3_5yr,Toye,1,0,0,0,0,2026,FALSE,,,Not complete,Nevaeh,Jackson
TQW993-01-A,3-20 year,3_5yr,Toye,2,0,1,1,0,2026,TRUE,2026-08-23,Andrew,Matched completion date,Khamari,Gates
VBK954-01-A,3-20 year,6_10yr,Toye,1,0,0,0,1,2026,TRUE,2026-04-02,Toye,Matched completion date,Genevieve,Iott
VKG640-01-A,3-20 year,3_5yr,Toye,1,0,0,1,0,2026,TRUE,2026-09-04,Andrew,Matched completion date,Rhylee,Regains
VMF570-01-A,3-20 year,6_10yr,Toye,1,0,0,0,1,2026,TRUE,2026-06-16,Toye,Matched completion date,Grant,Parkinson
VNC365-01-A,3-20 year,3_5yr,Toye,2,0,0,1,1,2026,TRUE,2026-04-21,Toye,Matched completion date,MIA,MAZEH
VWP009-01-A,3-20 year,6_10yr,Toye,1,0,0,0,1,2026,TRUE,2026-06-07,Toye,Matched completion date,Elijah,Benson
VXN541-01-A,3-20 year,6_10yr,Toye,1,0,0,0,1,2026,TRUE,2026-08-05,Toye,Matched completion date,Tillie,Oblak
WDM136-01-A,3-20 year,3_5yr,Toye,1,0,1,0,0,2026,FALSE,,,Not complete,Lucas,Riley
WFB144-01-A,3-20 year,3_5yr,Toye,1,0,0,0,0,2026,FALSE,,,Not complete,Odin,Spears
WFY450-01-A,3-20 year,6_10yr,Toye,1,0,0,0,1,2026,TRUE,2026-04-26,Toye,Matched completion date,Benjamin,Crabtree
WKB507-01-A,3-20 year,6_10yr,Toye,1,0,0,0,1,2026,TRUE,2026-03-31,Toye,Matched completion date,Stephan,George
WTX564-01-A,3-20 year,6_10yr,Toye,2,0,0,1,1,2026,TRUE,2026-08-18,Toye,Matched completion date,Otto,Harker
XMR094-01-A,3-20 year,3_5yr,Toye,1,0,0,0,1,2026,TRUE,2026-06-10,Toye,Matched completion date,Alexander,Lopez Santillano
XTH804-01-A,3-20 year,6_10yr,Toye,1,0,0,0,1,2026,TRUE,2026-07-07,Toye,Matched completion date,TIAHNA,WOODRUFF
XYW274-01-A,3-20 year,6_10yr,Toye,1,0,0,0,0,2026,TRUE,2026-06-18,Pending verification,No eligible host on completion date,George,Lee
YGQ976-01-A,6-35 month,12_23_month,Toye,1,0,1,0,0,2026,FALSE,,,Not complete,Nova,Turner
YLV944-01-A,3-20 year,6_10yr,Toye,1,0,0,0,1,2026,TRUE,2026-03-31,Toye,Matched completion date,Kristen,Soong
YNZ445-01-A,3-20 year,6_10yr,Toye,3,2,0,0,0,2026,FALSE,,,Not complete,Ja'kobe,Taylor
YWZ529-01-A,3-20 year,6_10yr,Toye,2,0,0,1,1,2026,TRUE,2026-05-14,Toye,Matched completion date,Genesis,Williams
YYJ169-01-A,3-20 year,6_10yr,Toye,1,0,0,0,0,2026,FALSE,,,Not complete,Jesus,Soto
ZFP512-01-A,3-20 year,3_5yr,Toye,1,0,0,0,1,2026,TRUE,2026-05-19,Toye,Matched completion date,Charles,Stover
ZHQ218-01-A,3-20 year,6_10yr,Toye,3,1,0,1,1,2026,TRUE,2026-06-03,Toye,Matched completion date,Xavier,Smith
ZHX342-01-A,3-20 year,3_5yr,Toye,1,0,0,0,1,2026,TRUE,2026-04-22,Toye,Matched completion date,Anthony,Watkins
ZRD863-01-A,3-20 year,3_5yr,Toye,1,0,0,0,1,2026,TRUE,2026-05-14,Toye,Matched completion date,SPENCER,MACHOWICZ
ZVQ878-01-A,3-20 year,3_5yr,Toye,1,0,0,0,1,2026,TRUE,2026-08-05,Toye,Matched completion date,Zayvion,Hill
