Participant ID,Participant Cohort,IPA Age Band,Appointment Count,No-show Count,Cancel Count,Reschedule Count,IPA Complete,Completion Date,Completion FTM,Completion Attribution,IPA Year,firstName,lastName
BBB555-01-A,3-20 year,3_5yr,1,0,0,0,TRUE,2026-04-27,Anna,Matched completion date,2026,Brynlee,Astfalk
BBD445-01-A,3-20 year,6_10yr,1,0,0,0,TRUE,2026-10-03,Jo,Matched completion date,2026,Grant,Davis
BGB558-01-A,3-20 year,6_10yr,3,0,1,1,FALSE,,,Not complete,2026,Leah,Talbott
BGT851-01-A,3-20 year,6_10yr,1,0,0,0,TRUE,2026-06-09,Toye,Matched completion date,2026,PARIS,KELLY
BJH083-01-A,3-20 year,6_10yr,3,0,3,0,FALSE,,,Not complete,2026,Austin,Early
BKK569-01-A,3-20 year,6_10yr,1,0,0,0,TRUE,2026-09-02,Kowlini,Matched completion date,2026,Mazzio,Wright
BKV315-01-A,3-20 year,11_17yr,1,0,0,0,TRUE,2026-05-12,Anna,Matched completion date,2026,Amanda,Simmons
BKX774-01-A,3-20 year,11_17yr,2,0,0,0,TRUE,2026-06-06,Jo,Matched completion date,2026,Andrew,Harris
BKX774-01-B,3-20 year,11_17yr,0,0,0,0,TRUE,2026-06-06,Pending verification,No eligible host on completion date,2026,Antonio,Harris
BNH325-01-A,3-20 year,3_5yr,4,0,0,3,TRUE,2026-07-02,Anna,Matched completion date,2026,Braylen,Jones
BPT625-01-A,3-20 year,6_10yr,1,0,0,0,TRUE,2026-08-03,Andrew,Matched completion date,2026,Rocco,Nagel
BPZ685-01-A,3-20 year,3_5yr,1,0,0,0,TRUE,2026-05-03,Jo,Matched completion date,2026,Addison,Roth
BQW274-01-A,3-20 year,3_5yr,1,0,0,0,TRUE,2026-06-03,Jo,Matched completion date,2026,Blair,Pierson
BTK197-01-A,3-20 year,6_10yr,1,0,0,0,TRUE,2026-07-30,Nicole,Matched completion date,2026,Ella,Hoeppner
BZP492-01-A,3-20 year,3_5yr,4,0,0,3,FALSE,,,Not complete,2026,Oliver,Cardona
CBL718-01-A,3-20 year,6_10yr,1,0,0,0,TRUE,2026-07-13,Nicole,Matched completion date,2026,Eli,Rosin
CBW928-01-A,3-20 year,3_5yr,1,0,0,0,FALSE,,,Not complete,2026,Zora,Howard
CBW928-01-A,3-20 year,6_10yr,0,0,0,0,TRUE,2026-05-19,Pending verification,No eligible host on completion date,2026,Zora,Howard
CDK744-01-A,3-20 year,6_10yr,2,0,0,1,TRUE,2026-08-03,Jo,Matched completion date,2026,Ophelia,Davey
CGK997-01-A,3-20 year,6_10yr,1,0,0,0,TRUE,2026-08-05,Nicole,Matched completion date,2026,Natalie,Belanger
CGT416-01-A,3-20 year,11_17yr,1,0,0,0,TRUE,2026-03-13,Amy,Matched completion date,2026,Emilia,Boortz
CHL989-01-A,3-20 year,6_10yr,2,0,1,0,TRUE,2026-07-21,Nicole,Matched completion date,2026,Faye,Durren
CKH175-01-A,3-20 year,6_10yr,1,0,1,0,FALSE,,,Not complete,2026,Elijah,Chandler
CKV256-01-A,3-20 year,3_5yr,1,0,0,0,FALSE,,,Not complete,2026,Thomas,Courtney
CKV256-01-A,3-20 year,6_10yr,2,0,0,2,TRUE,2026-07-02,Pending verification,No eligible host on completion date,2026,Thomas,Courtney
CLP827-01-A,3-20 year,6_10yr,4,0,1,2,FALSE,,,Not complete,2026,Jayla,Kendricks
CLX467-01-A,3-20 year,6_10yr,1,0,0,0,TRUE,2026-09-22,Amy,Matched completion date,2026,Julian,King-Burns
CRB612-01-A,3-20 year,3_5yr,3,0,0,2,TRUE,2026-09-10,Andrew,Matched completion date,2026,Madison,Morris
CRN594-01-A,3-20 year,11_17yr,2,0,1,0,TRUE,2026-04-15,Amy,Matched completion date,2026,Karizma,Scott
CSC443-01-A,3-20 year,6_10yr,1,0,0,0,TRUE,2026-08-24,Nicole,Matched completion date,2026,Sarah,Stotler
CSG043-01-A,3-20 year,11_17yr,2,0,0,1,TRUE,2026-07-20,Cassie,Matched completion date,2026,Olivia,Davis
CSS863-01-A,3-20 year,6_10yr,1,0,0,0,TRUE,2026-07-21,Toye,Matched completion date,2026,Amiyah,Dobbins
CVD069-01-A,3-20 year,6_10yr,1,0,1,0,FALSE,,,Not complete,2026,Jaiden,Sprinkle
CVH085-01-A,3-20 year,6_10yr,2,0,0,1,TRUE,2026-07-13,Pending verification,No eligible host on completion date,2026,Bronce,White
CWR588-01-A,3-20 year,6_10yr,2,0,0,1,TRUE,2026-08-27,Andrew,Matched completion date,2026,Chaz,Eastman
CXM978-01-A,3-20 year,6_10yr,1,0,0,0,TRUE,2026-06-17,Nicole,Matched completion date,2026,Dalton,Somero
CXR904-01-A,3-20 year,6_10yr,3,0,1,1,TRUE,2026-08-30,Kowlini,Matched completion date,2026,Breyden,Basom
CZX484-01-A,3-20 year,6_10yr,1,1,0,0,FALSE,,,Not complete,2026,Gionni,Dickerson
DGF778-01-A,3-20 year,6_10yr,1,0,0,0,TRUE,2026-09-01,Nicole,Matched completion date,2026,Inman,Lawson
DJK313-01-A,3-20 year,6_10yr,1,0,0,0,TRUE,2026-08-27,Nicole,Matched completion date,2026,Brielle,Goethals
DKC244-01-A,3-20 year,11_17yr,1,0,0,0,TRUE,2026-06-10,Jo,Matched completion date,2026,Tyson,Darnell
DLC442-01-A,3-20 year,3_5yr,1,0,0,0,TRUE,2026-07-07,Anna,Matched completion date,2026,Isaiah,Galvez
DNW140-01-A,3-20 year,6_10yr,1,0,0,0,TRUE,2026-09-01,Andrew,Matched completion date,2026,Brayden,Meeuwes
DQZ583-01-A,3-20 year,3_5yr,1,0,0,0,FALSE,,,Not complete,2026,Damiko,Lawson
DQZ583-01-A,3-20 year,6_10yr,0,0,0,0,TRUE,2026-09-17,Pending verification,No eligible host on completion date,2026,Damiko,Lawson
DRW841-01-A,3-20 year,11_17yr,1,0,0,0,TRUE,2026-05-10,Amy,Matched completion date,2026,Jude,Calley
DSN848-01-A,3-20 year,6_10yr,2,0,0,1,TRUE,2026-08-13,Kowlini,Matched completion date,2026,Kuwaila,Blackamore
DWB641-01-A,3-20 year,6_10yr,1,0,0,0,FALSE,,,Not complete,2026,Nolan,Scarlett
DWJ555-01-A,3-20 year,6_10yr,2,1,0,0,TRUE,2026-09-09,Kowlini,Matched completion date,2026,Nehemiah,Flourry
DYN462-01-A,3-20 year,3_5yr,1,0,1,0,FALSE,,,Not complete,2026,Ian,Gordon
FFC134-01-A,3-20 year,6_10yr,1,0,0,0,TRUE,2026-08-23,Kowlini,Matched completion date,2026,Gabriella,Hawver
FFM260-01-A,3-20 year,6_10yr,0,0,0,0,TRUE,2026-04-24,Pending verification,No eligible host on completion date,2026,Londyn,Dubose
FHJ625-01-A,3-20 year,6_10yr,1,0,0,0,TRUE,2026-03-17,Toye,Matched completion date,2026,E'Lijah,Washington
FKD843-01-A,3-20 year,11_17yr,2,0,0,1,FALSE,,,Not complete,2026,Turin,Hill
FNS996-01-A,3-20 year,11_17yr,1,0,0,0,TRUE,2026-08-26,Amy,Matched completion date,2026,Tristan,Gallagher
FTC406-01-A,3-20 year,3_5yr,1,0,0,0,TRUE,2026-04-09,Toye,Matched completion date,2026,RYALE,JONES
FWH545-01-A,3-20 year,11_17yr,1,0,0,0,TRUE,2026-06-03,Jo,Matched completion date,2026,Walter,Ranger-Hardigan
FWL830-01-A,3-20 year,6_10yr,1,0,0,0,TRUE,2026-07-13,Nicole,Matched completion date,2026,Jackson,Williams
FYB626-01-A,3-20 year,11_17yr,1,0,0,0,TRUE,2026-04-07,Cassie,Matched completion date,2026,Parker,Shotrosky
FYC718-01-A,3-20 year,3_5yr,1,0,0,0,TRUE,2026-07-31,Andrew,Matched completion date,2026,EMILIA,NOWOSATKO
FYG871-01-A,3-20 year,6_10yr,1,1,0,0,FALSE,,,Not complete,2026,Messiah,Barber
FYN107-01-A,3-20 year,3_5yr,1,0,0,0,TRUE,2026-05-20,Toye,Matched completion date,2026,Daisy,Brown
GBB029-01-A,3-20 year,6_10yr,1,0,0,0,TRUE,2026-09-17,Andrew,Matched completion date,2026,Reign,Threlkeld
GCP510-02-A,3-20 year,3_5yr,3,0,2,0,TRUE,2026-08-31,Kowlini,Matched completion date,2026,Amelia,Sadler
GDY251-01-A,3-20 year,3_5yr,1,1,0,0,FALSE,,,Not complete,2026,Wyatt,Dickinson
GFK818-01-A,3-20 year,3_5yr,1,0,0,0,TRUE,2026-05-14,Anna,Matched completion date,2026,Emoni,Evans
GFP154-01-A,3-20 year,6_10yr,1,0,0,0,TRUE,2026-08-10,Anna,Matched completion date,2026,Noah,Williams
GHR496-01-A,3-20 year,6_10yr,1,0,0,0,TRUE,2026-09-04,Andrew,Matched completion date,2026,Chloe,Ross
GKZ718-01-A,3-20 year,3_5yr,1,0,0,0,TRUE,2026-04-30,Anna,Matched completion date,2026,Willem,Kadau
GMK178-01-A,3-20 year,6_10yr,1,0,0,0,TRUE,2026-08-25,Nicole,Matched completion date,2026,Declan,Loomis
GMS994-01-A,3-20 year,11_17yr,1,0,0,0,TRUE,2026-04-10,Pending verification,No eligible host on completion date,2026,Frank,Baumer
GRN392-01-A,3-20 year,11_17yr,1,0,0,0,TRUE,2026-04-25,Cassie,Matched completion date,2026,LeeAnn,Hooper
GVZ320-01-A,3-20 year,6_10yr,1,0,0,0,TRUE,2026-08-11,Andrew,Matched completion date,2026,Robin,Harris-Jacks
GWP690-01-A,3-20 year,11_17yr,3,0,0,2,TRUE,2026-04-22,Jo,Matched completion date,2026,Lyric,Barker
GYQ941-01-A,3-20 year,6_10yr,1,0,0,0,TRUE,2026-07-15,Toye,Matched completion date,2026,Violet,Lira
GZM171-01-A,3-20 year,11_17yr,2,0,0,1,TRUE,2026-05-11,Cassie,Matched completion date,2026,Rolando,Vidal
HBN403-01-A,3-20 year,6_10yr,2,1,0,1,FALSE,,,Not complete,2026,Mouhamad,Sarr
HBX436-01-A,3-20 year,11_17yr,1,0,0,0,TRUE,2026-08-06,Amy,Matched completion date,2026,Emillio,Rodriguez
HCG894-01-A,3-20 year,6_10yr,1,0,0,0,FALSE,,,Not complete,2026,Adalynn,Yaster
HGX059-01-A,3-20 year,11_17yr,2,0,1,0,TRUE,2026-04-18,Jo,Matched completion date,2026,Malakai,Xiong
HGZ645-01-A,3-20 year,6_10yr,1,0,0,0,TRUE,2026-06-22,Nicole,Matched completion date,2026,Emily,Nothstine
HHL079-01-A,3-20 year,6_10yr,1,0,0,0,TRUE,2026-07-14,Jody,Matched completion date,2026,Gianna,Pasienza
HJC838-01-A,3-20 year,6_10yr,1,0,0,0,TRUE,2026-08-26,Amy,Matched completion date,2026,Nelia,Richardson
HKF151-01-A,3-20 year,11_17yr,1,0,0,0,TRUE,2026-07-13,Cassie,Matched completion date,2026,Makayla,Meister
HKF151-02-A,3-20 year,11_17yr,1,0,0,0,TRUE,2026-07-13,Cassie,Matched completion date,2026,Makenzie,Meister
HKY684-01-A,3-20 year,6_10yr,0,0,0,0,TRUE,2026-07-15,Pending verification,No eligible host on completion date,2026,Iszella,Meeks
HLW497-01-A,3-20 year,3_5yr,1,0,0,0,TRUE,2026-07-28,Jody,Matched completion date,2026,Henley,Lucynski
HMP017-01-A,3-20 year,6_10yr,1,0,0,0,FALSE,,,Not complete,2026,Asher,Biernat
HMP636-01-A,3-20 year,6_10yr,1,0,0,0,TRUE,2026-08-03,Andrew,Matched completion date,2026,Ava,Laurie
HQB638-01-A,3-20 year,11_17yr,2,0,0,1,TRUE,2026-09-28,Jo,Matched completion date,2026,Boe,Choban
HQX076-01-A,3-20 year,6_10yr,1,0,0,0,TRUE,2026-07-16,Nicole,Matched completion date,2026,Jaxson,Simmons
HQY396-01-A,3-20 year,6_10yr,2,0,1,0,TRUE,2026-08-27,Nicole,Matched completion date,2026,Zephryne,Bobier
HRF525-01-A,3-20 year,11_17yr,2,0,0,1,TRUE,2026-08-23,Toye,Matched completion date,2026,Nevaeh,Jordan
HSD339-01-A,3-20 year,3_5yr,1,0,0,0,FALSE,,,Not complete,2026,Lucian,Wizinsky
HSD339-01-A,3-20 year,6_10yr,0,0,0,0,TRUE,2026-04-30,Pending verification,No eligible host on completion date,2026,Lucian,Wizinsky
HSV917-01-A,3-20 year,11_17yr,1,0,0,0,TRUE,2026-05-04,Jo,Matched completion date,2026,Alaiya,Smith
HSX501-01-A,3-20 year,6_10yr,1,0,0,0,TRUE,2026-09-02,Toye,Matched completion date,2026,Quinn,Fox
HTW595-01-A,3-20 year,3_5yr,1,0,0,0,TRUE,2026-06-03,Anna,Matched completion date,2026,James,Petersen
HXK737-01-A,3-20 year,3_5yr,1,0,0,0,TRUE,2026-08-10,Anna,Matched completion date,2026,Kai,MacDonald
HYP683-01-A,3-20 year,11_17yr,1,0,0,0,TRUE,2026-08-02,Amy,Matched completion date,2026,Sha`Qira,Lee
HYQ752-01-A,3-20 year,11_17yr,1,0,0,0,TRUE,2026-06-28,Cassie,Matched completion date,2026,Mia,Bunting
HZD623-01-A,3-20 year,11_17yr,2,0,2,0,FALSE,,,Not complete,2026,Guillermo,Upton
HZT648-01-A,3-20 year,11_17yr,1,0,0,0,TRUE,2026-04-16,Jo,Matched completion date,2026,Alayna,Pettit
JDH761-01-A,3-20 year,3_5yr,1,0,0,0,TRUE,2026-04-21,Anna,Matched completion date,2026,Beaux,LaCoy
JFG039-01-A,3-20 year,6_10yr,1,0,0,0,TRUE,2026-09-20,Andrew,Matched completion date,2026,Bryce,Brown
JFP288-01-A,3-20 year,6_10yr,1,1,0,0,FALSE,,,Not complete,2026,Izhy'Lamonte,Williams
JJK068-01-A,3-20 year,3_5yr,1,0,0,0,TRUE,2026-07-24,Jody,Matched completion date,2026,Edward,Kronner
JJV437-01-A,3-20 year,6_10yr,1,0,0,0,TRUE,2026-10-01,Nicole,Matched completion date,2026,Sophia,Kelly
JKF839-01-A,3-20 year,6_10yr,1,0,0,0,TRUE,2026-08-05,Andrew,Matched completion date,2026,Lila,Muthuswami
JKZ989-01-A,3-20 year,6_10yr,1,0,0,0,TRUE,2026-09-03,Nicole,Matched completion date,2026,Hadley,Noell
JMR655-01-A,3-20 year,11_17yr,0,0,0,0,TRUE,2026-06-09,Pending verification,No eligible host on completion date,2026,Summer,Sanders
JMR655-01-A,3-20 year,6_10yr,4,0,0,2,FALSE,,,Not complete,2026,Summer,Sanders
JNT771-01-A,3-20 year,11_17yr,1,0,0,0,TRUE,2026-08-10,Cassie,Matched completion date,2026,Eastyn,Holmes
JQF218-01-A,3-20 year,11_17yr,1,0,0,0,TRUE,2026-05-20,Amy,Matched completion date,2026,Fernando,Bustillos
JQZ496-01-A,3-20 year,11_17yr,3,0,1,1,TRUE,2026-07-24,Jo,Matched completion date,2026,Regan,Adams
JSF732-01-A,3-20 year,11_17yr,1,0,0,0,TRUE,2026-07-07,Cassie,Matched completion date,2026,Amiya,Lucas
JSS418-01-A,3-20 year,6_10yr,2,0,0,1,FALSE,,,Not complete,2026,Gabriel,Padilla
JTC719-01-A,3-20 year,11_17yr,1,0,0,0,TRUE,2026-05-26,Amy,Matched completion date,2026,Diesel,Bearden
JTV110-01-A,3-20 year,3_5yr,1,0,0,0,TRUE,2026-09-19,Andrew,Matched completion date,2026,Aydrian,Miller
JVW695-01-A,3-20 year,3_5yr,1,0,0,0,TRUE,2026-08-11,Andrew,Matched completion date,2026,Brielle,Kilbourne
JWJ589-01-A,3-20 year,6_10yr,1,0,0,0,TRUE,2026-08-26,Kowlini,Matched completion date,2026,Amanda,Sheehan
JWP176-01-A,3-20 year,6_10yr,1,0,0,0,TRUE,2026-10-02,Andrew,Matched completion date,2026,Coby,English
JYK203-01-A,3-20 year,6_10yr,1,0,0,0,FALSE,,,Not complete,2026,Olufemi,Olowolafe
JYP178-01-A,3-20 year,3_5yr,1,1,0,0,FALSE,,,Not complete,2026,Nyla,Love
JYP178-01-N,3-20 year,3_5yr,1,1,0,0,FALSE,,,Not complete,2026,Noelle,Love
JZM106-01-A,3-20 year,6_10yr,2,0,0,1,FALSE,,,Not complete,2026,Lillian,Hurd
JZP660-01-A,3-20 year,3_5yr,1,1,0,0,FALSE,,,Not complete,2026,Peace,Vinson
KBQ321-01-A,3-20 year,3_5yr,1,0,0,0,TRUE,2026-05-03,Jody,Matched completion date,2026,Maverick,Tapplin
KCT927-01-A,3-20 year,3_5yr,1,0,0,0,FALSE,,,Not complete,2026,Delando,Yarbrough
KCT927-01-A,3-20 year,6_10yr,0,0,0,0,TRUE,2026-07-01,Pending verification,No eligible host on completion date,2026,Delando,Yarbrough
KDH192-01-A,3-20 year,6_10yr,1,0,0,0,FALSE,,,Not complete,2026,Ryleigh,Neal
KDS985-01-A,3-20 year,11_17yr,1,0,0,0,TRUE,2026-06-15,Cassie,Matched completion date,2026,Audra,Corneal
KFH643-01-A,3-20 year,3_5yr,1,0,0,0,TRUE,2026-07-27,Anna,Matched completion date,2026,Jordan,Pryor
KFQ955-01-A,3-20 year,6_10yr,1,0,0,0,TRUE,2026-07-07,Cassie,Matched completion date,2026,Bennett,Roe
KGL651-01-A,3-20 year,6_10yr,1,0,0,0,TRUE,2026-09-27,Jo,Matched completion date,2026,Jacob,Badour
KJR698-01-A,3-20 year,3_5yr,2,0,0,1,TRUE,2026-05-01,Anna,Matched completion date,2026,Ava,Hanko
KKR431-01-A,3-20 year,6_10yr,1,0,0,0,TRUE,2026-07-13,Nicole,Matched completion date,2026,Paul,Muladore
KKT953-01-A,3-20 year,6_10yr,1,1,0,0,FALSE,,,Not complete,2026,Armani,Carter
KKW154-01-A,3-20 year,6_10yr,1,0,0,0,TRUE,2026-09-14,Nicole,Matched completion date,2026,Lucas,Engels
KLK075-01-A,3-20 year,3_5yr,1,0,0,0,TRUE,2026-07-26,Toye,Matched completion date,2026,Paveen,Karthik
KPJ294-01-A,3-20 year,11_17yr,1,0,0,0,TRUE,2026-07-28,Amy,Matched completion date,2026,Grace,Akley
KPV565-01-A,3-20 year,11_17yr,1,0,0,0,TRUE,2026-05-10,Amy,Matched completion date,2026,Veronica,Polischuk
KRC117-01-A,3-20 year,6_10yr,1,0,1,0,TRUE,2026-07-16,Pending verification,No eligible host on completion date,2026,Jay'Vaughn,Anderson
KRY635-01-A,3-20 year,6_10yr,1,0,0,0,TRUE,2026-04-18,Jo,Matched completion date,2026,James,Mueller
KSZ066-01-A,3-20 year,6_10yr,2,0,0,1,TRUE,2026-09-19,Andrew,Matched completion date,2026,Aa'Layah,Wilkes
KXH001-01-A,3-20 year,6_10yr,1,1,0,0,FALSE,,,Not complete,2026,Parker,Merrow
KZC694-01-A,3-20 year,6_10yr,1,0,0,0,TRUE,2026-07-01,Toye,Matched completion date,2026,Harper,LeaTrea
KZP212-01-A,3-20 year,6_10yr,1,0,0,0,TRUE,2026-09-18,Kowlini,Matched completion date,2026,Auriliano,Lovett
LBG473-01-A,3-20 year,3_5yr,1,0,0,0,FALSE,,,Not complete,2026,Alahni,Eason
LBG473-01-A,3-20 year,6_10yr,0,0,0,0,TRUE,2026-04-14,Pending verification,No eligible host on completion date,2026,Alahni,Eason
LCR073-01-A,3-20 year,6_10yr,1,0,0,0,TRUE,2026-08-27,Nicole,Matched completion date,2026,Josie,Boyce
LGF333-01-A,3-20 year,6_10yr,2,0,2,0,FALSE,,,Not complete,2026,Beau,Bradley
LKY497-01-A,3-20 year,11_17yr,1,0,0,0,TRUE,2026-07-22,Jo,Matched completion date,2026,Landon,Huntoon
LMR839-01-A,3-20 year,3_5yr,1,0,0,0,TRUE,2026-08-31,Andrew,Matched completion date,2026,AMIRA,LAWRENCE-HUNT
LNP424-01-A,3-20 year,3_5yr,1,0,0,0,TRUE,2026-04-07,Cassie,Matched completion date,2026,Charlotte,Robles
LPT526-01-A,3-20 year,3_5yr,0,0,0,0,TRUE,2026-05-18,Pending verification,No eligible host on completion date,2026,Amelia,Malone
LQY206-01-A,3-20 year,6_10yr,1,0,0,0,TRUE,2026-06-30,Cassie,Matched completion date,2026,CONNOR,MCENTEE
LSV069-01-A,3-20 year,6_10yr,1,0,1,0,FALSE,,,Not complete,2026,Ka'Ren,Hall
LSZ581-01-A,3-20 year,3_5yr,1,0,0,0,TRUE,2026-05-04,Anna,Matched completion date,2026,Madelyn,Jolman
LVN615-01-M,3-20 year,6_10yr,2,0,0,1,TRUE,2026-07-30,Nicole,Matched completion date,2026,AXL,MARSH
LVN615-01-N,3-20 year,6_10yr,1,0,0,0,TRUE,2026-07-30,Nicole,Matched completion date,2026,SILAS,MARSH
LVR036-01-A,3-20 year,6_10yr,1,0,0,0,TRUE,2026-07-21,Toye,Matched completion date,2026,Abraham,Matteson
LWN054-01-M,3-20 year,6_10yr,1,0,0,0,FALSE,,,Not complete,2026,Harlan,Lafferty
LWN054-01-N,3-20 year,6_10yr,1,0,0,0,FALSE,,,Not complete,2026,Leland,Lafferty
LXZ862-01-A,3-20 year,3_5yr,2,0,0,1,TRUE,2026-08-11,Pending verification,No eligible host on completion date,2026,Collins,Mansfield
LYC422-01-A,3-20 year,3_5yr,4,1,0,1,TRUE,2026-08-04,Toye,Matched completion date,2026,JaKalelani,Hunt
LYY018-01-A,3-20 year,6_10yr,1,0,0,0,FALSE,,,Not complete,2026,Octavia,Fultz
LZJ787-01-A,3-20 year,3_5yr,1,1,0,0,FALSE,,,Not complete,2026,Ivoree,Russell
MBB404-01-A,3-20 year,3_5yr,1,0,0,0,TRUE,2026-07-29,Toye,Matched completion date,2026,HARMONY,BUTTS
MBC594-01-A,3-20 year,3_5yr,1,0,0,0,TRUE,2026-08-02,Jo,Matched completion date,2026,Kyla,Hall
MBS013-01-A,3-20 year,3_5yr,2,1,1,0,FALSE,,,Not complete,2026,Leah Brische,Johnson
MCC047-01-A,3-20 year,6_10yr,1,0,0,0,FALSE,,,Not complete,2026,Riley,Kunz
MCV210-01-A,3-20 year,11_17yr,1,0,0,0,TRUE,2026-07-23,Jo,Matched completion date,2026,Mick,Brogan
MFB544-01-A,3-20 year,6_10yr,4,0,1,3,FALSE,,,Not complete,2026,Naisha,Narula
MFH216-01-A,3-20 year,6_10yr,2,0,0,1,TRUE,2026-08-16,Toye,Matched completion date,2026,Khalil,Archie
MHS537-01-A,3-20 year,3_5yr,1,0,0,0,FALSE,,,Not complete,2026,Samuel,Neuhoff
MHS537-01-A,3-20 year,6_10yr,0,0,0,0,TRUE,2026-05-07,Pending verification,No eligible host on completion date,2026,Samuel,Neuhoff
MLW298-01-A,3-20 year,3_5yr,2,0,0,1,TRUE,2026-07-15,Pending verification,No eligible host on completion date,2026,Lucy,Lockwood
MMK311-01-A,3-20 year,3_5yr,2,0,0,1,TRUE,2026-06-03,Jody,Matched completion date,2026,Lucas,Thornton
MMK311-01-N,3-20 year,3_5yr,2,0,1,0,TRUE,2026-06-03,Jody,Matched completion date,2026,Larkin,Thornton
MMK829-01-A,3-20 year,3_5yr,1,0,0,0,TRUE,2026-08-14,Kowlini,Matched completion date,2026,Marcelena,Urtiaga-Medina
MNN095-01-A,3-20 year,6_10yr,0,0,0,0,TRUE,2026-06-16,Pending verification,No eligible host on completion date,2026,Balthazar,Edwards
MPX757-01-A,3-20 year,3_5yr,2,0,0,1,FALSE,,,Not complete,2026,Colt,OHare
MQJ796-01-M,3-20 year,11_17yr,1,0,0,0,TRUE,2026-04-01,Cassie,Matched completion date,2026,Oscar,Lukens
MQJ796-01-N,3-20 year,11_17yr,1,0,0,0,TRUE,2026-04-01,Cassie,Matched completion date,2026,Rocco,Lukens
MQM950-01-A,3-20 year,11_17yr,4,0,1,2,TRUE,2026-10-03,Jo,Matched completion date,2026,Elijah,LaGarde
MRX335-01-A,3-20 year,6_10yr,1,0,0,0,TRUE,2026-08-24,Nicole,Matched completion date,2026,Noah,Paul
MXB539-01-A,3-20 year,6_10yr,2,0,0,1,FALSE,,,Not complete,2026,Reighan,Gary
MYL231-01-A,3-20 year,3_5yr,2,0,0,1,FALSE,,,Not complete,2026,Henry,Pathic
MYL231-01-A,3-20 year,6_10yr,0,0,0,0,TRUE,2026-07-14,Pending verification,No eligible host on completion date,2026,Henry,Pathic
MYN399-01-A,3-20 year,3_5yr,1,0,0,0,TRUE,2026-07-27,Jo,Matched completion date,2026,Eleanor,Brunner
MYP897-01-A,3-20 year,11_17yr,1,0,0,0,TRUE,2026-07-28,Jody,Matched completion date,2026,Addison,Schaenzer
MYY891-01-A,3-20 year,6_10yr,2,0,0,1,TRUE,2026-06-22,Nicole,Matched completion date,2026,Vienna,Becker
NBV813-01-A,3-20 year,11_17yr,1,0,0,0,TRUE,2026-03-30,Cassie,Matched completion date,2026,Henry,Rutledge
NDN427-01-A,3-20 year,6_10yr,4,0,2,2,FALSE,,,Not complete,2026,Zeke,Gagacki
NDX702-01-A,3-20 year,3_5yr,1,0,0,0,TRUE,2026-07-26,Andrew,Matched completion date,2026,EYAD,HATEM
NGT839-01-A,3-20 year,11_17yr,1,0,0,0,FALSE,,,Not complete,2026,Nolan,Valentine
NGX536-01-A,3-20 year,6_10yr,1,0,0,0,TRUE,2026-08-19,Amy,Matched completion date,2026,Astrid,Pfeifer-Lindberg
NHR264-01-A,3-20 year,6_10yr,2,0,1,0,TRUE,2026-06-10,Nicole,Matched completion date,2026,Evangeline,Johnson
NKG127-01-A,3-20 year,11_17yr,1,0,0,0,TRUE,2026-05-02,Jo,Matched completion date,2026,Cameron,Nichols
NMF407-01-A,3-20 year,11_17yr,1,0,0,0,TRUE,2026-05-11,Cassie,Matched completion date,2026,Kaliyah,Ray
NMT952-01-A,3-20 year,3_5yr,1,0,0,0,TRUE,2026-10-01,Jo,Matched completion date,2026,Declan,Schroeder
NNF727-01-A,3-20 year,6_10yr,1,0,0,0,FALSE,,,Not complete,2026,Addison,Tuttle
NRK711-01-A,3-20 year,6_10yr,3,0,0,2,TRUE,2026-05-03,Toye,Matched completion date,2026,Silas,Rafferty
NVB331-01-A,3-20 year,6_10yr,1,0,0,0,TRUE,2026-04-28,Nicole,Matched completion date,2026,Madelynn,Klingelsmith
NZV696-01-A,3-20 year,3_5yr,1,1,0,0,FALSE,,,Not complete,2026,Juliannah,Williams
PBC879-01-A,3-20 year,6_10yr,1,0,0,0,TRUE,2026-10-04,Andrew,Matched completion date,2026,Edith,Smolenski
PBF223-01-A,3-20 year,11_17yr,1,0,0,0,TRUE,2026-04-02,Cassie,Matched completion date,2026,Collin,Dally
PDV195-01-A,3-20 year,11_17yr,2,0,2,0,FALSE,,,Not complete,2026,Sanyaa,Jackson-Young
PDW328-01-A,3-20 year,11_17yr,1,0,0,0,TRUE,2026-04-15,Jo,Matched completion date,2026,Avalee,Handy
PFD674-01-A,3-20 year,3_5yr,3,0,1,1,FALSE,,,Not complete,2026,Scout,Scheidel
PHN877-01-A,3-20 year,6_10yr,1,0,0,0,TRUE,2026-07-16,Nicole,Matched completion date,2026,Jonathan,Wigton
PHT777-01-A,3-20 year,11_17yr,1,0,0,0,TRUE,2026-06-09,Jo,Matched completion date,2026,Milan,Aikens
PMY376-01-A,3-20 year,6_10yr,1,0,0,0,TRUE,2026-09-30,Toye,Matched completion date,2026,Dasani,Parks
PND524-01-A,3-20 year,6_10yr,1,0,0,0,TRUE,2026-08-24,Nicole,Matched completion date,2026,Carter,Klumb
PPK451-01-A,3-20 year,3_5yr,1,0,1,0,FALSE,,,Not complete,2026,JAXON,RHOADS
PPM461-01-A,3-20 year,6_10yr,1,0,0,0,TRUE,2026-06-01,Jody,Matched completion date,2026,Kristian,Volyanyuk
PRD929-01-A,3-20 year,6_10yr,1,0,0,0,TRUE,2026-09-26,Kowlini,Matched completion date,2026,Zaria,Harper
PRH159-01-A,3-20 year,6_10yr,1,0,0,0,FALSE,,,Not complete,2026,Lilly-Ann,Rodocker
PRT334-01-A,3-20 year,6_10yr,1,0,0,0,TRUE,2026-07-24,Jo,Matched completion date,2026,Milayna,Porath
PTN126-01-A,3-20 year,6_10yr,6,0,1,4,TRUE,2026-07-21,Nicole,Matched completion date,2026,Emilia,LaBarre
PXV115-01-A,3-20 year,6_10yr,1,0,0,0,TRUE,2026-06-17,Nicole,Matched completion date,2026,Bronson,Doyle
PXZ071-01-A,3-20 year,3_5yr,1,0,1,0,FALSE,,,Not complete,2026,Paislee,Howell
QFN151-01-A,3-20 year,6_10yr,1,0,0,0,TRUE,2026-06-07,Amy,Matched completion date,2026,Cassie,Salame
QGX254-01-A,3-20 year,3_5yr,1,0,0,0,TRUE,2026-08-19,Toye,Matched completion date,2026,BROOKS,CASCADDEN
QHC467-01-A,3-20 year,6_10yr,1,0,0,0,TRUE,2026-07-07,Toye,Matched completion date,2026,Malhar,Kulkarni
QHG535-01-A,3-20 year,6_10yr,3,1,1,0,TRUE,2026-09-30,Andrew,Matched completion date,2026,Javonte,Smith
QHJ854-01-A,3-20 year,11_17yr,2,0,1,0,TRUE,2026-09-29,Jo,Matched completion date,2026,Delvon,Robinson
QHM041-01-A,3-20 year,6_10yr,1,0,0,0,TRUE,2026-03-29,Toye,Matched completion date,2026,Mila,Sikora
QJJ178-01-A,3-20 year,6_10yr,1,0,0,0,TRUE,2026-07-16,Nicole,Matched completion date,2026,Max,Freeman
QKS362-01-A,3-20 year,6_10yr,1,1,0,0,FALSE,,,Not complete,2026,Hailey,Ives
QLS775-01-A,3-20 year,3_5yr,1,0,0,0,TRUE,2026-06-29,Pending verification,No eligible host on completion date,2026,Ethan,Grooters
QMG495-01-A,3-20 year,3_5yr,2,0,1,1,TRUE,2026-08-11,Pending verification,No eligible host on completion date,2026,Veyda,Turner
QMT063-01-A,3-20 year,11_17yr,1,0,0,0,TRUE,2026-05-01,Jo,Matched completion date,2026,Parris,Welch
QNB666-01-A,3-20 year,3_5yr,1,1,0,0,FALSE,,,Not complete,2026,HarLee,Byrd
QPF716-01-A,3-20 year,3_5yr,2,2,0,0,FALSE,,,Not complete,2026,William,Thorne
QRD285-01-A,3-20 year,11_17yr,1,0,0,0,TRUE,2026-09-02,Amy,Matched completion date,2026,Mi`Yaina,Davis
QRK467-01-M,3-20 year,6_10yr,1,0,1,0,TRUE,2026-07-26,Pending verification,No eligible host on completion date,2026,Jehlani,Anderson
QRK467-01-N,3-20 year,6_10yr,1,0,0,0,TRUE,2026-07-26,Toye,Matched completion date,2026,Journey,Anderson
QTN450-01-A,3-20 year,3_5yr,1,0,0,0,TRUE,2026-07-07,Anna,Matched completion date,2026,Knox,Bakker
QTQ022-01-A,3-20 year,6_10yr,2,0,1,0,TRUE,2026-09-21,Kowlini,Matched completion date,2026,Scarlet,Young
QWF984-01-A,3-20 year,11_17yr,2,0,0,1,TRUE,2026-07-27,Anna,Matched completion date,2026,Jason,Walker
QYF906-01-A,3-20 year,6_10yr,1,0,0,0,TRUE,2026-08-02,Amy,Matched completion date,2026,Lillian,Keen
QZD360-01-A,3-20 year,6_10yr,1,0,1,0,TRUE,2026-09-01,Pending verification,No eligible host on completion date,2026,Serenity,McCoy
QZP255-01-A,3-20 year,6_10yr,1,0,0,0,TRUE,2026-08-19,Amy,Matched completion date,2026,Amelia,Herald
RBR931-01-A,3-20 year,11_17yr,1,0,0,0,TRUE,2026-09-21,Cassie,Matched completion date,2026,Patience,Harris
RBR931-02-A,3-20 year,11_17yr,1,0,0,0,TRUE,2026-09-21,Cassie,Matched completion date,2026,Braxton,Harris
RCH363-01-A,3-20 year,6_10yr,1,0,0,0,TRUE,2026-07-27,Jo,Matched completion date,2026,Barrett,Klink
RCJ118-01-A,3-20 year,3_5yr,4,1,1,1,FALSE,,,Not complete,2026,Kendrick,Moore-Roberts
RDJ491-01-A,3-20 year,11_17yr,4,2,2,0,FALSE,,,Not complete,2026,Aubrianah,Clayborn
RGM456-01-A,3-20 year,6_10yr,1,0,0,0,TRUE,2026-04-27,Nicole,Matched completion date,2026,Cameron,Keiser
RGQ821-01-A,3-20 year,6_10yr,1,0,0,0,TRUE,2026-07-31,Kowlini,Matched completion date,2026,Vincent,Fulara
RGV560-01-A,3-20 year,11_17yr,1,0,0,0,TRUE,2026-08-01,Jo,Matched completion date,2026,Lydia,Raney
RGV560-01-B,3-20 year,11_17yr,1,0,0,0,TRUE,2026-08-01,Jo,Matched completion date,2026,Harper,Raney
RMX477-01-A,3-20 year,6_10yr,1,1,0,0,FALSE,,,Not complete,2026,Payton,Brown
RNV741-01-A,3-20 year,11_17yr,3,0,0,2,TRUE,2026-06-30,Cassie,Matched completion date,2026,Frantz,Lubrin
RPS818-01-A,3-20 year,6_10yr,1,0,0,0,TRUE,2026-09-20,Amy,Matched completion date,2026,Zayn,Rodgers
RQS085-01-A,3-20 year,3_5yr,1,1,0,0,FALSE,,,Not complete,2026,Bella,Moye
RQT437-01-A,3-20 year,6_10yr,2,0,1,0,TRUE,2026-10-04,Jody,Matched completion date,2026,Eleanor,McCleary
RQY432-01-A,3-20 year,3_5yr,1,0,0,0,TRUE,2026-08-10,Andrew,Matched completion date,2026,THEODORE,GREER
RVT795-01-A,3-20 year,6_10yr,1,0,0,0,TRUE,2026-08-25,Nicole,Matched completion date,2026,Journey,Rennie
RWC339-01-M,3-20 year,11_17yr,1,0,0,0,TRUE,2026-05-12,Amy,Matched completion date,2026,Jseth,Beech
RWP288-01-A,3-20 year,3_5yr,2,1,0,0,TRUE,2026-06-03,Toye,Matched completion date,2026,Luis,GARCIA-MARTINEZ
RWP821-01-A,3-20 year,6_10yr,1,0,0,0,TRUE,2026-08-26,Kowlini,Matched completion date,2026,Ay'Den,Miller
RWR771-01-A,3-20 year,11_17yr,1,0,0,0,TRUE,2026-09-16,Amy,Matched completion date,2026,Arianna,Dehoff
RYB389-01-A,3-20 year,3_5yr,1,0,0,0,TRUE,2026-09-28,Andrew,Matched completion date,2026,GREYSON,NICAISE
RYB389-01-N,3-20 year,3_5yr,1,0,0,0,TRUE,2026-09-28,Andrew,Matched completion date,2026,WALKER,NICAISE
RYF448-01-A,3-20 year,6_10yr,1,0,1,0,FALSE,,,Not complete,2026,James,Burns
SBB001-01-A,3-20 year,6_10yr,1,0,0,0,FALSE,,,Not complete,2026,Camden,Hart
SBS453-01-A,3-20 year,11_17yr,1,0,0,0,TRUE,2026-07-21,Cassie,Matched completion date,2026,Brezlyn,Lundy
SCB433-01-A,3-20 year,11_17yr,1,0,0,0,TRUE,2026-08-02,Jo,Matched completion date,2026,Mary,Greenwalt
SDT653-01-A,3-20 year,6_10yr,2,0,1,0,TRUE,2026-08-27,Andrew,Matched completion date,2026,Hannah,Prussack
SGS765-01-A,3-20 year,6_10yr,1,0,0,0,TRUE,2026-06-23,Nicole,Matched completion date,2026,Terisita,Cryderman
SJJ920-01-A,3-20 year,6_10yr,1,0,0,0,TRUE,2026-08-31,Nicole,Matched completion date,2026,Layla,Nagy
SJZ725-01-A,3-20 year,6_10yr,2,1,0,1,FALSE,,,Not complete,2026,Aurora,Johnson
SKD083-01-A,3-20 year,3_5yr,1,0,0,0,TRUE,2026-05-14,Anna,Matched completion date,2026,Aiden,Leefers
SKR563-01-A,3-20 year,6_10yr,1,0,0,0,TRUE,2026-06-23,Nicole,Matched completion date,2026,Aria,Cosentino
SNJ492-01-N,3-20 year,11_17yr,1,0,1,0,FALSE,,,Not complete,2026,Lucas,McCain
SNV833-01-A,3-20 year,11_17yr,2,0,0,1,TRUE,2026-08-10,Cassie,Matched completion date,2026,Brendan,Beck
SPR662-01-A,3-20 year,6_10yr,1,0,0,0,TRUE,2026-03-26,Nicole,Matched completion date,2026,Sebastian,Leidinger
SSN103-01-A,3-20 year,6_10yr,1,0,0,0,TRUE,2026-04-03,Nicole,Matched completion date,2026,Anthony,McDaniels
SSX741-01-A,3-20 year,6_10yr,2,0,0,1,TRUE,2026-07-29,Breanna,Matched completion date,2026,Aiden,Allen
STQ126-01-A,3-20 year,11_17yr,1,0,0,0,TRUE,2026-07-22,Jo,Matched completion date,2026,Zavier,Goard
STZ858-01-A,3-20 year,3_5yr,1,0,0,0,TRUE,2026-05-27,Anna,Matched completion date,2026,Cooper,Omiljan
SYJ996-01-M,3-20 year,6_10yr,2,0,0,1,TRUE,2026-04-01,Toye,Matched completion date,2026,Jamir,Welcome
SYJ996-01-N,3-20 year,6_10yr,1,0,0,0,TRUE,2026-04-01,Toye,Matched completion date,2026,Jade,Welcome
SZF435-01-A,3-20 year,11_17yr,2,0,1,0,TRUE,2026-09-01,Amy,Matched completion date,2026,Akayla,Malone
TCH588-01-A,3-20 year,3_5yr,2,0,0,1,TRUE,2026-08-12,Jody,Matched completion date,2026,Grace,Harris
TDY935-01-A,3-20 year,6_10yr,1,0,0,0,TRUE,2026-03-09,Pending verification,No eligible host on completion date,2026,Silas,Sisco
TFH187-01-A,3-20 year,6_10yr,1,0,0,0,TRUE,2026-08-06,Kowlini,Matched completion date,2026,Shreyan,Bhandari
TGD969-01-A,3-20 year,11_17yr,1,0,0,0,TRUE,2026-04-07,Amy,Matched completion date,2026,Trevinn,Eagle
TGY183-01-A,3-20 year,11_17yr,0,0,0,0,TRUE,2026-03-15,Pending verification,No eligible host on completion date,2026,Pantera,Wilkins
TGY183-01-A,3-20 year,6_10yr,1,0,0,0,FALSE,,,Not complete,2026,Pantera,Wilkins
THL624-01-A,3-20 year,11_17yr,4,0,0,3,TRUE,2026-07-12,Cassie,Matched completion date,2026,Sergio,Flores
TKF056-01-A,3-20 year,6_10yr,1,1,0,0,FALSE,,,Not complete,2026,Da'Mario,Potts
TKY175-01-A,3-20 year,6_10yr,1,0,0,0,TRUE,2026-07-27,Breanna,Matched completion date,2026,Parker,Jones
TLP747-01-A,3-20 year,6_10yr,1,0,0,0,TRUE,2026-03-11,Nicole,Matched completion date,2026,Juniper,Conklin
TMB738-01-A,3-20 year,6_10yr,1,0,0,0,TRUE,2026-05-15,Nicole,Matched completion date,2026,Everly,Musselman
TNZ700-01-A,3-20 year,6_10yr,1,0,0,0,TRUE,2026-04-21,Nicole,Matched completion date,2026,Ada,Freed
TPN036-01-A,3-20 year,3_5yr,1,0,0,0,FALSE,,,Not complete,2026,Nevaeh,Jackson
TPN036-01-A,3-20 year,6_10yr,0,0,0,0,TRUE,2026-04-28,Pending verification,No eligible host on completion date,2026,Nevaeh,Jackson
TQC990-01-A,3-20 year,11_17yr,2,0,0,0,TRUE,2026-07-08,Cassie,Matched completion date,2026,Ari'Yhana,Wallen
TQW013-01-A,3-20 year,11_17yr,1,0,0,0,TRUE,2026-05-05,Amy,Matched completion date,2026,Aubrey,Montgomery
TQW993-01-A,3-20 year,3_5yr,3,0,1,1,TRUE,2026-08-23,Andrew,Matched completion date,2026,Khamari,Gates
TSC574-01-A,3-20 year,6_10yr,3,0,2,0,TRUE,2026-03-26,Nicole,Matched completion date,2026,Frances,Rockwell
TSN328-01-M,3-20 year,6_10yr,7,1,1,2,TRUE,2026-09-08,Kowlini,Matched completion date,2026,Pernell,Gaines
TSN328-01-N,3-20 year,6_10yr,3,1,0,0,TRUE,2026-08-29,Kowlini,Matched completion date,2026,Peyton,Gaines
TTG223-01-A,3-20 year,6_10yr,1,0,0,0,TRUE,2026-07-30,Andrew,Matched completion date,2026,Riker,Donn
TWK336-01-A,3-20 year,11_17yr,1,0,0,0,TRUE,2026-04-27,Cassie,Matched completion date,2026,Jayce,Garcia-Cox
TWT305-01-A,3-20 year,6_10yr,1,0,0,0,TRUE,2026-08-05,Nicole,Matched completion date,2026,Lincoln,Chikas
TXF197-01-A,3-20 year,6_10yr,1,0,0,0,TRUE,2026-04-12,Amy,Matched completion date,2026,Kian,Hahn
TXR417-01-A,3-20 year,11_17yr,1,0,0,0,TRUE,2026-07-20,Cassie,Matched completion date,2026,Elizabeth,D'Haene
TYJ533-01-A,3-20 year,11_17yr,1,0,0,0,TRUE,2026-06-10,Amy,Matched completion date,2026,Raanan,Baker
VBK954-01-A,3-20 year,6_10yr,1,0,0,0,TRUE,2026-04-02,Toye,Matched completion date,2026,Genevieve,Iott
VBZ802-01-A,3-20 year,11_17yr,1,0,1,0,FALSE,,,Not complete,2026,Justice,Arnold
VCK629-01-A,3-20 year,6_10yr,1,0,0,0,TRUE,2026-09-20,Amy,Matched completion date,2026,Esmeralda,Paniagua
VCL006-01-A,3-20 year,3_5yr,1,0,0,0,FALSE,,,Not complete,2026,HAYES,KALMUS
VCT498-01-A,3-20 year,3_5yr,0,0,0,0,TRUE,2026-07-29,Pending verification,No eligible host on completion date,2026,Kolsyn,Spitzley
VDF655-01-A,3-20 year,3_5yr,1,0,1,0,FALSE,,,Not complete,2026,Eloise,Hayden
VDW156-01-A,3-20 year,3_5yr,2,0,0,0,TRUE,2026-05-22,Anna,Matched completion date,2026,Christian,Bernardino
VFR138-01-A,3-20 year,11_17yr,1,0,0,0,TRUE,2026-08-17,Cassie,Matched completion date,2026,Immanuel,Hinton
VHC022-01-A,3-20 year,6_10yr,1,0,0,0,TRUE,2026-04-03,Jody,Matched completion date,2026,Owen,Fernandez
VHR109-01-A,3-20 year,6_10yr,1,0,0,0,TRUE,2026-06-15,Jody,Matched completion date,2026,Kacen,Tyler
VHR369-01-A,3-20 year,6_10yr,1,1,0,0,FALSE,,,Not complete,2026,Makai,Sedman-Clark
VKF111-01-A,3-20 year,3_5yr,1,0,0,0,TRUE,2026-09-22,Andrew,Matched completion date,2026,Ike,Spence
VKG640-01-A,3-20 year,3_5yr,2,0,0,1,TRUE,2026-09-04,Andrew,Matched completion date,2026,Rhylee,Regains
VKP009-01-A,3-20 year,11_17yr,1,0,1,0,FALSE,,,Not complete,2026,Thomas,Sickels
VKY771-01-A,3-20 year,6_10yr,1,0,1,0,FALSE,,,Not complete,2026,Sadie,Hopkins
VLD311-01-A,3-20 year,3_5yr,2,0,0,1,TRUE,2026-05-01,Anna,Matched completion date,2026,Raegan,Helgevold
VLZ486-01-A,3-20 year,3_5yr,1,0,0,0,FALSE,,,Not complete,2026,Wesley,Knabusch
VMF570-01-A,3-20 year,6_10yr,1,0,0,0,TRUE,2026-06-16,Toye,Matched completion date,2026,Grant,Parkinson
VNC365-01-A,3-20 year,3_5yr,2,0,0,1,TRUE,2026-04-21,Toye,Matched completion date,2026,MIA,MAZEH
VQJ770-01-A,3-20 year,11_17yr,1,0,0,0,TRUE,2026-07-22,Jo,Matched completion date,2026,Logan,Harris
VQX210-01-A,3-20 year,6_10yr,4,0,0,3,TRUE,2026-03-13,Nicole,Matched completion date,2026,Adelynn,Knoke
VRN902-01-A,3-20 year,3_5yr,1,0,0,0,TRUE,2026-07-15,Pending verification,No eligible host on completion date,2026,Eric,Roessler
VRS810-01-A,3-20 year,6_10yr,1,0,0,0,TRUE,2026-03-26,Jo,Matched completion date,2026,Lilith,Smith
VST318-01-A,3-20 year,11_17yr,1,0,0,0,TRUE,2026-03-31,Cassie,Matched completion date,2026,Ronnie,Norris
VVL844-01-A,3-20 year,3_5yr,1,0,0,0,TRUE,2026-08-05,Jody,Matched completion date,2026,Alyson,Wilder
VWP009-01-A,3-20 year,6_10yr,1,0,0,0,TRUE,2026-06-07,Toye,Matched completion date,2026,Elijah,Benson
VXC743-01-A,3-20 year,6_10yr,1,0,0,0,TRUE,2026-03-31,Nicole,Matched completion date,2026,Lucas,Semelbauer
VXN541-01-A,3-20 year,6_10yr,1,0,0,0,TRUE,2026-08-05,Toye,Matched completion date,2026,Tillie,Oblak
VZB638-01-A,3-20 year,11_17yr,2,0,2,0,TRUE,2026-08-16,Pending verification,No eligible host on completion date,2026,A'Mya,Ross
VZB638-02-A,3-20 year,11_17yr,2,0,1,0,TRUE,2026-08-16,Cassie,Matched completion date,2026,Ah`Rhia,Ross
WBH589-01-A,3-20 year,11_17yr,2,0,0,1,FALSE,,,Not complete,2026,Malaiya,Love
WDM136-01-A,3-20 year,3_5yr,1,0,1,0,FALSE,,,Not complete,2026,Lucas,Riley
WDS605-01-A,3-20 year,6_10yr,1,0,0,0,TRUE,2026-08-06,Nicole,Matched completion date,2026,Finley,Brown
WDV681-01-A,3-20 year,11_17yr,3,0,0,2,FALSE,,,Not complete,2026,Lilliannah,Ballard
WDV681-02-A,3-20 year,11_17yr,3,0,1,2,FALSE,,,Not complete,2026,Oliviannah,Ballard
WFB144-01-A,3-20 year,3_5yr,1,0,0,0,FALSE,,,Not complete,2026,Odin,Spears
WFB144-01-A,3-20 year,6_10yr,0,0,0,0,TRUE,2026-03-29,Pending verification,No eligible host on completion date,2026,Odin,Spears
WFK499-01-A,3-20 year,11_17yr,1,0,0,0,TRUE,2026-07-12,Cassie,Matched completion date,2026,Emma,Robbe
WFY450-01-A,3-20 year,6_10yr,1,0,0,0,TRUE,2026-04-26,Toye,Matched completion date,2026,Benjamin,Crabtree
WGH698-01-A,3-20 year,3_5yr,1,0,0,0,TRUE,2026-07-28,Anna,Matched completion date,2026,Josephine,Sheldon
WGJ956-01-A,3-20 year,11_17yr,1,0,0,0,TRUE,2026-07-28,Amy,Matched completion date,2026,Adrian,Davies
WGX824-01-A,3-20 year,6_10yr,1,0,0,0,TRUE,2026-07-24,Andrew,Matched completion date,2026,Joshua,Stinson
WHW151-01-A,3-20 year,11_17yr,1,0,0,0,TRUE,2026-04-27,Cassie,Matched completion date,2026,Brooklyn,Banks
WKB507-01-A,3-20 year,6_10yr,1,0,0,0,TRUE,2026-03-31,Toye,Matched completion date,2026,Stephan,George
WKM586-01-A,3-20 year,11_17yr,1,0,0,0,TRUE,2026-07-23,Jo,Matched completion date,2026,Amiyah,Chairs
WKR328-01-A,3-20 year,11_17yr,1,0,0,0,TRUE,2026-03-13,Amy,Matched completion date,2026,Joseph,Aguirre
WKW938-01-A,3-20 year,3_5yr,1,0,0,0,TRUE,2026-09-08,Kowlini,Matched completion date,2026,Harper,Williams
WLB161-01-A,3-20 year,6_10yr,1,0,0,0,TRUE,2026-06-17,Anna,Matched completion date,2026,Molly,Mason
WMJ798-01-A,3-20 year,6_10yr,1,0,0,0,TRUE,2026-03-31,Cassie,Matched completion date,2026,Lucien,Stoinski
WMX146-01-A,3-20 year,11_17yr,4,0,3,1,FALSE,,,Not complete,2026,Christian,Brogden
WTN483-01-A,3-20 year,6_10yr,2,0,0,1,TRUE,2026-07-01,Jody,Matched completion date,2026,Felicity,Hall
WTX564-01-A,3-20 year,6_10yr,2,0,0,1,TRUE,2026-08-18,Toye,Matched completion date,2026,Otto,Harker
WVD031-01-A,3-20 year,6_10yr,1,0,0,0,TRUE,2026-09-02,Amy,Matched completion date,2026,EMMA,WALLACE
WXD665-01-A,3-20 year,6_10yr,2,0,1,0,TRUE,2026-08-05,Jody,Matched completion date,2026,Autum'Dior,Hall
WYG353-01-A,3-20 year,11_17yr,1,0,0,0,TRUE,2026-04-02,Cassie,Matched completion date,2026,Dominic,Gillespie
WYL000-01-A,3-20 year,6_10yr,1,0,0,0,TRUE,2026-04-06,Jody,Matched completion date,2026,Brianna,Crawford
WYN485-01-A,3-20 year,6_10yr,1,0,0,0,TRUE,2026-03-13,Jody,Matched completion date,2026,Jayda,Patrick
WYR002-01-A,3-20 year,6_10yr,1,0,0,0,TRUE,2026-03-27,Nicole,Matched completion date,2026,Evelynn,Cassens
WYZ100-01-A,3-20 year,11_17yr,2,0,0,1,TRUE,2026-04-03,Cassie,Matched completion date,2026,Jonathan,Beck
WZT929-01-A,3-20 year,6_10yr,1,0,0,0,TRUE,2026-04-19,Jody,Matched completion date,2026,Lorelai,Pavlik
XDF604-01-A,3-20 year,6_10yr,1,0,0,0,TRUE,2026-04-27,Cassie,Matched completion date,2026,Carmela,Buffamonte
XDR789-01-A,3-20 year,11_17yr,3,0,0,2,TRUE,2026-09-27,Jo,Matched completion date,2026,Ryen,Smith
XFN825-01-A,3-20 year,11_17yr,1,0,0,0,TRUE,2026-09-22,Amy,Matched completion date,2026,Cori,Mixon
XFQ902-01-A,3-20 year,11_17yr,1,1,0,0,FALSE,,,Not complete,2026,Graciella,Elizalde
XGT908-01-A,3-20 year,3_5yr,1,0,1,0,FALSE,,,Not complete,2026,Kruz,Banks
XHC521-01-A,3-20 year,11_17yr,1,0,0,0,FALSE,,,Not complete,2026,Meigha,Nisse
XHP409-01-A,3-20 year,6_10yr,3,0,1,1,TRUE,2026-09-01,Nicole,Matched completion date,2026,Benjamin,Teahen Purdy
XKF863-01-A,3-20 year,11_17yr,2,0,0,1,TRUE,2026-05-04,Cassie,Matched completion date,2026,Chase,Deleon-Chaney
XMH232-01-A,3-20 year,6_10yr,1,0,0,0,TRUE,2026-07-24,Jo,Matched completion date,2026,Dayke,Christensen
XMR094-01-A,3-20 year,3_5yr,1,0,0,0,TRUE,2026-06-10,Toye,Matched completion date,2026,Alexander,Lopez Santillano
XQD155-01-A,3-20 year,6_10yr,1,0,0,0,TRUE,2026-06-29,Nicole,Matched completion date,2026,Wren,Dignan
XRM042-01-A,3-20 year,11_17yr,1,0,0,0,TRUE,2026-03-16,Cassie,Matched completion date,2026,Julyan,Kosier
XRZ528-01-A,3-20 year,11_17yr,2,0,0,1,TRUE,2026-04-20,Cassie,Matched completion date,2026,Bryson,Burrow
XSQ553-01-A,3-20 year,3_5yr,1,0,0,0,TRUE,2026-09-29,Andrew,Matched completion date,2026,Ella,Wilson
XTH804-01-A,3-20 year,6_10yr,1,0,0,0,TRUE,2026-07-07,Toye,Matched completion date,2026,TIAHNA,WOODRUFF
XTP134-01-A,3-20 year,6_10yr,1,0,0,0,TRUE,2026-03-30,Nicole,Matched completion date,2026,Cameron,Manning
XTR824-01-A,3-20 year,3_5yr,1,0,0,0,TRUE,2026-05-22,Anna,Matched completion date,2026,Ezekiel,Bryson
XVF774-01-A,3-20 year,6_10yr,2,0,1,0,TRUE,2026-04-19,Jody,Matched completion date,2026,Logann,Ware
XVL743-01-A,3-20 year,6_10yr,3,0,1,1,TRUE,2026-05-14,Jody,Matched completion date,2026,Montinez,Smith
XXW639-01-A,3-20 year,6_10yr,1,0,0,0,TRUE,2026-03-27,Nicole,Matched completion date,2026,Owen,Westover
XYW274-01-A,3-20 year,6_10yr,1,0,0,0,TRUE,2026-06-18,Pending verification,No eligible host on completion date,2026,George,Lee
XZN379-01-A,3-20 year,3_5yr,6,1,0,5,FALSE,,,Not complete,2026,Kamari,Bryson
YDC739-01-A,3-20 year,6_10yr,3,0,1,2,FALSE,,,Not complete,2026,Celeste,Hernandez
YDD017-01-A,3-20 year,3_5yr,1,0,0,0,TRUE,2026-05-19,Jody,Matched completion date,2026,Caelen,Hofmann
YDW028-01-A,3-20 year,3_5yr,1,0,0,0,TRUE,2026-05-12,Anna,Matched completion date,2026,Jovie,Whitting
YGB645-01-A,3-20 year,3_5yr,2,0,0,1,TRUE,2026-08-13,Andrew,Matched completion date,2026,Zimri,King
YHF868-01-A,3-20 year,11_17yr,1,0,0,0,TRUE,2026-08-31,Cassie,Matched completion date,2026,Maxwell,Casteel
YJD781-01-A,3-20 year,6_10yr,1,0,0,0,TRUE,2026-03-30,Nicole,Matched completion date,2026,Delaney,Darter
YLG694-01-A,3-20 year,11_17yr,1,0,0,0,TRUE,2026-07-25,Jo,Matched completion date,2026,Ja'sean,Mason
YLV944-01-A,3-20 year,6_10yr,1,0,0,0,TRUE,2026-03-31,Toye,Matched completion date,2026,Kristen,Soong
YMS783-01-A,3-20 year,3_5yr,1,0,0,0,TRUE,2026-07-01,Jody,Matched completion date,2026,Faith,Choi
YNQ580-01-A,3-20 year,3_5yr,4,0,0,3,TRUE,2026-05-29,Anna,Matched completion date,2026,Olivia,Westra
YNZ000-01-A,3-20 year,11_17yr,0,0,0,0,TRUE,2026-03-09,Pending verification,No eligible host on completion date,2026,Gregory,Cole
YNZ000-01-A,3-20 year,6_10yr,2,0,0,1,FALSE,,,Not complete,2026,Gregory,Cole
YNZ445-01-A,3-20 year,6_10yr,6,4,0,1,FALSE,,,Not complete,2026,Ja'kobe,Taylor
YSL489-01-A,3-20 year,11_17yr,1,0,0,0,TRUE,2026-08-31,Cassie,Matched completion date,2026,Sawyer,Nelson
YWL484-01-A,3-20 year,11_17yr,4,2,1,1,FALSE,,,Not complete,2026,Antonio,Waller
YWZ475-01-A,3-20 year,3_5yr,1,0,0,0,TRUE,2026-06-05,Anna,Matched completion date,2026,Logan,Hrit
YWZ529-01-A,3-20 year,6_10yr,2,0,0,1,TRUE,2026-05-14,Toye,Matched completion date,2026,Genesis,Williams
YXL848-01-A,3-20 year,11_17yr,1,0,0,0,TRUE,2026-03-25,Jo,Matched completion date,2026,Katelyn,Stouffer-Hopkins
YXY517-01-A,3-20 year,11_17yr,1,0,0,0,TRUE,2026-08-03,Jody,Matched completion date,2026,Raymond,Gregory
YYJ169-01-A,3-20 year,11_17yr,0,0,0,0,TRUE,2026-03-19,Pending verification,No eligible host on completion date,2026,Jesus,Soto
YYJ169-01-A,3-20 year,6_10yr,1,0,0,0,FALSE,,,Not complete,2026,Jesus,Soto
ZBF912-01-A,3-20 year,6_10yr,1,0,0,0,TRUE,2026-03-30,Cassie,Matched completion date,2026,Nolan,Bryant
ZCR636-01-A,3-20 year,3_5yr,0,0,0,0,TRUE,2026-06-25,Pending verification,No eligible host on completion date,2026,Ellie,Peake
ZDZ857-01-A,3-20 year,6_10yr,2,0,0,1,TRUE,2026-05-26,Amy,Matched completion date,2026,Lucas,Rahn
ZFP512-01-A,3-20 year,3_5yr,1,0,0,0,TRUE,2026-05-19,Toye,Matched completion date,2026,Charles,Stover
ZGB387-01-A,3-20 year,6_10yr,4,1,0,2,FALSE,,,Not complete,2026,Khalil,Riggins
ZGQ068-01-A,3-20 year,3_5yr,1,0,0,0,TRUE,2026-06-07,Jody,Matched completion date,2026,Hank,Nelson
ZHQ218-01-A,3-20 year,6_10yr,3,1,0,1,TRUE,2026-06-03,Toye,Matched completion date,2026,Xavier,Smith
ZHX342-01-A,3-20 year,3_5yr,1,0,0,0,TRUE,2026-04-22,Toye,Matched completion date,2026,Anthony,Watkins
ZND119-01-A,3-20 year,6_10yr,1,0,0,0,TRUE,2026-03-30,Nicole,Matched completion date,2026,Grant,Handwerk
ZNQ676-01-A,3-20 year,11_17yr,2,0,1,0,TRUE,2026-05-17,Cassie,Matched completion date,2026,Braylin,Sanders
ZPR445-01-A,3-20 year,11_17yr,1,0,0,0,TRUE,2026-03-30,Cassie,Matched completion date,2026,Jacksyn,Hacker
ZPX220-01-A,3-20 year,11_17yr,1,0,0,0,TRUE,2026-08-03,Jo,Matched completion date,2026,Ellen,Baird
ZQT032-01-A,3-20 year,11_17yr,1,0,0,0,TRUE,2026-07-14,Jody,Matched completion date,2026,Zany`ti,Staffney
ZRD863-01-A,3-20 year,3_5yr,1,0,0,0,TRUE,2026-05-14,Toye,Matched completion date,2026,SPENCER,MACHOWICZ
ZVQ878-01-A,3-20 year,3_5yr,1,0,0,0,TRUE,2026-08-05,Toye,Matched completion date,2026,Zayvion,Hill
ZVV604-01-A,3-20 year,6_10yr,1,0,0,0,TRUE,2026-03-31,Nicole,Matched completion date,2026,Noah,Mix
ZVX302-01-A,3-20 year,6_10yr,1,0,0,0,TRUE,2026-06-22,Nicole,Matched completion date,2026,Mason,Hinds
ZZZ654-01-A,3-20 year,6_10yr,2,0,0,1,TRUE,2026-08-08,Andrew,Matched completion date,2026,Mallory,Mousel
BPM036-01-A,6-35 month,12_23_month,1,1,0,0,FALSE,,,Not complete,2026,Olivia,Ames
BRL402-01-A,6-35 month,12_23_month,1,0,0,0,TRUE,2026-09-17,Andrew,Matched completion date,2026,Sadie,Arnold-Reosti
BXJ770-01-A,6-35 month,12_23_month,1,0,1,0,FALSE,,,Not complete,2026,Tyreina,Braziel
CCC242-01-A,6-35 month,12_23_month,1,0,0,0,TRUE,2026-03-26,Nicole,Matched completion date,2026,Monte,Bingham
CLC701-01-A,6-35 month,12_23_month,1,0,0,0,TRUE,2026-05-06,Pending verification,No eligible host on completion date,2026,Tylaha,Hill
CPS604-01-A,6-35 month,12_23_month,1,0,1,0,FALSE,,,Not complete,2026,Action,Coyte
CSS863-02-A,6-35 month,12_23_month,1,0,0,0,TRUE,2026-06-16,Breanna,Matched completion date,2026,Zariyah,Dobbins
CXB725-01-A,6-35 month,12_23_month,5,2,2,1,TRUE,2026-07-16,Pending verification,No eligible host on completion date,2026,Nyrie,Young-Montgomery
DTQ848-01-A,6-35 month,12_23_month,2,0,1,1,TRUE,2026-08-12,Pending verification,No eligible host on completion date,2026,Damon,Hogan
FNC855-01-A,6-35 month,12_23_month,2,1,0,0,TRUE,2026-08-04,Pending verification,No eligible host on completion date,2026,Janerrio,Frye
GBH901-01-A,6-35 month,12_23_month,1,0,0,0,TRUE,2026-05-15,Nicole,Matched completion date,2026,Clara,Blades
GDJ477-01-A,6-35 month,12_23_month,1,0,0,0,TRUE,2026-03-27,Pending verification,No eligible host on completion date,2026,Carter,Holm
GDN788-01-A,6-35 month,12_23_month,2,0,0,1,TRUE,2026-06-22,Nicole,Matched completion date,2026,Job,VandenBoss
GMB721-01-A,6-35 month,12_23_month,3,2,0,0,FALSE,,,Not complete,2026,Mfalme,Elerson Riley
GRM073-01-A,6-35 month,12_23_month,2,0,1,1,FALSE,,,Not complete,2026,Messiah,Hayden
GZR716-01-A,6-35 month,12_23_month,1,0,0,0,TRUE,2026-09-01,Nicole,Matched completion date,2026,Stanley,Prorok
HHW537-01-A,6-35 month,12_23_month,1,0,0,0,TRUE,2026-04-03,Jody,Matched completion date,2026,Da'mari,Copeland
JBM041-01-A,6-35 month,12_23_month,3,0,0,2,TRUE,2026-06-17,Nicole,Matched completion date,2026,Tessa,Hunt
JLN021-01-A,6-35 month,12_23_month,1,0,0,0,TRUE,2026-05-18,Nicole,Matched completion date,2026,Madelyn,Dixon
JQN133-01-A,6-35 month,12_23_month,1,0,0,0,TRUE,2026-07-27,Breanna,Matched completion date,2026,Axel,Gribble
JWP930-01-A,6-35 month,12_23_month,3,0,2,1,FALSE,,,Not complete,2026,Adeline,Hill
JXP185-01-A,6-35 month,12_23_month,2,0,0,1,TRUE,2026-08-14,Kowlini,Matched completion date,2026,Uvonte,Walker
KJR619-01-A,6-35 month,12_23_month,4,2,0,1,TRUE,2026-08-26,Kowlini,Matched completion date,2026,Ariyah,Johnson
KRR544-01-A,6-35 month,12_23_month,1,0,0,0,TRUE,2026-06-02,Pending verification,No eligible host on completion date,2026,Talina,Phillips
KXF530-01-A,6-35 month,12_23_month,1,0,0,0,TRUE,2026-09-02,Kowlini,Matched completion date,2026,Ariana,Sheron
LBZ361-01-A,6-35 month,12_23_month,4,2,1,1,FALSE,,,Not complete,2026,Brielle,Levy
LNT397-01-A,6-35 month,12_23_month,1,0,0,0,TRUE,2026-08-25,Kowlini,Matched completion date,2026,Eragon,Chastain
LTS268-01-A,6-35 month,12_23_month,1,0,0,0,TRUE,2026-05-19,Nicole,Matched completion date,2026,Nell,Fritz
LZQ650-01-A,6-35 month,12_23_month,1,0,0,0,FALSE,,,Not complete,2026,Naomi,Bracy
LZV055-01-A,6-35 month,12_23_month,1,0,0,0,TRUE,2026-05-19,Nicole,Matched completion date,2026,David,Arbury
MMV961-01-A,6-35 month,12_23_month,3,1,0,1,TRUE,2026-08-27,Kowlini,Matched completion date,2026,Asher,Trevino
NCG882-01-A,6-35 month,12_23_month,2,0,1,1,TRUE,2026-08-11,Pending verification,No eligible host on completion date,2026,Jeremy,Justice
NDG495-01-A,6-35 month,12_23_month,3,1,1,0,TRUE,2026-06-10,Nicole,Matched completion date,2026,Dallas,Beachy
NDP128-01-A,6-35 month,12_23_month,1,0,0,0,TRUE,2026-04-03,Nicole,Matched completion date,2026,Eleanor,Hunter
NPM662-01-A,6-35 month,12_23_month,1,0,0,0,TRUE,2026-07-13,Pending verification,No eligible host on completion date,2026,Dorothy,Belanger
NSQ870-01-A,6-35 month,12_23_month,1,0,0,0,TRUE,2026-05-08,Nicole,Matched completion date,2026,Maverick,Setzer
PGM615-01-A,6-35 month,12_23_month,1,0,0,0,TRUE,2026-08-14,Kowlini,Matched completion date,2026,Addison,Fitch
PHN877-02-A,6-35 month,12_23_month,1,0,0,0,TRUE,2026-04-06,Nicole,Matched completion date,2026,David,Wigton
PLD055-01-A,6-35 month,12_23_month,1,0,0,0,TRUE,2026-06-29,Nicole,Matched completion date,2026,Kyrah,Litherland
QHF620-01-A,6-35 month,12_23_month,1,0,0,0,TRUE,2026-03-31,Nicole,Matched completion date,2026,Marcos,Jordan
QQL383-01-A,6-35 month,12_23_month,1,1,0,0,FALSE,,,Not complete,2026,Elowyn,Hindle
QVW747-01-A,6-35 month,12_23_month,3,0,1,2,TRUE,2026-09-24,Pending verification,No eligible host on completion date,2026,Shane,Moore
RDC147-01-A,6-35 month,12_23_month,1,0,1,0,FALSE,,,Not complete,2026,Elijah,Bartrum
RMH180-01-A,6-35 month,12_23_month,3,0,1,1,TRUE,2026-06-04,Nicole,Matched completion date,2026,Adela,Cater
RRB727-01-A,6-35 month,12_23_month,1,0,0,0,TRUE,2026-09-15,Nicole,Matched completion date,2026,Ember,Maxwell
RZS580-01-A,6-35 month,12_23_month,1,0,0,0,TRUE,2026-04-04,Nicole,Matched completion date,2026,Stetson,Wilcox
SBH525-01-A,6-35 month,12_23_month,1,0,0,0,TRUE,2026-04-18,Pending verification,No eligible host on completion date,2026,Arthur,Bradford
SJH036-01-A,6-35 month,12_23_month,2,0,0,1,TRUE,2026-09-18,Kowlini,Matched completion date,2026,Dmari,Allen
SMQ889-01-A,6-35 month,12_23_month,2,0,0,1,TRUE,2026-08-10,Kowlini,Matched completion date,2026,Dayshanell,Brown
SYW884-01-A,6-35 month,12_23_month,1,0,0,0,TRUE,2026-09-03,Nicole,Matched completion date,2026,Henry,Vadino
TDX359-01-A,6-35 month,12_23_month,1,0,0,0,TRUE,2026-04-27,Nicole,Matched completion date,2026,Adaline,Henderson
TPW315-01-A,6-35 month,12_23_month,5,2,0,3,FALSE,,,Not complete,2026,J'Halil,Matthews
TZB922-01-A,6-35 month,12_23_month,1,0,0,0,TRUE,2026-06-07,Jody,Matched completion date,2026,Kamirah,ChappellTeare
VDW899-01-A,6-35 month,12_23_month,2,0,2,0,FALSE,,,Not complete,2026,Colton,Gomery
VDW899-01-B,6-35 month,12_23_month,2,0,2,0,FALSE,,,Not complete,2026,Dakota,Gomery
VLQ825-01-A,6-35 month,12_23_month,1,0,0,0,TRUE,2026-07-15,Nicole,Matched completion date,2026,Coraline,Erdman
VZY119-01-A,6-35 month,12_23_month,1,0,1,0,FALSE,,,Not complete,2026,Delronte,Wright-Gray
WSG161-01-A,6-35 month,12_23_month,1,0,0,0,TRUE,2026-05-06,Nicole,Matched completion date,2026,Niigaanii,Burris
XKQ019-01-A,6-35 month,12_23_month,1,0,0,0,TRUE,2026-05-15,Nicole,Matched completion date,2026,Oliver,Price
XSP178-01-A,6-35 month,12_23_month,1,0,0,0,FALSE,,,Not complete,2026,Crew,Cook
XYN414-01-A,6-35 month,12_23_month,1,0,1,0,FALSE,,,Not complete,2026,Leland,Musselman
YGQ976-01-A,6-35 month,12_23_month,1,0,1,0,FALSE,,,Not complete,2026,Nova,Turner
YMF346-01-A,6-35 month,12_23_month,1,0,0,0,TRUE,2026-03-25,Pending verification,No eligible host on completion date,2026,Tatum,Clutts
YMP799-01-A,6-35 month,12_23_month,1,0,0,0,TRUE,2026-03-26,Pending verification,No eligible host on completion date,2026,Benjamin,Hsu
YND734-01-A,6-35 month,12_23_month,1,0,0,0,TRUE,2026-04-28,Nicole,Matched completion date,2026,Broderick,Huggett
YPB464-01-A,6-35 month,12_23_month,1,0,0,0,TRUE,2026-04-27,Jody,Matched completion date,2026,Krishae,Thomas
YYB078-01-A,6-35 month,12_23_month,1,0,0,0,TRUE,2026-08-23,Kowlini,Matched completion date,2026,JNai,Harris
ZCR636-01-A,6-35 month,3_5yr,2,0,0,1,FALSE,,,Not complete,2026,Ellie,Peake
ZQN091-01-A,6-35 month,6_11_month,3,0,0,2,FALSE,,,Not complete,2026,Samuel,Thomas
ZVD237-01-A,6-35 month,12_23_month,2,1,0,0,TRUE,2026-09-11,Jody,Matched completion date,2026,Lincoln,Smith
