Participant ID,Participant Cohort,IPA Age Band,Task Eligible,FTM,Calendly FTM Matched Age Band,Calendly Assignment Year,Calendly Assignment Rule,Calendly Host Raw,Calendly Appointment Date,Calendly Assignment Date,Calendly Event UUID,Calendly Invitee UUID,Calendly Match Method,Calendly FTM QA Flag,Assignment Source
CGT416-01-A,3-20 year,11_17yr,TRUE,Amy,11_17yr,2026,Invitee name/email fallback,Amy Scharmen-Burgdolf,2026-03-13,2026-03-10,7451db87-40f3-4ddf-86a1-297c0d5fae67,c1c7864c-38c5-466e-aa16-2b0020ccca2f,invitee_child_name,,Calendly host - Invitee name/email fallback
PBG796-01-A,3-20 year,11_17yr,TRUE,Amy,11_17yr,2025,Invitee name/email fallback,Amy Scharmen-Burgdolf,2025-08-17,2025-07-10,295b92a1-46bf-45e7-903d-4a02982d86e6,65c2bd9e-8cb0-42f4-95eb-bedbd19c08f8,invitee_email,,Calendly host - Invitee name/email fallback
TGY183-01-A,3-20 year,11_17yr,TRUE,Amy,6_10yr,2026,Invitee name/email fallback,Amy Scharmen-Burgdolf,2026-03-15,2026-03-08,8dd43a98-0a1d-4d0d-bb0b-d1df9a7652e1,7f7ae89f-80b2-40e2-af9c-ac95032687e9,invitee_email,,Calendly host - Invitee name/email fallback
WKR328-01-A,3-20 year,11_17yr,TRUE,Amy,11_17yr,2026,Invitee name/email fallback,Amy Scharmen-Burgdolf,2026-03-13,2026-03-06,d562b055-d3e4-47d9-a620-b9c45209734d,4a3d91b9-b53a-4d7f-9b9f-daf7f652a232,invitee_email,,Calendly host - Invitee name/email fallback
ZSB509-01-A,3-20 year,11_17yr,TRUE,Amy,11_17yr,2025,Invitee name/email fallback,Amy Scharmen-Burgdolf,2025-12-07,2025-11-11,314eb9bb-152b-4d24-9dc9-e93967eb9ece,0a618014-374b-45e9-90e5-c7de217d7557,invitee_email,,Calendly host - Invitee name/email fallback
JMR655-01-A,3-20 year,11_17yr,TRUE,Cassie,6_10yr,2025,Invitee name/email fallback,Cassie Nickerson,2025-06-16,2025-06-06,bb0d00f4-d72d-4801-8e8f-255db3e95c4f,031069f8-fc13-4506-8fa9-86d2a652e0bd,invitee_child_name,,Calendly host - Invitee name/email fallback
JQT482-01-A,3-20 year,11_17yr,TRUE,Cassie,6_10yr,2025,Invitee name/email fallback,Cassie Nickerson,2025-11-17,2025-11-11,0f8267f5-af96-4789-ba81-9371cf1c924b,239b5f71-da4f-47e4-8de8-ac03187c82ef,invitee_email,,Calendly host - Invitee name/email fallback
JVX699-01-A,3-20 year,11_17yr,TRUE,Cassie,11_17yr,2025,Invitee name/email fallback,Cassie Nickerson,2025-11-17,2025-11-10,ac242455-e569-4e9c-9b05-a1739da1f014,12b3f115-93ba-49ff-a500-0ee7170cb578,invitee_email,,Calendly host - Invitee name/email fallback
NBV813-01-A,3-20 year,11_17yr,TRUE,Cassie,11_17yr,2026,Invitee name/email fallback,Cassie Nickerson,2026-03-30,2026-03-06,4a6f5f6e-5193-4792-97e3-e8e305be913d,e1a649d9-57fe-4bf7-9851-7b4355b910d3,invitee_email,,Calendly host - Invitee name/email fallback
QGS042-01-A,3-20 year,11_17yr,TRUE,Cassie,11_17yr,2025,Invitee name/email fallback,Cassie Nickerson,2025-07-14,2025-07-07,8b3edab5-28f1-43d2-9c7a-52e0c7aa8aac,b6806e26-4a5d-44a8-9213-d8d226e40a8a,invitee_email,,Calendly host - Invitee name/email fallback
VST318-01-A,3-20 year,11_17yr,TRUE,Cassie,11_17yr,2026,Invitee name/email fallback,Cassie Nickerson,2026-03-31,2026-03-11,8b7b472b-d2b3-49e8-a0fc-aa0b471a455c,5107a792-f665-4cfb-bd70-c92fc515d1ce,invitee_email,,Calendly host - Invitee name/email fallback
WQP768-01-A,3-20 year,11_17yr,TRUE,Cassie,11_17yr,2025,Invitee name/email fallback,Cassie Nickerson,2025-11-08,2025-11-03,20ab23a8-e4f0-40bc-9983-01917f22b582,f0967d1e-21a5-44d7-9870-41384d12039e,invitee_child_name,,Calendly host - Invitee name/email fallback
XRM042-01-A,3-20 year,11_17yr,TRUE,Cassie,11_17yr,2026,Invitee name/email fallback,Cassie Nickerson,2026-03-16,2026-03-09,f1cfb369-495e-4691-9a32-4663d1d9c702,41b37cf7-1389-4fc7-85dd-aec41509739c,invitee_child_name,,Calendly host - Invitee name/email fallback
YNZ000-01-A,3-20 year,11_17yr,TRUE,Cassie,6_10yr,2026,Invitee name/email fallback,Cassie Nickerson,2026-03-09,2026-03-07,946be3c6-b3dd-4810-9819-1c0cc8ddb4ec,8e36cab9-4079-4309-b190-f0458a23b1cb,invitee_email,,Calendly host - Invitee name/email fallback
FFQ157-01-A,3-20 year,11_17yr,TRUE,Jo,6_10yr,2025,Invitee name/email fallback,Jolyn Lerma,2025-06-18,2025-06-11,25d060ba-8ecf-4eee-bcc9-48537f6a4986,1f4f3aa4-03dd-41b8-b4de-2419d05c673e,invitee_email,,Calendly host - Invitee name/email fallback
MRG352-01-A,3-20 year,11_17yr,TRUE,Jo,11_17yr,2025,Invitee name/email fallback,Jolyn Lerma,2025-12-11,2025-10-14,7d5bacc0-74a6-44be-9a9c-ebe4c6c68f68,c8d54287-edf2-41b9-bdad-b82531fc6719,invitee_email,,Calendly host - Invitee name/email fallback
PRD366-01-A,3-20 year,11_17yr,TRUE,Jo,11_17yr,2025,Invitee name/email fallback,Jolyn Lerma,2025-06-18,2025-06-12,55321247-fefe-4cc0-9933-388cb5e77936,17608908-8269-46f6-8f18-47f8baa2aa70,invitee_email,,Calendly host - Invitee name/email fallback
GSW122-01-A,3-20 year,11_17yr,TRUE,Jody,11_17yr,2025,Invitee name/email fallback,Jody Kendall,2025-10-20,2025-10-13,5e7b953e-f45e-41dd-9d02-6758c2f38c44,9c47d0b6-9181-4220-8b9d-88bc649bc1cc,invitee_email,,Calendly host - Invitee name/email fallback
YYJ169-01-A,3-20 year,11_17yr,TRUE,Toye,6_10yr,2026,Invitee name/email fallback,Shetoye  Rice,2026-03-19,2026-03-11,53e9939e-ae8a-47ef-a16e-852228ac284a,a26217e3-47a8-4508-94db-d35d7754f340,invitee_child_name,,Calendly host - Invitee name/email fallback
LHD338-01-A,3-20 year,18_20yr,TRUE,Amy,11_17yr,2025,Invitee name/email fallback,Amy Scharmen-Burgdolf,2025-08-14,2025-07-20,481d521e-c58a-4b18-9e55-2f2ace99fbd4,6162f9f9-a859-4924-a443-9c060f3a9bb8,invitee_email,,Calendly host - Invitee name/email fallback
GTK652-01-A,3-20 year,18_20yr,TRUE,Cassie,11_17yr,2025,Invitee name/email fallback,Cassie Nickerson,2025-06-16,2025-06-10,37840ea9-431f-4301-b42d-02d460fa82ee,b6a2f696-e773-4fc0-bd22-0bccbf5ffd20,invitee_email,,Calendly host - Invitee name/email fallback
QPJ289-01-A,3-20 year,18_20yr,TRUE,Cassie,11_17yr,2025,Invitee name/email fallback,Cassie Nickerson,2025-07-13,2025-06-12,4a6e697f-5ebd-4282-90a3-7c4377293bb1,6cc57150-0a92-4bfa-add6-f2c1b9c2130b,invitee_email,,Calendly host - Invitee name/email fallback
SFL447-01-A,3-20 year,18_20yr,TRUE,Cassie,11_17yr,2025,Invitee name/email fallback,Cassie Nickerson,2025-07-20,2025-06-14,545d40ce-d46e-49c6-8ffc-865c8fd5ef38,31e43de8-7d47-4d48-ac60-31a37251f4c5,invitee_child_name,,Calendly host - Invitee name/email fallback
LTR526-01-A,3-20 year,3_5yr,TRUE,Amy,24_35_month,2025,Invitee name/email fallback,Amy Scharmen-Burgdolf,2025-10-24,2025-10-03,d53aba34-c6f1-432f-b72a-d3add5cfde6a,77b788ce-bef7-42a9-85e8-8950024fe72f,invitee_email,,Calendly host - Invitee name/email fallback
VDF655-01-A,3-20 year,3_5yr,TRUE,Anna,3_5yr,2026,Invitee name/email fallback,Anna VanTubergen,2026-04-08,2026-03-31,a305fbd1-4016-426a-ba0d-faaf1cb7ef91,2957dcc0-9bdc-4662-b43a-d1a2537a0214,invitee_email,,Calendly host - Invitee name/email fallback
JKF478-01-A,3-20 year,3_5yr,TRUE,Cassie,24_35_month,2025,Invitee name/email fallback,Cassie Nickerson,2025-10-10,2025-09-24,0c8a0ac3-cca8-4fbb-b7ce-e45f4e890fea,438e02be-c63a-4b46-84f8-f2dab18d78a5,invitee_email,,Calendly host - Invitee name/email fallback
KNB361-01-A,3-20 year,3_5yr,TRUE,Cassie,24_35_month,2025,Invitee name/email fallback,Cassie Nickerson,2025-08-06,2025-07-11,cfce6961-5c0e-4eaf-8919-f1a69eba2500,f67a126a-4d4d-4d21-a27b-2b05c6ed4c6d,invitee_email,,Calendly host - Invitee name/email fallback
KRH534-01-A,3-20 year,3_5yr,TRUE,Cassie,3_5yr,2025,Invitee name/email fallback,Cassie Nickerson,2025-11-21,2025-11-18,8e94910c-7122-44fb-9229-5d77f9d7565f,0fecfb33-4430-4c46-b5fb-a32faf331e93,invitee_email,,Calendly host - Invitee name/email fallback
CMC548-01-A,3-20 year,3_5yr,TRUE,Jody,24_35_month,2025,Invitee name/email fallback,Jody Kendall,2025-08-09,2025-07-09,f1e69442-d815-400d-a221-82c8551be003,4923b348-110b-498b-aac7-d0c3c169d4f7,invitee_email,,Calendly host - Invitee name/email fallback
HQL715-01-A,3-20 year,3_5yr,TRUE,Jody,24_35_month,2025,Invitee name/email fallback,Jody Kendall,2025-08-25,2025-08-06,940609d6-a8b5-49eb-9087-581cd89ca5e8,85d3c9df-4e40-4d5e-8d75-d3fdd90bb735,invitee_email,,Calendly host - Invitee name/email fallback
HYF628-01-A,3-20 year,3_5yr,TRUE,Jody,24_35_month,2025,Invitee name/email fallback,Jody Kendall,2025-08-12,2025-07-27,98815543-87ef-4332-b733-266ac49491a2,724753fb-5808-429e-9e64-19f79896eb4a,invitee_email,,Calendly host - Invitee name/email fallback
SWX990-01-A,3-20 year,3_5yr,TRUE,Jody,24_35_month,2025,Invitee name/email fallback,Jody Kendall,2025-11-17,2025-10-06,413127f6-b7a4-4ba9-97fd-0b697e47fb32,f96f4bc2-9afe-4dae-a624-0e0eb669c96c,invitee_email,,Calendly host - Invitee name/email fallback
HSB243-01-A,3-20 year,3_5yr,TRUE,Toye,24_35_month,2025,Invitee name/email fallback,Shetoye  Rice,2025-09-16,2025-08-27,b36ac5ba-e855-46d7-b4d9-c535fdb8aec8,18855467-74fd-4089-9309-decce64e7dd7,invitee_email,,Calendly host - Invitee name/email fallback
LYC422-01-A,3-20 year,3_5yr,TRUE,Toye,3_5yr,2026,Invitee name/email fallback,Shetoye  Rice,2026-08-18,2026-06-18,eea73a7a-3c1b-4f93-b122-dc13a458ab9e,a2df0908-915e-41bb-bce5-2e93ddad3ee4,invitee_email,,Calendly host - Invitee name/email fallback
MBS013-01-A,3-20 year,3_5yr,TRUE,Toye,3_5yr,2026,Invitee name/email fallback,Shetoye  Rice,2026-08-18,2026-06-10,508b81a2-4eb3-49a7-843f-037fde9225d9,6af7b447-161b-4cc7-8dee-877d25e4ea4a,invitee_email,,Calendly host - Invitee name/email fallback
SRC249-01-A,3-20 year,3_5yr,TRUE,Toye,3_5yr,2025,Invitee name/email fallback,Shetoye  Rice,2025-12-16,2025-12-06,eda3ed17-9c47-41ab-ae78-c9b9de6d8c79,75fce910-2ab0-487b-8277-d3569450981d,invitee_email,,Calendly host - Invitee name/email fallback
XMR094-01-A,3-20 year,3_5yr,TRUE,Toye,3_5yr,2026,Invitee name/email fallback,Shetoye  Rice,2026-06-10,2026-05-19,ccdc2f11-ec54-4b3f-a477-a14aedd67d0e,4c83b099-e00c-436c-8ec0-6aee4e9b0141,invitee_email,,Calendly host - Invitee name/email fallback
YXX723-01-A,3-20 year,3_5yr,TRUE,Toye,24_35_month,2025,Invitee name/email fallback,Shetoye  Rice,2025-11-25,2025-11-19,8ab6a5e7-f034-49cb-8937-a72c27ea4e1b,9527574e-25b9-4f1c-931c-248a2f68570f,invitee_email,,Calendly host - Invitee name/email fallback
ZKX281-01-A,3-20 year,3_5yr,TRUE,Toye,24_35_month,2025,Invitee name/email fallback,Shetoye  Rice,2025-10-28,2025-10-23,0f049cb2-c8af-4b0b-9119-2fbe6e513c8e,f14814d8-ffeb-4ade-801c-8a97c0621c7a,invitee_email,,Calendly host - Invitee name/email fallback
CVW990-01-A,3-20 year,6_10yr,TRUE,Amy,6_10yr,2025,Invitee name/email fallback,Amy Scharmen-Burgdolf,2025-10-14,2025-09-27,b7eadaa7-cb50-43fa-bd5b-d802e6896fe6,2d90612e-d215-479d-a78b-d53e968e03c7,invitee_child_name,,Calendly host - Invitee name/email fallback
LPG974-01-A,3-20 year,6_10yr,TRUE,Amy,6_10yr,2025,Invitee name/email fallback,Amy Scharmen-Burgdolf,2025-11-07,2025-10-27,78df3b83-fb32-4b9f-80c6-a53032232812,065fbbba-9430-4f52-9948-9db63ee1bee6,invitee_email,,Calendly host - Invitee name/email fallback
TXF197-01-A,3-20 year,6_10yr,TRUE,Amy,6_10yr,2026,Invitee name/email fallback,Amy Scharmen-Burgdolf,2026-04-12,2026-03-10,bcf60066-b6f9-44c4-9d23-ae03b23a7f03,64a3e2ff-2f16-4798-8639-e267c6686bef,invitee_email,,Calendly host - Invitee name/email fallback
XGC495-01-A,3-20 year,6_10yr,TRUE,Amy,3_5yr,2025,Invitee name/email fallback,Amy Scharmen-Burgdolf,2025-08-20,2025-08-13,7e08bd21-fb56-4e27-9e24-d1fa8cf6f5fd,7dd891c4-aba7-423f-80a5-90a3673a37a5,invitee_child_name,,Calendly host - Invitee name/email fallback
FFM260-01-A,3-20 year,6_10yr,TRUE,Breanna,3_5yr,2025,Invitee name/email fallback,Breanna Kornatowski,2025-09-25,2025-09-15,d45be3db-ae9b-4a52-8368-2d26443ac287,a0ae7d1d-f6ca-4fde-8bde-512ba2a6c68d,invitee_mother_name,,Calendly host - Invitee name/email fallback
HMP017-01-A,3-20 year,6_10yr,TRUE,Breanna,6_10yr,2025,Invitee name/email fallback,Breanna Kornatowski,2025-08-08,2025-07-24,b8cbe18b-4d69-4117-a0e0-3dca14881799,3f8690ee-38d2-4e1b-8583-3ff2685c3fb1,invitee_email,,Calendly host - Invitee name/email fallback
HSD339-01-A,3-20 year,6_10yr,TRUE,Breanna,3_5yr,2025,Invitee name/email fallback,Breanna Kornatowski,2025-09-25,2025-09-12,0034f646-d1f1-4e50-9fd6-04f2309a7b4f,9414b163-a5dd-459d-9a26-cc0cb9b68ec7,invitee_child_name,,Calendly host - Invitee name/email fallback
LKZ423-01-A,3-20 year,6_10yr,TRUE,Breanna,3_5yr,2025,Invitee name/email fallback,Breanna Kornatowski,2025-08-08,2025-07-29,5cf2b110-4bdc-4789-9f74-a58983899f7b,afa46f65-0350-4fd9-99e2-5f1df80eb5bd,invitee_email,,Calendly host - Invitee name/email fallback
RDX008-01-A,3-20 year,6_10yr,TRUE,Breanna,6_10yr,2025,Invitee name/email fallback,Breanna Kornatowski,2025-07-30,2025-07-27,01d6e01a-c481-4389-b290-047637213a76,fe49fb7d-4e32-4566-a293-bbe2fbf6cf45,invitee_email,,Calendly host - Invitee name/email fallback
TTQ883-01-A,3-20 year,6_10yr,TRUE,Breanna,6_10yr,2025,Invitee name/email fallback,Breanna Kornatowski,2025-10-28,2025-10-22,978767cd-96fb-435c-9be6-c81e1cc9d9ef,54098bc1-69fd-40a7-8441-8619199c13ef,invitee_email,,Calendly host - Invitee name/email fallback
FCP851-01-A,3-20 year,6_10yr,TRUE,Cassie,6_10yr,2025,Invitee name/email fallback,Cassie Nickerson,2025-09-21,2025-08-19,d8485716-d987-482c-881d-9fd5f1102395,3b1bc2f4-5448-424b-81c7-47376a8c9fb6,invitee_email,,Calendly host - Invitee name/email fallback
SBB700-01-A,3-20 year,6_10yr,TRUE,Cassie,3_5yr,2025,Invitee name/email fallback,Cassie Nickerson,2025-11-22,2025-11-18,5db360aa-3898-4ee4-9e46-3f2155bd932d,648a7614-71a0-46b8-a1e1-0e654635c1e9,invitee_email,,Calendly host - Invitee name/email fallback
ZBF912-01-A,3-20 year,6_10yr,TRUE,Cassie,6_10yr,2026,Invitee name/email fallback,Cassie Nickerson,2026-03-30,2026-03-04,99dd9aa3-6762-4cc6-85d7-c9f19d2e75fa,66825b53-5c07-4db0-bf66-ea6685e7abdb,invitee_email,,Calendly host - Invitee name/email fallback
MHS537-01-A,3-20 year,6_10yr,TRUE,Jo,3_5yr,2025,Invitee name/email fallback,Jolyn Lerma,2025-07-16,2025-07-01,670b9159-a4f5-4df7-8191-bfb6f64be859,c132c506-9ba5-430d-b0ac-0e081d5231a8,invitee_email,,Calendly host - Invitee name/email fallback
VRS810-01-A,3-20 year,6_10yr,TRUE,Jo,6_10yr,2026,Invitee name/email fallback,Jolyn Lerma,2026-03-26,2026-03-10,91e2008c-864f-4efe-831a-bba56f92ec56,5c794e9c-17f4-4c69-bb71-6aeaff7cb0af,invitee_email,,Calendly host - Invitee name/email fallback
CGC327-01-A,3-20 year,6_10yr,TRUE,Jody,6_10yr,2025,Invitee name/email fallback,Jody Kendall,2025-09-30,2025-09-08,6ea9b0ac-3cbf-41b0-b799-92a2810f9726,265a493b-6fae-4187-9b86-1c8f4515c6f5,invitee_email,,Calendly host - Invitee name/email fallback
JSV719-01-A,3-20 year,6_10yr,TRUE,Jody,3_5yr,2025,Invitee name/email fallback,Jody Kendall,2025-12-06,2025-11-06,ec77d9b4-55f2-49f2-a634-4359564bcc1c,c6350840-8e80-43d0-844a-5c280c24d09e,invitee_mother_name,,Calendly host - Invitee name/email fallback
KGX944-01-A,3-20 year,6_10yr,TRUE,Jody,6_10yr,2025,Invitee name/email fallback,Jody Kendall,2025-06-30,2025-06-16,a87d82eb-f02c-4eab-aa9c-6add2a702baa,3fc855ba-6826-47b6-b2d4-9eb7b99c5bf2,invitee_email,,Calendly host - Invitee name/email fallback
NTZ108-01-A,3-20 year,6_10yr,TRUE,Jody,6_10yr,2025,Invitee name/email fallback,Jody Kendall,2025-08-12,2025-07-18,293ec6b3-70f0-4901-a59b-cb223344328a,9f897733-ef8f-4dd5-a066-029e4a76e9bb,invitee_child_name,,Calendly host - Invitee name/email fallback
TDY935-01-A,3-20 year,6_10yr,TRUE,Jody,6_10yr,2026,Invitee name/email fallback,Jody Kendall,2026-03-08,2026-03-05,7fe7b015-cf8b-44fa-b778-8fb6d54ba6de,a8bf352c-7c89-4ce8-b1f8-d2fe669005d3,invitee_email,,Calendly host - Invitee name/email fallback
VHC022-01-A,3-20 year,6_10yr,TRUE,Jody,6_10yr,2026,Invitee name/email fallback,Jody Kendall,2026-04-03,2026-03-11,e1a8895e-72fd-41e4-9c0d-f29c9e1475aa,d62870e7-4da0-40f8-af18-3c40148717c4,invitee_child_name,,Calendly host - Invitee name/email fallback
WYL000-01-A,3-20 year,6_10yr,TRUE,Jody,6_10yr,2026,Invitee name/email fallback,Jody Kendall,2026-04-06,2026-03-12,3816c051-2ad3-4cff-b875-cfdc31169970,ead7f4da-634e-42af-b552-b69855439db5,invitee_email,,Calendly host - Invitee name/email fallback
WYN485-01-A,3-20 year,6_10yr,TRUE,Jody,6_10yr,2026,Invitee name/email fallback,Jody Kendall,2026-03-13,2026-03-04,d5114b0a-e891-495f-baf8-5b9f91c8eb0f,fc811c96-6927-4a1c-9ec8-8b317f47717a,invitee_email,,Calendly host - Invitee name/email fallback
WZT929-01-A,3-20 year,6_10yr,TRUE,Jody,6_10yr,2026,Invitee name/email fallback,Jody Kendall,2026-04-19,2026-03-12,e90186e6-1bb2-4bbb-a0b4-053422abf1e2,b3936f2f-444c-431a-913f-ca50fccaab9e,invitee_email,,Calendly host - Invitee name/email fallback
BRC337-01-A,3-20 year,6_10yr,TRUE,Nicole,6_10yr,2025,Invitee name/email fallback,Nicole Lipcaman,2025-08-29,2025-08-14,727b9008-e203-404a-bd8d-9f2287a8f0be,3a14e319-15ce-499c-973d-3481167fb2fa,invitee_email,,Calendly host - Invitee name/email fallback
CDD765-01-A,3-20 year,6_10yr,TRUE,Nicole,6_10yr,2025,Invitee name/email fallback,Nicole Lipcaman,2025-11-24,2025-11-22,6e51c48a-ae9c-481e-880e-ec0019107e30,1f434dc1-818e-410e-a5b0-c0abfe74fa7f,invitee_email,,Calendly host - Invitee name/email fallback
CNC205-01-A,3-20 year,6_10yr,TRUE,Nicole,6_10yr,2025,Invitee name/email fallback,Nicole Lipcaman,2025-11-22,2025-11-06,bc78f3fb-2e24-43f4-a063-34ed938a8dd0,75fc7dfc-a650-4199-a206-31ebd7617816,invitee_email,,Calendly host - Invitee name/email fallback
CSQ415-01-A,3-20 year,6_10yr,TRUE,Nicole,6_10yr,2025,Invitee name/email fallback,Nicole Lipcaman,2025-10-28,2025-10-03,ee0e7ed2-b0ec-4c6c-b1b8-c5b37be725bf,e3f9f2aa-1c5f-4e51-b979-05b562972da2,invitee_child_name,,Calendly host - Invitee name/email fallback
CTD272-01-A,3-20 year,6_10yr,TRUE,Nicole,6_10yr,2025,Invitee name/email fallback,Nicole Lipcaman,2025-09-07,2025-08-05,9f5a1db3-9fcc-497b-86ca-2ebdd6ddef2c,f9c1f40f-f5fa-45b1-a637-876637882427,invitee_email,,Calendly host - Invitee name/email fallback
HJM928-01-A,3-20 year,6_10yr,TRUE,Nicole,6_10yr,2025,Invitee name/email fallback,Nicole Lipcaman,2025-08-11,2025-08-01,0e300306-b6c7-486e-aa93-e0c18151828f,2bb0bda1-3b73-4b28-9fd9-eded13a522eb,invitee_child_name,,Calendly host - Invitee name/email fallback
JJY773-01-A,3-20 year,6_10yr,TRUE,Nicole,6_10yr,2025,Invitee name/email fallback,Nicole Lipcaman,2025-07-16,2025-07-10,86facbe7-9fb8-4f3f-a214-6dbb7ee20a77,17eeab16-044e-4c92-9bcf-ef1ddcd480c9,invitee_email,,Calendly host - Invitee name/email fallback
LMQ766-01-A,3-20 year,6_10yr,TRUE,Nicole,6_10yr,2025,Invitee name/email fallback,Nicole Lipcaman,2025-10-13,2025-09-21,c32891ee-9a00-45f5-9609-a0fae22c6fd8,23b19ced-3515-4aaa-b6d5-5a550b05469d,invitee_email,,Calendly host - Invitee name/email fallback
PRZ511-01-A,3-20 year,6_10yr,TRUE,Nicole,6_10yr,2025,Invitee name/email fallback,Nicole Lipcaman,2025-09-23,2025-07-30,969db40b-ff48-4a82-95cd-e97d79a7a58a,9824cfd4-168e-4ebf-b2d8-a00f64077ff4,invitee_child_name,,Calendly host - Invitee name/email fallback
PTQ358-01-A,3-20 year,6_10yr,TRUE,Nicole,6_10yr,2025,Invitee name/email fallback,Nicole Lipcaman,2025-07-12,2025-06-12,04f5bd36-4624-4bf1-a126-a44f3c37f78e,af447ddc-e28c-40d7-9cac-315014fc3deb,invitee_email,,Calendly host - Invitee name/email fallback
QDX581-01-A,3-20 year,6_10yr,TRUE,Nicole,6_10yr,2025,Invitee name/email fallback,Nicole Lipcaman,2025-08-19,2025-07-31,c0822844-b52a-4f97-a756-2edf13b7ec6c,43f09e24-0479-4e36-a6f3-1cadd478c082,invitee_email,,Calendly host - Invitee name/email fallback
RHJ981-01-A,3-20 year,6_10yr,TRUE,Nicole,6_10yr,2025,Invitee name/email fallback,Nicole Lipcaman,2025-11-14,2025-10-20,98176b3c-56e5-45c4-b556-560fe309e92d,f16a97cf-8536-4d99-8c9b-2ad7751b65e0,invitee_email,,Calendly host - Invitee name/email fallback
RNB656-01-A,3-20 year,6_10yr,TRUE,Nicole,6_10yr,2025,Invitee name/email fallback,Nicole Lipcaman,2025-12-06,2025-11-17,f4c386a4-55e5-4589-95c9-28ca2599850d,7efe05b3-6af0-4fd6-82a6-44a848bc37f4,invitee_child_name,,Calendly host - Invitee name/email fallback
SXJ131-01-A,3-20 year,6_10yr,TRUE,Nicole,6_10yr,2025,Invitee name/email fallback,Nicole Lipcaman,2025-09-07,2025-08-01,ea2a2dad-817f-46ba-b8dd-9fd8e8864221,df702e30-0a9e-40d2-9562-87807787ecb7,invitee_email,,Calendly host - Invitee name/email fallback
TWT195-01-A,3-20 year,6_10yr,TRUE,Nicole,6_10yr,2025,Invitee name/email fallback,Nicole Lipcaman,2025-07-29,2025-07-07,4cc977a7-0af9-4e3d-b487-934639f82c87,f0390c2b-be73-476b-815f-12adbd937280,invitee_email,,Calendly host - Invitee name/email fallback
VWC247-01-A,3-20 year,6_10yr,TRUE,Nicole,6_10yr,2025,Invitee name/email fallback,Nicole Lipcaman,2025-11-22,2025-11-20,1df367fe-7f35-45a5-bd37-e7e57a4f63e2,ca4e7240-e083-4c30-83af-edb6a4e6654f,invitee_email,,Calendly host - Invitee name/email fallback
DQZ583-01-A,3-20 year,6_10yr,TRUE,Toye,3_5yr,2025,Invitee name/email fallback,Shetoye  Rice,2025-10-02,2025-09-19,ba3ee871-5714-4148-a46a-1e9d6da41f42,ed76d2c8-e5c1-400a-89e6-a9bb3bb2ad14,invitee_email,,Calendly host - Invitee name/email fallback
FHJ625-01-A,3-20 year,6_10yr,TRUE,Toye,6_10yr,2026,Invitee name/email fallback,Shetoye  Rice,2026-03-17,2026-03-12,ba9b240c-5f0d-4c60-b632-75fe9c74f374,bbd29bc9-2832-4b34-8b0d-210785db64df,invitee_email,,Calendly host - Invitee name/email fallback
FZH553-01-A,3-20 year,6_10yr,TRUE,Toye,3_5yr,2025,Invitee name/email fallback,Shetoye  Rice,2025-08-22,2025-08-07,a29d0b43-cd6f-4a41-a7f8-2e9d8c0402f6,0e30f845-2ded-4fcf-bb19-ebe996539529,invitee_email,,Calendly host - Invitee name/email fallback
GZK568-01-A,3-20 year,6_10yr,TRUE,Toye,6_10yr,2025,Invitee name/email fallback,Shetoye  Rice,2025-08-17,2025-06-25,ced3e234-1062-49f2-8767-5bf42d507670,8b3f27f8-56bf-4800-8b7f-9e0353752427,invitee_child_name,,Calendly host - Invitee name/email fallback
HRL028-01-A,3-20 year,6_10yr,TRUE,Toye,6_10yr,2025,Invitee name/email fallback,Shetoye  Rice,2025-08-12,2025-07-07,e8616c4d-b265-46f4-b342-b32f4256d00d,2844150e-db82-44b3-9b52-42967ad253c5,invitee_email,,Calendly host - Invitee name/email fallback
LBG473-01-A,3-20 year,6_10yr,TRUE,Toye,3_5yr,2025,Invitee name/email fallback,Shetoye  Rice,2025-10-02,2025-09-19,cffb18c6-2f7f-47ac-8d43-0bfd248eea76,50607716-9d9f-4fb3-a991-1d77e02f149a,invitee_email,,Calendly host - Invitee name/email fallback
LSV069-01-A,3-20 year,6_10yr,TRUE,Toye,6_10yr,2026,Invitee name/email fallback,Shetoye  Rice,2026-09-01,2026-07-09,b0eb9453-ccb9-4d45-912c-a2760dc119a9,874facd7-542d-4a63-a93e-6f3a231a7626,invitee_email,,Calendly host - Invitee name/email fallback
LVR036-01-A,3-20 year,6_10yr,TRUE,Toye,6_10yr,2026,Invitee name/email fallback,Shetoye  Rice,2026-07-21,2026-06-02,abbc2f20-69ab-4e98-b013-a3a8e9e48c2a,39770641-57ca-4c67-b67f-250ce79ec0a2,invitee_email,,Calendly host - Invitee name/email fallback
MMN454-01-A,3-20 year,6_10yr,TRUE,Toye,6_10yr,2025,Invitee name/email fallback,Shetoye  Rice,2025-12-16,2025-12-03,7bbcf65d-d747-4618-9966-f708134e1974,c94fe689-9ad6-4025-93c5-aa599591f908,invitee_email,,Calendly host - Invitee name/email fallback
MNN095-01-A,3-20 year,6_10yr,TRUE,Toye,6_10yr,2025,Invitee name/email fallback,Shetoye  Rice,2025-10-09,2025-10-01,82114ee1-5048-4b61-bb2f-e72e60233036,ef427bc0-7026-4c49-b0cd-dd9ca3023275,invitee_email,,Calendly host - Invitee name/email fallback
MQF285-01-A,3-20 year,6_10yr,TRUE,Toye,6_10yr,2025,Invitee name/email fallback,Shetoye  Rice,2025-07-15,2025-06-30,b87ecc84-bbf4-4558-8d3c-3f694b61b6c3,fa8fe100-1a04-4030-ba39-f3ca35d077f8,invitee_email,,Calendly host - Invitee name/email fallback
QRK467-01-M,3-20 year,6_10yr,TRUE,Toye,6_10yr,2026,Invitee name/email fallback,Shetoye  Rice,2026-07-22,2026-06-09,7b6b4a4c-6330-4fa8-aabb-b2aea90e0261,615d450b-5adc-4d82-8036-9cf6aeea1d77,invitee_email+child_first_name,,Calendly host - Invitee name/email fallback
QRK467-01-N,3-20 year,6_10yr,TRUE,Toye,6_10yr,2026,Invitee name/email fallback,Shetoye  Rice,2026-07-26,2026-06-09,c468e8b0-22d3-4ec4-aede-6d0a9d3a0596,e44f5cdd-2ea4-4719-bad6-746e1b8a14a0,invitee_email+child_first_name,,Calendly host - Invitee name/email fallback
SBY066-01-A,3-20 year,6_10yr,TRUE,Toye,6_10yr,2025,Invitee name/email fallback,Shetoye  Rice,2025-09-12,2025-08-18,3ca43426-1aa0-4c29-8e11-833e84f094ea,f5ee4fa4-58de-4915-9db3-c56c69b22891,invitee_email,,Calendly host - Invitee name/email fallback
TDS587-01-A,3-20 year,6_10yr,TRUE,Toye,3_5yr,2025,Invitee name/email fallback,Shetoye  Rice,2025-12-18,2025-12-09,eb880735-0d8c-4696-855a-840980341fa6,09ef1e5c-1a6e-40b1-8510-aa186b3097d0,invitee_email,,Calendly host - Invitee name/email fallback
VBK954-01-A,3-20 year,6_10yr,TRUE,Toye,6_10yr,2026,Invitee name/email fallback,Shetoye  Rice,2026-04-02,2026-03-06,9ad2ef41-c553-4766-813f-2e1bf49f071c,77246ade-9069-4d7a-91e9-a008d57da277,invitee_email,,Calendly host - Invitee name/email fallback
VXF127-01-A,3-20 year,6_10yr,TRUE,Toye,3_5yr,2025,Invitee name/email fallback,Shetoye  Rice,2025-07-22,2025-06-25,088c8d7d-3b3c-4508-b012-33c0083537e6,faca6820-559f-4e98-aff1-cf507e297dae,invitee_email,,Calendly host - Invitee name/email fallback
WFY450-01-A,3-20 year,6_10yr,TRUE,Toye,6_10yr,2026,Invitee name/email fallback,Shetoye  Rice,2026-04-26,2026-03-06,e38b0a5f-6b92-4397-b6dc-7e747f9ba8da,df999278-f69f-4c12-a4d8-607edd30ba0f,invitee_email,,Calendly host - Invitee name/email fallback
WPX155-01-A,3-20 year,6_10yr,TRUE,Toye,6_10yr,2025,Invitee name/email fallback,Shetoye  Rice,2025-08-28,2025-08-04,13281f43-2ed5-47c6-8517-25b5ae3dc963,2b018d3c-9128-44a6-9e80-3a7b4c0d52cd,invitee_mother_name,,Calendly host - Invitee name/email fallback
ZSD451-01-A,3-20 year,6_10yr,TRUE,Toye,3_5yr,2025,Invitee name/email fallback,Shetoye  Rice,2025-12-02,2025-11-26,db976f01-4374-4928-8d92-8c3691555823,91c32ceb-c23d-4b47-9489-a6db18b087c5,invitee_email,,Calendly host - Invitee name/email fallback
HHW537-01-A,6-35 month,12_23_month,TRUE,Jody,12_23_month,2026,Invitee name/email fallback,Jody Kendall,2026-04-03,2026-03-20,2f0da7a0-6e81-41dc-983b-e5b3907803ce,fc498ff1-42b4-4dfd-80d0-a8ae9e18ace4,invitee_email,,Calendly host - Invitee name/email fallback
CXB725-01-A,6-35 month,12_23_month,TRUE,Toye,12_23_month,2026,Invitee name/email fallback,Shetoye  Rice,2026-09-01,2026-07-06,51820f11-b5f0-4a67-8b5a-d15610c70ead,7774f2df-5aa7-4373-9c1f-05e561ac3ae1,invitee_email,,Calendly host - Invitee name/email fallback
DCP767-01-A,6-35 month,24_35_month,TRUE,Cassie,24_35_month,2025,Invitee name/email fallback,Cassie Nickerson,2025-11-16,2025-10-28,fb4882f9-af8a-45aa-ab2c-5be83576e7da,aac192ad-e457-4792-b963-58cff15002e9,invitee_email,,Calendly host - Invitee name/email fallback
