ECHO_ID,event_short,Task Age Window,Responsible Staff,Responsibility Start,Last Observed,Assignment Source
BBS494-01-A,Caregiver Survey,not_applicable,Unassigned,2026-09-15,2026-09-22,Unassigned
BBS494-01-A,ECHO 2 Re-Consent,not_applicable,Unassigned,2026-09-15,2026-09-22,Unassigned
BBS494-01-A,IPA Scheduled,not_applicable,Unassigned,2026-09-15,2026-09-22,Unassigned
BHB279-01-A,Caregiver Survey,6_11_month,Anna,2026-09-15,2026-09-22,Age-window fallback
BLK940-01-A,Caregiver Survey,12_23_month,Jody,2026-09-15,2026-09-22,Ripple tag
BLK940-01-A,IPA Scheduled,12_23_month,Jody,2026-09-15,2026-09-22,Ripple tag
BLK940-01-A,ECHO 2 v3.01 Postnatal Consent,not_applicable,Jody,2026-09-15,2026-09-22,Ripple tag
BNJ340-01-A,Caregiver Survey,6_11_month,Anna,2026-09-15,2026-09-22,Age-window fallback
BPM036-01-A,Caregiver Survey,12_23_month,Jody,2026-09-15,2026-09-22,Ripple tag
BPM036-01-A,IPA Scheduled,12_23_month,Jody,2026-09-15,2026-09-22,Ripple tag
BPQ270-01-A,Caregiver Survey,not_applicable,Unassigned,2026-09-15,2026-09-22,Unassigned
BPQ270-01-A,ECHO 2 Re-Consent,not_applicable,Unassigned,2026-09-15,2026-09-22,Unassigned
BPQ270-01-A,IPA Scheduled,not_applicable,Unassigned,2026-09-15,2026-09-22,Unassigned
BRL402-01-A,Caregiver Survey,12_23_month,Jody,2026-09-15,2026-09-22,Ripple tag
BRL402-01-A,IPA Scheduled,12_23_month,Jody,2026-09-15,2026-09-22,Ripple tag
BSM142-01-A,Caregiver Survey,12_23_month,Jody,2026-09-15,2026-09-22,Ripple tag
BSM142-01-A,IPA Scheduled,12_23_month,Jody,2026-09-15,2026-09-22,Ripple tag
BSM142-01-A,ECHO 2 v3.01 Postnatal Consent,not_applicable,Jody,2026-09-15,2026-09-22,Ripple tag
BVD945-01-A,Caregiver Survey,12_23_month,Jody,2026-09-15,2026-09-22,Ripple tag
BVD945-01-A,IPA Scheduled,12_23_month,Jody,2026-09-15,2026-09-22,Ripple tag
BWJ550-01-A,Caregiver Survey,12_23_month,Jody,2026-09-15,2026-09-22,Ripple tag
BWJ550-01-A,IPA Scheduled,12_23_month,Jody,2026-09-15,2026-09-22,Ripple tag
BXJ770-01-A,Caregiver Survey,12_23_month,Jody,2026-09-15,2026-09-22,Ripple tag
BXJ770-01-A,IPA Scheduled,12_23_month,Jody,2026-09-15,2026-09-22,Ripple tag
BZW702-01-A,Caregiver Survey,6_11_month,Anna,2026-09-15,2026-09-22,Age-window fallback
CCC242-01-A,Caregiver Survey,12_23_month,Jody,2026-09-15,2026-09-22,Ripple tag
CCC242-01-A,IPA Scheduled,12_23_month,Jody,2026-09-15,2026-09-22,Ripple tag
CJF735-01-A,Caregiver Survey,12_23_month,Jody,2026-09-15,2026-09-22,Ripple tag
CJF735-01-A,IPA Scheduled,12_23_month,Jody,2026-09-15,2026-09-22,Ripple tag
CKJ511-01-A,Caregiver Survey,6_11_month,Anna,2026-09-15,2026-09-22,Age-window fallback
CKL621-01-A,Caregiver Survey,12_23_month,Jody,2026-09-15,2026-09-22,Ripple tag
CKL621-01-A,IPA Scheduled,12_23_month,Jody,2026-09-15,2026-09-22,Ripple tag
CKX033-01-A,Caregiver Survey,6_11_month,Anna,2026-09-15,2026-09-22,Age-window fallback
CLC701-01-A,Caregiver Survey,12_23_month,Jody,2026-09-15,2026-09-22,Ripple tag
CLC701-01-A,IPA Scheduled,12_23_month,Jody,2026-09-15,2026-09-22,Ripple tag
CNJ952-01-A,Caregiver Survey,6_11_month,Anna,2026-09-15,2026-09-22,Age-window fallback
CNJ952-01-B,Caregiver Survey,6_11_month,Anna,2026-09-15,2026-09-22,Age-window fallback
CPP633-01-A,Caregiver Survey,6_11_month,Anna,2026-09-15,2026-09-22,Age-window fallback
CPS604-01-A,Caregiver Survey,12_23_month,Jody,2026-09-15,2026-09-22,Ripple tag
CPS604-01-A,IPA Scheduled,12_23_month,Jody,2026-09-15,2026-09-22,Ripple tag
CSS863-02-A,Caregiver Survey,12_23_month,Jody,2026-09-15,2026-09-22,Ripple tag
CSS863-02-A,IPA Scheduled,12_23_month,Jody,2026-09-15,2026-09-22,Ripple tag
CSS863-02-A,ECHO 2 v3.01 Postnatal Consent,not_applicable,Jody,2026-09-15,2026-09-22,Ripple tag
CTT657-01-A,Caregiver Survey,12_23_month,Jody,2026-09-15,2026-09-22,Ripple tag
CTT657-01-A,IPA Scheduled,12_23_month,Jody,2026-09-15,2026-09-22,Ripple tag
CVH892-01-A,Caregiver Survey,12_23_month,Jody,2026-09-15,2026-09-22,Ripple tag
CVH892-01-A,IPA Scheduled,12_23_month,Jody,2026-09-15,2026-09-22,Ripple tag
CXB725-01-A,Caregiver Survey,12_23_month,Jody,2026-09-15,2026-09-22,Ripple tag
CXB725-01-A,IPA Scheduled,12_23_month,Jody,2026-09-15,2026-09-22,Ripple tag
CYS167-01-A,Caregiver Survey,12_23_month,Jody,2026-09-15,2026-09-22,Ripple tag
CYS167-01-A,IPA Scheduled,12_23_month,Jody,2026-09-15,2026-09-22,Ripple tag
CZK707-01-A,Caregiver Survey,6_11_month,Anna,2026-09-15,2026-09-22,Age-window fallback
CZX247-01-A,Caregiver Survey,not_applicable,Unassigned,2026-09-15,2026-09-22,Unassigned
CZX247-01-A,ECHO 2 Re-Consent,not_applicable,Unassigned,2026-09-15,2026-09-22,Unassigned
CZX247-01-A,IPA Scheduled,not_applicable,Unassigned,2026-09-15,2026-09-22,Unassigned
CZY180-01-A,Caregiver Survey,6_11_month,Anna,2026-09-15,2026-09-22,Age-window fallback
CZY408-01-A,Caregiver Survey,12_23_month,Jody,2026-09-15,2026-09-22,Ripple tag
CZY408-01-A,IPA Scheduled,12_23_month,Jody,2026-09-15,2026-09-22,Ripple tag
DCP767-01-A,Caregiver Survey,24_35_month,Cassie,2026-09-15,2026-09-22,Ripple tag
DCP767-01-A,IPA Scheduled,24_35_month,Cassie,2026-09-15,2026-09-22,Ripple tag
DDF581-01-A,Caregiver Survey,not_applicable,Unassigned,2026-09-15,2026-09-22,Unassigned
DDF581-01-A,ECHO 2 Re-Consent,not_applicable,Unassigned,2026-09-15,2026-09-22,Unassigned
DDF581-01-A,IPA Scheduled,not_applicable,Unassigned,2026-09-15,2026-09-22,Unassigned
DFB473-01-A,Caregiver Survey,6_11_month,Anna,2026-09-15,2026-09-22,Ripple tag
DFB473-01-B,Caregiver Survey,6_11_month,Anna,2026-09-15,2026-09-22,Ripple tag
DHH526-01-A,Caregiver Survey,not_applicable,Unassigned,2026-09-15,2026-09-22,Unassigned
DHH526-01-A,ECHO 2 Re-Consent,not_applicable,Unassigned,2026-09-15,2026-09-22,Unassigned
DHH526-01-A,IPA Scheduled,not_applicable,Unassigned,2026-09-15,2026-09-22,Unassigned
DHM804-01-A,Caregiver Survey,6_11_month,Anna,2026-09-15,2026-09-22,Ripple tag
DLW793-01-A,Caregiver Survey,12_23_month,Jody,2026-09-15,2026-09-22,Ripple tag
DLW793-01-A,IPA Scheduled,12_23_month,Jody,2026-09-15,2026-09-22,Ripple tag
DRG492-01-A,Caregiver Survey,6_11_month,Anna,2026-09-15,2026-09-22,Age-window fallback
DTQ848-01-A,Caregiver Survey,12_23_month,Jody,2026-09-15,2026-09-22,Ripple tag
DTQ848-01-A,IPA Scheduled,12_23_month,Jody,2026-09-15,2026-09-22,Ripple tag
DXH431-01-A,Caregiver Survey,6_11_month,Anna,2026-09-15,2026-09-22,Ripple tag
DYK248-01-A,Caregiver Survey,6_11_month,Anna,2026-09-15,2026-09-22,Ripple tag
FBF788-01-A,Caregiver Survey,6_11_month,Anna,2026-09-15,2026-09-22,Age-window fallback
FBF788-01-A,ECHO 2 Re-Consent,not_applicable,Anna,2026-09-15,2026-09-22,Age-window fallback
FBF788-01-A,ECHO 2 v3.01 Postnatal Consent,not_applicable,Anna,2026-09-15,2026-09-22,Age-window fallback
FGC147-01-A,Caregiver Survey,12_23_month,Jody,2026-09-15,2026-09-22,Ripple tag
FGC147-01-A,IPA Scheduled,12_23_month,Jody,2026-09-15,2026-09-22,Ripple tag
FGC147-01-A,ECHO 2 Re-Consent,not_applicable,Jody,2026-09-15,2026-09-22,Ripple tag
FGC147-01-A,ECHO 2 v3.01 Postnatal Consent,not_applicable,Jody,2026-09-15,2026-09-22,Ripple tag
FGD590-01-A,Caregiver Survey,6_11_month,Anna,2026-09-15,2026-09-22,Ripple tag
FGD590-01-A,ECHO 2 Re-Consent,not_applicable,Anna,2026-09-15,2026-09-22,Ripple tag
FGD590-01-A,ECHO 2 v3.01 Postnatal Consent,not_applicable,Anna,2026-09-15,2026-09-22,Ripple tag
FGL622-01-A,Caregiver Survey,6_11_month,Anna,2026-09-15,2026-09-22,Age-window fallback
FKJ961-01-A,Caregiver Survey,not_applicable,Unassigned,2026-09-15,2026-09-22,Unassigned
FKJ961-01-A,ECHO 2 Re-Consent,not_applicable,Unassigned,2026-09-15,2026-09-22,Unassigned
FKJ961-01-A,IPA Scheduled,not_applicable,Unassigned,2026-09-15,2026-09-22,Unassigned
FKT089-01-A,Caregiver Survey,6_11_month,Anna,2026-09-15,2026-09-22,Ripple tag
FNC855-01-A,Caregiver Survey,12_23_month,Jody,2026-09-15,2026-09-22,Ripple tag
FNC855-01-A,IPA Scheduled,12_23_month,Jody,2026-09-15,2026-09-22,Ripple tag
FQF816-01-A,Caregiver Survey,6_11_month,Anna,2026-09-15,2026-09-22,Age-window fallback
FQF816-01-A,ECHO 2 Re-Consent,not_applicable,Anna,2026-09-15,2026-09-22,Age-window fallback
FQF816-01-A,ECHO 2 v3.01 Postnatal Consent,not_applicable,Anna,2026-09-15,2026-09-22,Age-window fallback
FQH249-01-A,Caregiver Survey,12_23_month,Jody,2026-09-15,2026-09-22,Ripple tag
FQH249-01-A,IPA Scheduled,12_23_month,Jody,2026-09-15,2026-09-22,Ripple tag
FVG772-01-A,Caregiver Survey,not_applicable,Unassigned,2026-09-15,2026-09-22,Unassigned
FVG772-01-A,ECHO 2 Re-Consent,not_applicable,Unassigned,2026-09-15,2026-09-22,Unassigned
FVG772-01-A,IPA Scheduled,not_applicable,Unassigned,2026-09-15,2026-09-22,Unassigned
FVG772-01-N,Caregiver Survey,not_applicable,Unassigned,2026-09-15,2026-09-22,Unassigned
FVG772-01-N,ECHO 2 Re-Consent,not_applicable,Unassigned,2026-09-15,2026-09-22,Unassigned
FVG772-01-N,IPA Scheduled,not_applicable,Unassigned,2026-09-15,2026-09-22,Unassigned
FZV796-01-A,Caregiver Survey,6_11_month,Anna,2026-09-15,2026-09-22,Ripple tag
GBH901-01-A,Caregiver Survey,12_23_month,Jody,2026-09-15,2026-09-22,Ripple tag
GBH901-01-A,IPA Scheduled,12_23_month,Jody,2026-09-15,2026-09-22,Ripple tag
GDJ477-01-A,Caregiver Survey,12_23_month,Jody,2026-09-15,2026-09-22,Ripple tag
GDJ477-01-A,IPA Scheduled,12_23_month,Jody,2026-09-15,2026-09-22,Ripple tag
GDN788-01-A,Caregiver Survey,12_23_month,Jody,2026-09-15,2026-09-22,Ripple tag
GDN788-01-A,IPA Scheduled,12_23_month,Jody,2026-09-15,2026-09-22,Ripple tag
GGF358-01-A,Caregiver Survey,6_11_month,Anna,2026-09-15,2026-09-22,Age-window fallback
GGF358-01-A,ECHO 2 Re-Consent,not_applicable,Anna,2026-09-15,2026-09-22,Age-window fallback
GGF358-01-A,ECHO 2 v3.01 Postnatal Consent,not_applicable,Anna,2026-09-15,2026-09-22,Age-window fallback
GHD547-01-A,Caregiver Survey,6_11_month,Anna,2026-09-15,2026-09-22,Age-window fallback
GHD547-01-A,ECHO 2 Re-Consent,not_applicable,Anna,2026-09-15,2026-09-22,Age-window fallback
GHD547-01-A,ECHO 2 v3.01 Postnatal Consent,not_applicable,Anna,2026-09-15,2026-09-22,Age-window fallback
GJB876-01-A,Caregiver Survey,not_applicable,Unassigned,2026-09-15,2026-09-22,Unassigned
GJB876-01-A,ECHO 2 Re-Consent,not_applicable,Unassigned,2026-09-15,2026-09-22,Unassigned
GJB876-01-A,IPA Scheduled,not_applicable,Unassigned,2026-09-15,2026-09-22,Unassigned
GMB721-01-A,Caregiver Survey,12_23_month,Jody,2026-09-15,2026-09-22,Ripple tag
GMB721-01-A,IPA Scheduled,12_23_month,Jody,2026-09-15,2026-09-22,Ripple tag
GNX561-01-A,Caregiver Survey,6_11_month,Anna,2026-09-15,2026-09-22,Age-window fallback
GRM073-01-A,Caregiver Survey,12_23_month,Jody,2026-09-15,2026-09-22,Ripple tag
GRM073-01-A,IPA Scheduled,12_23_month,Jody,2026-09-15,2026-09-22,Ripple tag
GXM057-01-A,Caregiver Survey,12_23_month,Jody,2026-09-15,2026-09-22,Ripple tag
GXM057-01-A,IPA Scheduled,12_23_month,Jody,2026-09-15,2026-09-22,Ripple tag
GXN388-01-A,Caregiver Survey,not_applicable,Unassigned,2026-09-15,2026-09-22,Unassigned
GXN388-01-A,ECHO 2 Re-Consent,not_applicable,Unassigned,2026-09-15,2026-09-22,Unassigned
GXN388-01-A,IPA Scheduled,not_applicable,Unassigned,2026-09-15,2026-09-22,Unassigned
GYL243-01-A,Caregiver Survey,12_23_month,Jody,2026-09-15,2026-09-22,Ripple tag
GYL243-01-A,IPA Scheduled,12_23_month,Jody,2026-09-15,2026-09-22,Ripple tag
GZD028-01-A,Caregiver Survey,12_23_month,Jody,2026-09-15,2026-09-22,Ripple tag
GZD028-01-A,IPA Scheduled,12_23_month,Jody,2026-09-15,2026-09-22,Ripple tag
GZR716-01-A,Caregiver Survey,12_23_month,Jody,2026-09-15,2026-09-22,Ripple tag
GZR716-01-A,IPA Scheduled,12_23_month,Jody,2026-09-15,2026-09-22,Ripple tag
HFT023-01-A,Caregiver Survey,not_applicable,Unassigned,2026-09-15,2026-09-22,Unassigned
HFT023-01-A,ECHO 2 Re-Consent,not_applicable,Unassigned,2026-09-15,2026-09-22,Unassigned
HFT023-01-A,IPA Scheduled,not_applicable,Unassigned,2026-09-15,2026-09-22,Unassigned
HHW537-01-A,Caregiver Survey,12_23_month,Jody,2026-09-15,2026-09-22,Ripple tag
HHW537-01-A,IPA Scheduled,12_23_month,Jody,2026-09-15,2026-09-22,Ripple tag
HHW537-01-A,ECHO 2 v3.01 Postnatal Consent,not_applicable,Jody,2026-09-15,2026-09-22,Ripple tag
HKG602-01-A,Caregiver Survey,not_applicable,Cassie,2026-09-15,2026-09-22,Ripple tag
HKG602-01-A,ECHO 2 Re-Consent,not_applicable,Cassie,2026-09-15,2026-09-22,Ripple tag
HKG602-01-A,IPA Scheduled,not_applicable,Cassie,2026-09-15,2026-09-22,Ripple tag
HKN599-01-A,Caregiver Survey,6_11_month,Anna,2026-09-15,2026-09-22,Age-window fallback
HPX087-01-A,Caregiver Survey,6_11_month,Anna,2026-09-15,2026-09-22,Age-window fallback
HQK219-01-A,Caregiver Survey,6_11_month,Anna,2026-09-15,2026-09-22,Ripple tag
HRG544-01-A,Caregiver Survey,12_23_month,Jody,2026-09-15,2026-09-22,Ripple tag
HRG544-01-A,IPA Scheduled,12_23_month,Jody,2026-09-15,2026-09-22,Ripple tag
HVB288-01-A,Caregiver Survey,not_applicable,Unassigned,2026-09-15,2026-09-22,Unassigned
HVB288-01-A,ECHO 2 Re-Consent,not_applicable,Unassigned,2026-09-15,2026-09-22,Unassigned
HVB288-01-A,IPA Scheduled,not_applicable,Unassigned,2026-09-15,2026-09-22,Unassigned
HWV734-01-A,Caregiver Survey,6_11_month,Anna,2026-09-15,2026-09-22,Age-window fallback
HWV734-01-A,ECHO 2 Re-Consent,not_applicable,Anna,2026-09-15,2026-09-22,Age-window fallback
HWV734-01-A,ECHO 2 v3.01 Postnatal Consent,not_applicable,Anna,2026-09-15,2026-09-22,Age-window fallback
HYH412-01-A,Caregiver Survey,not_applicable,Unassigned,2026-09-15,2026-09-22,Unassigned
HYH412-01-A,ECHO 2 Re-Consent,not_applicable,Unassigned,2026-09-15,2026-09-22,Unassigned
HYH412-01-A,IPA Scheduled,not_applicable,Unassigned,2026-09-15,2026-09-22,Unassigned
HZM174-01-A,Caregiver Survey,not_applicable,Unassigned,2026-09-15,2026-09-22,Unassigned
HZM174-01-A,ECHO 2 Re-Consent,not_applicable,Unassigned,2026-09-15,2026-09-22,Unassigned
HZM174-01-A,IPA Scheduled,not_applicable,Unassigned,2026-09-15,2026-09-22,Unassigned
JBM041-01-A,Caregiver Survey,12_23_month,Jody,2026-09-15,2026-09-22,Ripple tag
JBM041-01-A,IPA Scheduled,12_23_month,Jody,2026-09-15,2026-09-22,Ripple tag
JBV363-01-A,Caregiver Survey,6_11_month,Anna,2026-09-15,2026-09-22,Age-window fallback
JCX999-01-A,Caregiver Survey,12_23_month,Jody,2026-09-15,2026-09-22,Ripple tag
JCX999-01-A,IPA Scheduled,12_23_month,Jody,2026-09-15,2026-09-22,Ripple tag
JFL342-01-A,Caregiver Survey,12_23_month,Jody,2026-09-15,2026-09-22,Ripple tag
JFL342-01-A,IPA Scheduled,12_23_month,Jody,2026-09-15,2026-09-22,Ripple tag
JJT668-01-A,Caregiver Survey,12_23_month,Jody,2026-09-15,2026-09-22,Ripple tag
JJT668-01-A,IPA Scheduled,12_23_month,Jody,2026-09-15,2026-09-22,Ripple tag
JLN021-01-A,Caregiver Survey,12_23_month,Jody,2026-09-15,2026-09-22,Ripple tag
JLN021-01-A,IPA Scheduled,12_23_month,Jody,2026-09-15,2026-09-22,Ripple tag
JNL946-01-A,Caregiver Survey,not_applicable,Unassigned,2026-09-15,2026-09-22,Unassigned
JNL946-01-A,ECHO 2 Re-Consent,not_applicable,Unassigned,2026-09-15,2026-09-22,Unassigned
JNL946-01-A,IPA Scheduled,not_applicable,Unassigned,2026-09-15,2026-09-22,Unassigned
JNW534-01-A,Caregiver Survey,12_23_month,Jody,2026-09-15,2026-09-22,Ripple tag
JNW534-01-A,IPA Scheduled,12_23_month,Jody,2026-09-15,2026-09-22,Ripple tag
JNW534-01-A,ECHO 2 v3.01 Postnatal Consent,not_applicable,Jody,2026-09-15,2026-09-22,Ripple tag
JQN133-01-A,Caregiver Survey,12_23_month,Jody,2026-09-15,2026-09-22,Ripple tag
JQN133-01-A,IPA Scheduled,12_23_month,Jody,2026-09-15,2026-09-22,Ripple tag
JTM922-01-A,Caregiver Survey,not_applicable,Unassigned,2026-09-15,2026-09-22,Unassigned
JTM922-01-A,ECHO 2 Re-Consent,not_applicable,Unassigned,2026-09-15,2026-09-22,Unassigned
JTM922-01-A,IPA Scheduled,not_applicable,Unassigned,2026-09-15,2026-09-22,Unassigned
JWP930-01-A,Caregiver Survey,12_23_month,Jody,2026-09-15,2026-09-22,Ripple tag
JWP930-01-A,IPA Scheduled,12_23_month,Jody,2026-09-15,2026-09-22,Ripple tag
JXP185-01-A,Caregiver Survey,12_23_month,Jody,2026-09-15,2026-09-22,Ripple tag
JXP185-01-A,IPA Scheduled,12_23_month,Jody,2026-09-15,2026-09-22,Ripple tag
JYR948-01-A,Caregiver Survey,12_23_month,Jody,2026-09-15,2026-09-22,Ripple tag
JYR948-01-A,IPA Scheduled,12_23_month,Jody,2026-09-15,2026-09-22,Ripple tag
JZC874-01-A,Caregiver Survey,12_23_month,Jody,2026-09-15,2026-09-22,Ripple tag
JZC874-01-A,IPA Scheduled,12_23_month,Jody,2026-09-15,2026-09-22,Ripple tag
JZC874-01-A,ECHO 2 v3.01 Postnatal Consent,not_applicable,Jody,2026-09-15,2026-09-22,Ripple tag
KBB279-01-A,Caregiver Survey,6_11_month,Anna,2026-09-15,2026-09-22,Age-window fallback
KBB279-01-A,ECHO 2 Re-Consent,not_applicable,Anna,2026-09-15,2026-09-22,Age-window fallback
KBB279-01-A,ECHO 2 v3.01 Postnatal Consent,not_applicable,Anna,2026-09-15,2026-09-22,Age-window fallback
KFX637-01-A,Caregiver Survey,6_11_month,Anna,2026-09-15,2026-09-22,Age-window fallback
KGN694-01-A,Caregiver Survey,6_11_month,Anna,2026-09-15,2026-09-22,Age-window fallback
KJR619-01-A,Caregiver Survey,12_23_month,Jody,2026-09-15,2026-09-22,Ripple tag
KJR619-01-A,IPA Scheduled,12_23_month,Jody,2026-09-15,2026-09-22,Ripple tag
KKK768-01-A,Caregiver Survey,6_11_month,Anna,2026-09-15,2026-09-22,Age-window fallback
KKK768-01-A,ECHO 2 Re-Consent,not_applicable,Anna,2026-09-15,2026-09-22,Age-window fallback
KKK768-01-A,ECHO 2 v3.01 Postnatal Consent,not_applicable,Anna,2026-09-15,2026-09-22,Age-window fallback
KLZ533-01-A,Caregiver Survey,12_23_month,Jody,2026-09-15,2026-09-22,Ripple tag
KLZ533-01-A,IPA Scheduled,12_23_month,Jody,2026-09-15,2026-09-22,Ripple tag
KLZ533-01-A,ECHO 2 v3.01 Postnatal Consent,not_applicable,Jody,2026-09-15,2026-09-22,Ripple tag
KML208-01-A,Caregiver Survey,6_11_month,Anna,2026-09-15,2026-09-22,Age-window fallback
KPV524-01-A,Caregiver Survey,6_11_month,Anna,2026-09-15,2026-09-22,Age-window fallback
KQD426-01-A,Caregiver Survey,not_applicable,Unassigned,2026-09-15,2026-09-22,Unassigned
KQD426-01-A,ECHO 2 Re-Consent,not_applicable,Unassigned,2026-09-15,2026-09-22,Unassigned
KQD426-01-A,IPA Scheduled,not_applicable,Unassigned,2026-09-15,2026-09-22,Unassigned
KQM140-01-A,Caregiver Survey,not_applicable,Unassigned,2026-09-15,2026-09-22,Unassigned
KQM140-01-A,ECHO 2 Re-Consent,not_applicable,Unassigned,2026-09-15,2026-09-22,Unassigned
KQM140-01-A,IPA Scheduled,not_applicable,Unassigned,2026-09-15,2026-09-22,Unassigned
KRK077-01-A,Caregiver Survey,6_11_month,Anna,2026-09-15,2026-09-22,Ripple tag
KRK077-01-B,Caregiver Survey,6_11_month,Anna,2026-09-15,2026-09-22,Ripple tag
KRR544-01-A,Caregiver Survey,12_23_month,Jody,2026-09-15,2026-09-22,Ripple tag
KRR544-01-A,IPA Scheduled,12_23_month,Jody,2026-09-15,2026-09-22,Ripple tag
KRS023-01-A,Caregiver Survey,12_23_month,Jody,2026-09-15,2026-09-22,Ripple tag
KRS023-01-A,IPA Scheduled,12_23_month,Jody,2026-09-15,2026-09-22,Ripple tag
KWL832-01-A,Caregiver Survey,not_applicable,Unassigned,2026-09-15,2026-09-22,Unassigned
KWL832-01-A,ECHO 2 Re-Consent,not_applicable,Unassigned,2026-09-15,2026-09-22,Unassigned
KWL832-01-A,IPA Scheduled,not_applicable,Unassigned,2026-09-15,2026-09-22,Unassigned
KWV665-01-A,Caregiver Survey,12_23_month,Jody,2026-09-15,2026-09-22,Ripple tag
KWV665-01-A,IPA Scheduled,12_23_month,Jody,2026-09-15,2026-09-22,Ripple tag
KXF530-01-A,Caregiver Survey,12_23_month,Jody,2026-09-15,2026-09-22,Ripple tag
KXF530-01-A,IPA Scheduled,12_23_month,Jody,2026-09-15,2026-09-22,Ripple tag
KYL770-01-A,Caregiver Survey,not_applicable,Cassie,2026-09-15,2026-09-22,Ripple tag
KYL770-01-A,ECHO 2 Re-Consent,not_applicable,Cassie,2026-09-15,2026-09-22,Ripple tag
KYL770-01-A,IPA Scheduled,not_applicable,Cassie,2026-09-15,2026-09-22,Ripple tag
LBZ361-01-A,Caregiver Survey,12_23_month,Jody,2026-09-15,2026-09-22,Ripple tag
LBZ361-01-A,IPA Scheduled,12_23_month,Jody,2026-09-15,2026-09-22,Ripple tag
LFW850-01-A,Caregiver Survey,not_applicable,Unassigned,2026-09-15,2026-09-22,Unassigned
LFW850-01-A,ECHO 2 Re-Consent,not_applicable,Unassigned,2026-09-15,2026-09-22,Unassigned
LFW850-01-A,IPA Scheduled,not_applicable,Unassigned,2026-09-15,2026-09-22,Unassigned
LGG437-01-A,Caregiver Survey,6_11_month,Anna,2026-09-15,2026-09-22,Ripple tag
LGT156-01-A,Caregiver Survey,6_11_month,Anna,2026-09-15,2026-09-22,Ripple tag
LGZ547-01-A,Caregiver Survey,6_11_month,Anna,2026-09-15,2026-09-22,Age-window fallback
LHC177-01-A,Caregiver Survey,12_23_month,Jody,2026-09-15,2026-09-22,Ripple tag
LHC177-01-A,IPA Scheduled,12_23_month,Jody,2026-09-15,2026-09-22,Ripple tag
LJD486-01-A,Caregiver Survey,not_applicable,Unassigned,2026-09-15,2026-09-22,Unassigned
LJD486-01-A,ECHO 2 Re-Consent,not_applicable,Unassigned,2026-09-15,2026-09-22,Unassigned
LJD486-01-A,IPA Scheduled,not_applicable,Unassigned,2026-09-15,2026-09-22,Unassigned
LLZ021-01-A,Caregiver Survey,12_23_month,Jody,2026-09-15,2026-09-22,Ripple tag
LLZ021-01-A,IPA Scheduled,12_23_month,Jody,2026-09-15,2026-09-22,Ripple tag
LLZ021-01-A,ECHO 2 v3.01 Postnatal Consent,not_applicable,Jody,2026-09-15,2026-09-22,Ripple tag
LMP796-01-A,Caregiver Survey,not_applicable,Cassie,2026-09-15,2026-09-22,Ripple tag
LMP796-01-A,ECHO 2 Re-Consent,not_applicable,Cassie,2026-09-15,2026-09-22,Ripple tag
LMP796-01-A,IPA Scheduled,not_applicable,Cassie,2026-09-15,2026-09-22,Ripple tag
LMX568-01-A,Caregiver Survey,6_11_month,Anna,2026-09-15,2026-09-22,Ripple tag
LNT397-01-A,Caregiver Survey,12_23_month,Jody,2026-09-15,2026-09-22,Ripple tag
LNT397-01-A,IPA Scheduled,12_23_month,Jody,2026-09-15,2026-09-22,Ripple tag
LQV674-01-A,Caregiver Survey,24_35_month,Cassie,2026-09-15,2026-09-22,Ripple tag
LQV674-01-A,IPA Scheduled,24_35_month,Cassie,2026-09-15,2026-09-22,Ripple tag
LRJ642-01-A,Caregiver Survey,12_23_month,Jody,2026-09-15,2026-09-22,Ripple tag
LRJ642-01-A,IPA Scheduled,12_23_month,Jody,2026-09-15,2026-09-22,Ripple tag
LSH641-01-A,Caregiver Survey,6_11_month,Anna,2026-09-15,2026-09-22,Ripple tag
LTS268-01-A,Caregiver Survey,12_23_month,Jody,2026-09-15,2026-09-22,Ripple tag
LTS268-01-A,IPA Scheduled,12_23_month,Jody,2026-09-15,2026-09-22,Ripple tag
LVK846-01-A,Caregiver Survey,6_11_month,Anna,2026-09-15,2026-09-22,Age-window fallback
LVK846-01-A,ECHO 2 Re-Consent,not_applicable,Anna,2026-09-15,2026-09-22,Age-window fallback
LVK846-01-A,ECHO 2 v3.01 Postnatal Consent,not_applicable,Anna,2026-09-15,2026-09-22,Age-window fallback
LZQ650-01-A,Caregiver Survey,12_23_month,Jody,2026-09-15,2026-09-22,Ripple tag
LZQ650-01-A,IPA Scheduled,12_23_month,Jody,2026-09-15,2026-09-22,Ripple tag
LZV055-01-A,Caregiver Survey,12_23_month,Jody,2026-09-15,2026-09-22,Ripple tag
LZV055-01-A,IPA Scheduled,12_23_month,Jody,2026-09-15,2026-09-22,Ripple tag
MCV334-01-A,Caregiver Survey,not_applicable,Cassie,2026-09-15,2026-09-22,Ripple tag
MCV334-01-A,ECHO 2 Re-Consent,not_applicable,Cassie,2026-09-15,2026-09-22,Ripple tag
MCV334-01-A,IPA Scheduled,not_applicable,Cassie,2026-09-15,2026-09-22,Ripple tag
MFH339-01-A,Caregiver Survey,12_23_month,Jody,2026-09-15,2026-09-22,Ripple tag
MFH339-01-A,IPA Scheduled,12_23_month,Jody,2026-09-15,2026-09-22,Ripple tag
MFY505-01-A,Caregiver Survey,6_11_month,Anna,2026-09-15,2026-09-22,Ripple tag
MGV078-01-A,Caregiver Survey,6_11_month,Anna,2026-09-15,2026-09-22,Ripple tag
MGW204-01-A,Caregiver Survey,6_11_month,Anna,2026-09-15,2026-09-22,Ripple tag
MJX352-01-A,Caregiver Survey,6_11_month,Anna,2026-09-15,2026-09-22,Age-window fallback
MJZ709-01-A,Caregiver Survey,12_23_month,Jody,2026-09-15,2026-09-22,Ripple tag
MJZ709-01-A,IPA Scheduled,12_23_month,Jody,2026-09-15,2026-09-22,Ripple tag
MLG277-01-A,Caregiver Survey,not_applicable,Unassigned,2026-09-15,2026-09-22,Unassigned
MLG277-01-A,ECHO 2 Re-Consent,not_applicable,Unassigned,2026-09-15,2026-09-22,Unassigned
MLG277-01-A,IPA Scheduled,not_applicable,Unassigned,2026-09-15,2026-09-22,Unassigned
MMJ680-01-A,Caregiver Survey,not_applicable,Unassigned,2026-09-15,2026-09-22,Unassigned
MMJ680-01-A,ECHO 2 Re-Consent,not_applicable,Unassigned,2026-09-15,2026-09-22,Unassigned
MMJ680-01-A,IPA Scheduled,not_applicable,Unassigned,2026-09-15,2026-09-22,Unassigned
MMQ065-01-A,Caregiver Survey,not_applicable,Unassigned,2026-09-15,2026-09-22,Unassigned
MMQ065-01-A,ECHO 2 Re-Consent,not_applicable,Unassigned,2026-09-15,2026-09-22,Unassigned
MMQ065-01-A,IPA Scheduled,not_applicable,Unassigned,2026-09-15,2026-09-22,Unassigned
MMV961-01-A,Caregiver Survey,12_23_month,Jody,2026-09-15,2026-09-22,Ripple tag
MMV961-01-A,IPA Scheduled,12_23_month,Jody,2026-09-15,2026-09-22,Ripple tag
MNR068-01-A,Caregiver Survey,12_23_month,Jody,2026-09-15,2026-09-22,Ripple tag
MNR068-01-A,IPA Scheduled,12_23_month,Jody,2026-09-15,2026-09-22,Ripple tag
MVK292-01-A,Caregiver Survey,12_23_month,Jody,2026-09-15,2026-09-22,Ripple tag
MVK292-01-A,IPA Scheduled,12_23_month,Jody,2026-09-15,2026-09-22,Ripple tag
MXD932-01-A,Caregiver Survey,not_applicable,Cassie,2026-09-15,2026-09-22,Ripple tag
MXD932-01-A,ECHO 2 Re-Consent,not_applicable,Cassie,2026-09-15,2026-09-22,Ripple tag
MXD932-01-A,IPA Scheduled,not_applicable,Cassie,2026-09-15,2026-09-22,Ripple tag
MZB982-01-A,Caregiver Survey,not_applicable,Unassigned,2026-09-15,2026-09-22,Unassigned
MZB982-01-A,ECHO 2 Re-Consent,not_applicable,Unassigned,2026-09-15,2026-09-22,Unassigned
MZB982-01-A,IPA Scheduled,not_applicable,Unassigned,2026-09-15,2026-09-22,Unassigned
NBF593-01-A,Caregiver Survey,not_applicable,Unassigned,2026-09-15,2026-09-22,Unassigned
NBF593-01-A,ECHO 2 Re-Consent,not_applicable,Unassigned,2026-09-15,2026-09-22,Unassigned
NBF593-01-A,IPA Scheduled,not_applicable,Unassigned,2026-09-15,2026-09-22,Unassigned
NCD314-01-A,Caregiver Survey,12_23_month,Jody,2026-09-15,2026-09-22,Ripple tag
NCD314-01-A,IPA Scheduled,12_23_month,Jody,2026-09-15,2026-09-22,Ripple tag
NCG882-01-A,Caregiver Survey,12_23_month,Jody,2026-09-15,2026-09-22,Ripple tag
NCG882-01-A,IPA Scheduled,12_23_month,Jody,2026-09-15,2026-09-22,Ripple tag
NCS144-01-A,Caregiver Survey,6_11_month,Anna,2026-09-15,2026-09-22,Ripple tag
NDG495-01-A,Caregiver Survey,12_23_month,Jody,2026-09-15,2026-09-22,Ripple tag
NDG495-01-A,IPA Scheduled,12_23_month,Jody,2026-09-15,2026-09-22,Ripple tag
NDP128-01-A,Caregiver Survey,12_23_month,Jody,2026-09-15,2026-09-22,Ripple tag
NDP128-01-A,IPA Scheduled,12_23_month,Jody,2026-09-15,2026-09-22,Ripple tag
NGV392-01-A,Caregiver Survey,6_11_month,Anna,2026-09-15,2026-09-22,Ripple tag
NJW296-01-A,Caregiver Survey,not_applicable,Unassigned,2026-09-15,2026-09-22,Unassigned
NJW296-01-A,ECHO 2 Re-Consent,not_applicable,Unassigned,2026-09-15,2026-09-22,Unassigned
NJW296-01-A,IPA Scheduled,not_applicable,Unassigned,2026-09-15,2026-09-22,Unassigned
NKQ202-01-A,Caregiver Survey,not_applicable,Unassigned,2026-09-15,2026-09-22,Unassigned
NKQ202-01-A,ECHO 2 Re-Consent,not_applicable,Unassigned,2026-09-15,2026-09-22,Unassigned
NKQ202-01-A,IPA Scheduled,not_applicable,Unassigned,2026-09-15,2026-09-22,Unassigned
NPM662-01-A,Caregiver Survey,12_23_month,Jody,2026-09-15,2026-09-22,Ripple tag
NPM662-01-A,IPA Scheduled,12_23_month,Jody,2026-09-15,2026-09-22,Ripple tag
NPM662-01-A,ECHO 2 v3.01 Postnatal Consent,not_applicable,Jody,2026-09-15,2026-09-22,Ripple tag
NQW810-01-A,Caregiver Survey,6_11_month,Anna,2026-09-15,2026-09-22,Ripple tag
NSQ870-01-A,Caregiver Survey,12_23_month,Jody,2026-09-15,2026-09-22,Ripple tag
NSQ870-01-A,IPA Scheduled,12_23_month,Jody,2026-09-15,2026-09-22,Ripple tag
NWN510-01-A,Caregiver Survey,6_11_month,Anna,2026-09-15,2026-09-22,Age-window fallback
Needs 3.01 Consent for ECHO Registration,Caregiver Survey,6_11_month,Anna,2026-09-15,2026-09-22,Age-window fallback
Needs 3.01 Consent to register,Caregiver Survey,6_11_month,Anna,2026-09-15,2026-09-22,Age-window fallback
PCF029-01-A,Caregiver Survey,not_applicable,Unassigned,2026-09-15,2026-09-22,Unassigned
PCF029-01-A,ECHO 2 Re-Consent,not_applicable,Unassigned,2026-09-15,2026-09-22,Unassigned
PCF029-01-A,IPA Scheduled,not_applicable,Unassigned,2026-09-15,2026-09-22,Unassigned
PFJ108-01-A,Caregiver Survey,not_applicable,Unassigned,2026-09-15,2026-09-22,Unassigned
PFJ108-01-A,ECHO 2 Re-Consent,not_applicable,Unassigned,2026-09-15,2026-09-22,Unassigned
PFJ108-01-A,IPA Scheduled,not_applicable,Unassigned,2026-09-15,2026-09-22,Unassigned
PGM615-01-A,Caregiver Survey,12_23_month,Jody,2026-09-15,2026-09-22,Ripple tag
PGM615-01-A,IPA Scheduled,12_23_month,Jody,2026-09-15,2026-09-22,Ripple tag
PGR160-01-A,Caregiver Survey,6_11_month,Anna,2026-09-15,2026-09-22,Age-window fallback
PHM086-01-A,Caregiver Survey,not_applicable,Cassie,2026-09-15,2026-09-22,Ripple tag
PHM086-01-A,ECHO 2 Re-Consent,not_applicable,Cassie,2026-09-15,2026-09-22,Ripple tag
PHM086-01-A,IPA Scheduled,not_applicable,Cassie,2026-09-15,2026-09-22,Ripple tag
PHN877-02-A,Caregiver Survey,12_23_month,Jody,2026-09-15,2026-09-22,Ripple tag
PHN877-02-A,IPA Scheduled,12_23_month,Jody,2026-09-15,2026-09-22,Ripple tag
PJV818-01-A,Caregiver Survey,not_applicable,Unassigned,2026-09-15,2026-09-22,Unassigned
PJV818-01-A,ECHO 2 Re-Consent,not_applicable,Unassigned,2026-09-15,2026-09-22,Unassigned
PJV818-01-A,IPA Scheduled,not_applicable,Unassigned,2026-09-15,2026-09-22,Unassigned
PLD055-01-A,Caregiver Survey,12_23_month,Jody,2026-09-15,2026-09-22,Ripple tag
PLD055-01-A,IPA Scheduled,12_23_month,Jody,2026-09-15,2026-09-22,Ripple tag
PLT854-01-A,Caregiver Survey,not_applicable,Unassigned,2026-09-15,2026-09-22,Unassigned
PLT854-01-A,ECHO 2 Re-Consent,not_applicable,Unassigned,2026-09-15,2026-09-22,Unassigned
PLT854-01-A,IPA Scheduled,not_applicable,Unassigned,2026-09-15,2026-09-22,Unassigned
PPF902-01-A,Caregiver Survey,6_11_month,Anna,2026-09-15,2026-09-22,Age-window fallback
PPF902-01-B,Caregiver Survey,6_11_month,Anna,2026-09-15,2026-09-22,Age-window fallback
PSQ576-01-A,Caregiver Survey,12_23_month,Jody,2026-09-15,2026-09-22,Ripple tag
PSQ576-01-A,IPA Scheduled,12_23_month,Jody,2026-09-15,2026-09-22,Ripple tag
PTG182-01-A,Caregiver Survey,6_11_month,Anna,2026-09-15,2026-09-22,Ripple tag
PTL466-01-A,Caregiver Survey,12_23_month,Jody,2026-09-15,2026-09-22,Ripple tag
PTL466-01-A,IPA Scheduled,12_23_month,Jody,2026-09-15,2026-09-22,Ripple tag
PVP473-01-A,Caregiver Survey,12_23_month,Jody,2026-09-15,2026-09-22,Ripple tag
PVP473-01-A,IPA Scheduled,12_23_month,Jody,2026-09-15,2026-09-22,Ripple tag
PWK021-01-A,Caregiver Survey,24_35_month,Cassie,2026-09-15,2026-09-22,Ripple tag
PWK021-01-A,IPA Scheduled,24_35_month,Cassie,2026-09-15,2026-09-22,Ripple tag
PZJ271-01-A,Caregiver Survey,6_11_month,Anna,2026-09-15,2026-09-22,Age-window fallback
PZP220-01-A,Caregiver Survey,not_applicable,Unassigned,2026-09-15,2026-09-22,Unassigned
PZP220-01-A,ECHO 2 Re-Consent,not_applicable,Unassigned,2026-09-15,2026-09-22,Unassigned
PZP220-01-A,IPA Scheduled,not_applicable,Unassigned,2026-09-15,2026-09-22,Unassigned
QDZ468-01-A,Caregiver Survey,6_11_month,Anna,2026-09-15,2026-09-22,Age-window fallback
QHF620-01-A,Caregiver Survey,12_23_month,Jody,2026-09-15,2026-09-22,Ripple tag
QHF620-01-A,IPA Scheduled,12_23_month,Jody,2026-09-15,2026-09-22,Ripple tag
QHL554-01-A,Caregiver Survey,6_11_month,Anna,2026-09-15,2026-09-22,Age-window fallback
QHL554-01-A,ECHO 2 Re-Consent,not_applicable,Anna,2026-09-15,2026-09-22,Age-window fallback
QHL554-01-A,ECHO 2 v3.01 Postnatal Consent,not_applicable,Anna,2026-09-15,2026-09-22,Age-window fallback
QHS933-01-A,Caregiver Survey,not_applicable,Unassigned,2026-09-15,2026-09-22,Unassigned
QHS933-01-A,ECHO 2 Re-Consent,not_applicable,Unassigned,2026-09-15,2026-09-22,Unassigned
QHS933-01-A,IPA Scheduled,not_applicable,Unassigned,2026-09-15,2026-09-22,Unassigned
QJL577-01-A,Caregiver Survey,12_23_month,Jody,2026-09-15,2026-09-22,Ripple tag
QJL577-01-A,IPA Scheduled,12_23_month,Jody,2026-09-15,2026-09-22,Ripple tag
QQL383-01-A,Caregiver Survey,12_23_month,Jody,2026-09-15,2026-09-22,Ripple tag
QQL383-01-A,IPA Scheduled,12_23_month,Jody,2026-09-15,2026-09-22,Ripple tag
QRK467-02-A,Caregiver Survey,6_11_month,Anna,2026-09-15,2026-09-22,Ripple tag
QST675-01-A,Caregiver Survey,6_11_month,Anna,2026-09-15,2026-09-22,Ripple tag
QTD282-01-A,Caregiver Survey,6_11_month,Anna,2026-09-15,2026-09-22,Age-window fallback
QTD282-01-B,Caregiver Survey,6_11_month,Anna,2026-09-15,2026-09-22,Age-window fallback
QVW747-01-A,Caregiver Survey,12_23_month,Jody,2026-09-15,2026-09-22,Ripple tag
QVW747-01-A,IPA Scheduled,12_23_month,Jody,2026-09-15,2026-09-22,Ripple tag
RDC147-01-A,Caregiver Survey,12_23_month,Jody,2026-09-15,2026-09-22,Ripple tag
RDC147-01-A,IPA Scheduled,12_23_month,Jody,2026-09-15,2026-09-22,Ripple tag
RDK869-01-A,Caregiver Survey,12_23_month,Jody,2026-09-15,2026-09-22,Ripple tag
RDK869-01-A,IPA Scheduled,12_23_month,Jody,2026-09-15,2026-09-22,Ripple tag
RDK869-01-A,ECHO 2 v3.01 Postnatal Consent,not_applicable,Jody,2026-09-15,2026-09-22,Ripple tag
RDL710-01-A,Caregiver Survey,12_23_month,Jody,2026-09-15,2026-09-22,Ripple tag
RDL710-01-A,IPA Scheduled,12_23_month,Jody,2026-09-15,2026-09-22,Ripple tag
RDL710-01-A,ECHO 2 v3.01 Postnatal Consent,not_applicable,Jody,2026-09-15,2026-09-22,Ripple tag
RGP420-01-A,Caregiver Survey,not_applicable,Unassigned,2026-09-15,2026-09-22,Unassigned
RGP420-01-A,ECHO 2 Re-Consent,not_applicable,Unassigned,2026-09-15,2026-09-22,Unassigned
RGP420-01-A,IPA Scheduled,not_applicable,Unassigned,2026-09-15,2026-09-22,Unassigned
RMH180-01-A,Caregiver Survey,12_23_month,Jody,2026-09-15,2026-09-22,Ripple tag
RMH180-01-A,IPA Scheduled,12_23_month,Jody,2026-09-15,2026-09-22,Ripple tag
RRB727-01-A,Caregiver Survey,12_23_month,Jody,2026-09-15,2026-09-22,Ripple tag
RRB727-01-A,IPA Scheduled,12_23_month,Jody,2026-09-15,2026-09-22,Ripple tag
RSZ202-01-A,Caregiver Survey,6_11_month,Anna,2026-09-15,2026-09-22,Age-window fallback
RZR609-01-A,Caregiver Survey,not_applicable,Unassigned,2026-09-15,2026-09-22,Unassigned
RZR609-01-A,ECHO 2 Re-Consent,not_applicable,Unassigned,2026-09-15,2026-09-22,Unassigned
RZR609-01-A,IPA Scheduled,not_applicable,Unassigned,2026-09-15,2026-09-22,Unassigned
RZS580-01-A,Caregiver Survey,12_23_month,Jody,2026-09-15,2026-09-22,Ripple tag
RZS580-01-A,IPA Scheduled,12_23_month,Jody,2026-09-15,2026-09-22,Ripple tag
RZV201-01-A,Caregiver Survey,12_23_month,Jody,2026-09-15,2026-09-22,Ripple tag
RZV201-01-A,IPA Scheduled,12_23_month,Jody,2026-09-15,2026-09-22,Ripple tag
RZY993-01-A,Caregiver Survey,12_23_month,Jody,2026-09-15,2026-09-22,Ripple tag
RZY993-01-A,IPA Scheduled,12_23_month,Jody,2026-09-15,2026-09-22,Ripple tag
RZY993-01-A,ECHO 2 v3.01 Postnatal Consent,not_applicable,Jody,2026-09-15,2026-09-22,Ripple tag
SBH525-01-A,Caregiver Survey,12_23_month,Jody,2026-09-15,2026-09-22,Ripple tag
SBH525-01-A,IPA Scheduled,12_23_month,Jody,2026-09-15,2026-09-22,Ripple tag
SBW730-01-A,Caregiver Survey,6_11_month,Anna,2026-09-15,2026-09-22,Ripple tag
SFV056-01-A,Caregiver Survey,6_11_month,Anna,2026-09-15,2026-09-22,Ripple tag
SJB279-01-A,Caregiver Survey,12_23_month,Jody,2026-09-15,2026-09-22,Ripple tag
SJB279-01-A,IPA Scheduled,12_23_month,Jody,2026-09-15,2026-09-22,Ripple tag
SJH036-01-A,Caregiver Survey,12_23_month,Jody,2026-09-15,2026-09-22,Ripple tag
SJH036-01-A,IPA Scheduled,12_23_month,Jody,2026-09-15,2026-09-22,Ripple tag
SLF955-01-A,Caregiver Survey,6_11_month,Anna,2026-09-15,2026-09-22,Age-window fallback
SMB785-01-A,Caregiver Survey,6_11_month,Anna,2026-09-15,2026-09-22,Age-window fallback
SMQ889-01-A,Caregiver Survey,12_23_month,Jody,2026-09-15,2026-09-22,Ripple tag
SMQ889-01-A,IPA Scheduled,12_23_month,Jody,2026-09-15,2026-09-22,Ripple tag
SMZ551-01-A,Caregiver Survey,6_11_month,Anna,2026-09-15,2026-09-22,Age-window fallback
SND172-01-A,Caregiver Survey,not_applicable,Unassigned,2026-09-15,2026-09-22,Unassigned
SND172-01-A,ECHO 2 Re-Consent,not_applicable,Unassigned,2026-09-15,2026-09-22,Unassigned
SND172-01-A,IPA Scheduled,not_applicable,Unassigned,2026-09-15,2026-09-22,Unassigned
SQP406-01-A,Caregiver Survey,not_applicable,Unassigned,2026-09-15,2026-09-22,Unassigned
SQP406-01-A,ECHO 2 Re-Consent,not_applicable,Unassigned,2026-09-15,2026-09-22,Unassigned
SQP406-01-A,IPA Scheduled,not_applicable,Unassigned,2026-09-15,2026-09-22,Unassigned
SWX219-01-A,Caregiver Survey,6_11_month,Anna,2026-09-15,2026-09-22,Age-window fallback
SYW884-01-A,Caregiver Survey,12_23_month,Jody,2026-09-15,2026-09-22,Ripple tag
SYW884-01-A,IPA Scheduled,12_23_month,Jody,2026-09-15,2026-09-22,Ripple tag
TDX359-01-A,Caregiver Survey,12_23_month,Jody,2026-09-15,2026-09-22,Ripple tag
TDX359-01-A,IPA Scheduled,12_23_month,Jody,2026-09-15,2026-09-22,Ripple tag
TGT068-01-A,Caregiver Survey,not_applicable,Unassigned,2026-09-15,2026-09-22,Unassigned
TGT068-01-A,ECHO 2 Re-Consent,not_applicable,Unassigned,2026-09-15,2026-09-22,Unassigned
TGT068-01-A,IPA Scheduled,not_applicable,Unassigned,2026-09-15,2026-09-22,Unassigned
THQ829-01-A,Caregiver Survey,6_11_month,Anna,2026-09-15,2026-09-22,Age-window fallback
TJJ345-01-A,Caregiver Survey,6_11_month,Anna,2026-09-15,2026-09-22,Age-window fallback
TJN635-01-A,Caregiver Survey,not_applicable,Unassigned,2026-09-15,2026-09-22,Unassigned
TJN635-01-A,ECHO 2 Re-Consent,not_applicable,Unassigned,2026-09-15,2026-09-22,Unassigned
TJN635-01-A,IPA Scheduled,not_applicable,Unassigned,2026-09-15,2026-09-22,Unassigned
TKN820-01-A,Caregiver Survey,6_11_month,Anna,2026-09-15,2026-09-22,Age-window fallback
TKX611-01-A,Caregiver Survey,not_applicable,Unassigned,2026-09-15,2026-09-22,Unassigned
TKX611-01-A,ECHO 2 Re-Consent,not_applicable,Unassigned,2026-09-15,2026-09-22,Unassigned
TKX611-01-A,IPA Scheduled,not_applicable,Unassigned,2026-09-15,2026-09-22,Unassigned
TPW315-01-A,Caregiver Survey,12_23_month,Jody,2026-09-15,2026-09-22,Ripple tag
TPW315-01-A,IPA Scheduled,12_23_month,Jody,2026-09-15,2026-09-22,Ripple tag
TTY851-01-A,Caregiver Survey,6_11_month,Anna,2026-09-15,2026-09-22,Ripple tag
TVZ168-01-A,Caregiver Survey,not_applicable,Unassigned,2026-09-15,2026-09-22,Unassigned
TVZ168-01-A,ECHO 2 Re-Consent,not_applicable,Unassigned,2026-09-15,2026-09-22,Unassigned
TVZ168-01-A,IPA Scheduled,not_applicable,Unassigned,2026-09-15,2026-09-22,Unassigned
TZB922-01-A,Caregiver Survey,12_23_month,Jody,2026-09-15,2026-09-22,Ripple tag
TZB922-01-A,IPA Scheduled,12_23_month,Jody,2026-09-15,2026-09-22,Ripple tag
TZC873-01-A,Caregiver Survey,not_applicable,Unassigned,2026-09-15,2026-09-22,Unassigned
TZC873-01-A,ECHO 2 Re-Consent,not_applicable,Unassigned,2026-09-15,2026-09-22,Unassigned
TZC873-01-A,IPA Scheduled,not_applicable,Unassigned,2026-09-15,2026-09-22,Unassigned
VCJ373-01-A,Caregiver Survey,6_11_month,Anna,2026-09-15,2026-09-22,Age-window fallback
VDW899-01-A,Caregiver Survey,12_23_month,Jody,2026-09-15,2026-09-22,Ripple tag
VDW899-01-A,IPA Scheduled,12_23_month,Jody,2026-09-15,2026-09-22,Ripple tag
VDW899-01-B,Caregiver Survey,12_23_month,Jody,2026-09-15,2026-09-22,Ripple tag
VDW899-01-B,IPA Scheduled,12_23_month,Jody,2026-09-15,2026-09-22,Ripple tag
VFC610-01-A,Caregiver Survey,6_11_month,Anna,2026-09-15,2026-09-22,Ripple tag
VGK107-01-A,Caregiver Survey,not_applicable,Unassigned,2026-09-15,2026-09-22,Unassigned
VGK107-01-A,ECHO 2 Re-Consent,not_applicable,Unassigned,2026-09-15,2026-09-22,Unassigned
VGK107-01-A,IPA Scheduled,not_applicable,Unassigned,2026-09-15,2026-09-22,Unassigned
VHD766-01-A,Caregiver Survey,6_11_month,Anna,2026-09-15,2026-09-22,Ripple tag
VJH812-01-A,Caregiver Survey,not_applicable,Unassigned,2026-09-15,2026-09-22,Unassigned
VJH812-01-A,ECHO 2 Re-Consent,not_applicable,Unassigned,2026-09-15,2026-09-22,Unassigned
VJH812-01-A,IPA Scheduled,not_applicable,Unassigned,2026-09-15,2026-09-22,Unassigned
VKD996-01-A,Caregiver Survey,12_23_month,Jody,2026-09-15,2026-09-22,Age-window fallback
VKD996-01-A,IPA Scheduled,12_23_month,Jody,2026-09-15,2026-09-22,Age-window fallback
VLJ473-01-A,Caregiver Survey,not_applicable,Cassie,2026-09-15,2026-09-22,Ripple tag
VLJ473-01-A,ECHO 2 Re-Consent,not_applicable,Cassie,2026-09-15,2026-09-22,Ripple tag
VLJ473-01-A,IPA Scheduled,not_applicable,Cassie,2026-09-15,2026-09-22,Ripple tag
VLQ825-01-A,Caregiver Survey,12_23_month,Jody,2026-09-15,2026-09-22,Ripple tag
VLQ825-01-A,IPA Scheduled,12_23_month,Jody,2026-09-15,2026-09-22,Ripple tag
VQH840-01-A,Caregiver Survey,6_11_month,Anna,2026-09-15,2026-09-22,Ripple tag
VRZ404-01-A,Caregiver Survey,not_applicable,Unassigned,2026-09-15,2026-09-22,Unassigned
VRZ404-01-A,ECHO 2 Re-Consent,not_applicable,Unassigned,2026-09-15,2026-09-22,Unassigned
VRZ404-01-A,IPA Scheduled,not_applicable,Unassigned,2026-09-15,2026-09-22,Unassigned
VWT853-01-A,Caregiver Survey,not_applicable,Unassigned,2026-09-15,2026-09-22,Unassigned
VWT853-01-A,ECHO 2 Re-Consent,not_applicable,Unassigned,2026-09-15,2026-09-22,Unassigned
VWT853-01-A,IPA Scheduled,not_applicable,Unassigned,2026-09-15,2026-09-22,Unassigned
VXZ462-01-A,Caregiver Survey,6_11_month,Anna,2026-09-15,2026-09-22,Ripple tag
VZB299-01-A,Caregiver Survey,not_applicable,Cassie,2026-09-15,2026-09-22,Ripple tag
VZB299-01-A,ECHO 2 Re-Consent,not_applicable,Cassie,2026-09-15,2026-09-22,Ripple tag
VZB299-01-A,IPA Scheduled,not_applicable,Cassie,2026-09-15,2026-09-22,Ripple tag
VZC888-01-A,Caregiver Survey,not_applicable,Unassigned,2026-09-15,2026-09-22,Unassigned
VZC888-01-A,ECHO 2 Re-Consent,not_applicable,Unassigned,2026-09-15,2026-09-22,Unassigned
VZC888-01-A,IPA Scheduled,not_applicable,Unassigned,2026-09-15,2026-09-22,Unassigned
VZY119-01-A,Caregiver Survey,12_23_month,Jody,2026-09-15,2026-09-22,Ripple tag
VZY119-01-A,IPA Scheduled,12_23_month,Jody,2026-09-15,2026-09-22,Ripple tag
WCN217-01-A,Caregiver Survey,6_11_month,Anna,2026-09-15,2026-09-22,Ripple tag
WCV960-01-A,Caregiver Survey,6_11_month,Anna,2026-09-15,2026-09-22,Ripple tag
WGL767-01-A,Caregiver Survey,6_11_month,Anna,2026-09-15,2026-09-22,Ripple tag
WRD249-01-A,Caregiver Survey,6_11_month,Jody,2026-09-15,2026-09-22,Ripple tag
WSG161-01-A,Caregiver Survey,12_23_month,Jody,2026-09-15,2026-09-22,Ripple tag
WSG161-01-A,IPA Scheduled,12_23_month,Jody,2026-09-15,2026-09-22,Ripple tag
WSS824-01-A,Caregiver Survey,not_applicable,Cassie,2026-09-15,2026-09-22,Ripple tag
WSS824-01-A,ECHO 2 Re-Consent,not_applicable,Cassie,2026-09-15,2026-09-22,Ripple tag
WSS824-01-A,IPA Scheduled,not_applicable,Cassie,2026-09-15,2026-09-22,Ripple tag
WWS790-01-A,Caregiver Survey,not_applicable,Unassigned,2026-09-15,2026-09-22,Unassigned
WWS790-01-A,ECHO 2 Re-Consent,not_applicable,Unassigned,2026-09-15,2026-09-22,Unassigned
WWS790-01-A,IPA Scheduled,not_applicable,Unassigned,2026-09-15,2026-09-22,Unassigned
WWW781-01-A,Caregiver Survey,6_11_month,Anna,2026-09-15,2026-09-22,Ripple tag
XFC529-01-A,Caregiver Survey,not_applicable,Unassigned,2026-09-15,2026-09-22,Unassigned
XFC529-01-A,ECHO 2 Re-Consent,not_applicable,Unassigned,2026-09-15,2026-09-22,Unassigned
XFC529-01-A,IPA Scheduled,not_applicable,Unassigned,2026-09-15,2026-09-22,Unassigned
XFH617-01-A,Caregiver Survey,12_23_month,Jody,2026-09-15,2026-09-22,Ripple tag
XFH617-01-A,IPA Scheduled,12_23_month,Jody,2026-09-15,2026-09-22,Ripple tag
XGN391-01-A,Caregiver Survey,6_11_month,Anna,2026-09-15,2026-09-22,Ripple tag
XGT144-01-A,Caregiver Survey,12_23_month,Jody,2026-09-15,2026-09-22,Ripple tag
XGT144-01-A,IPA Scheduled,12_23_month,Jody,2026-09-15,2026-09-22,Ripple tag
XKQ019-01-A,Caregiver Survey,12_23_month,Jody,2026-09-15,2026-09-22,Ripple tag
XKQ019-01-A,IPA Scheduled,12_23_month,Jody,2026-09-15,2026-09-22,Ripple tag
XMZ967-01-A,Caregiver Survey,not_applicable,Unassigned,2026-09-15,2026-09-22,Unassigned
XMZ967-01-A,ECHO 2 Re-Consent,not_applicable,Unassigned,2026-09-15,2026-09-22,Unassigned
XMZ967-01-A,IPA Scheduled,not_applicable,Unassigned,2026-09-15,2026-09-22,Unassigned
XPJ670-01-A,Caregiver Survey,12_23_month,Jody,2026-09-15,2026-09-22,Ripple tag
XPJ670-01-A,IPA Scheduled,12_23_month,Jody,2026-09-15,2026-09-22,Ripple tag
XPJ670-01-A,ECHO 2 Re-Consent,not_applicable,Jody,2026-09-15,2026-09-22,Ripple tag
XPJ670-01-A,ECHO 2 v3.01 Postnatal Consent,not_applicable,Jody,2026-09-15,2026-09-22,Ripple tag
XPK044-01-A,Caregiver Survey,6_11_month,Anna,2026-09-15,2026-09-22,Ripple tag
XRB073-01-A,Caregiver Survey,6_11_month,Anna,2026-09-15,2026-09-22,Age-window fallback
XRJ821-01-A,Caregiver Survey,not_applicable,Unassigned,2026-09-15,2026-09-22,Unassigned
XRJ821-01-A,ECHO 2 Re-Consent,not_applicable,Unassigned,2026-09-15,2026-09-22,Unassigned
XRJ821-01-A,IPA Scheduled,not_applicable,Unassigned,2026-09-15,2026-09-22,Unassigned
XSP178-01-A,Caregiver Survey,12_23_month,Jody,2026-09-15,2026-09-22,Ripple tag
XSP178-01-A,IPA Scheduled,12_23_month,Jody,2026-09-15,2026-09-22,Ripple tag
XTM558-01-A,Caregiver Survey,not_applicable,Unassigned,2026-09-15,2026-09-22,Unassigned
XTM558-01-A,ECHO 2 Re-Consent,not_applicable,Unassigned,2026-09-15,2026-09-22,Unassigned
XTM558-01-A,IPA Scheduled,not_applicable,Unassigned,2026-09-15,2026-09-22,Unassigned
XXW266-01-A,Caregiver Survey,6_11_month,Anna,2026-09-15,2026-09-22,Age-window fallback
XYN414-01-A,Caregiver Survey,12_23_month,Jody,2026-09-15,2026-09-22,Ripple tag
XYN414-01-A,IPA Scheduled,12_23_month,Jody,2026-09-15,2026-09-22,Ripple tag
YBC948-01-A,Caregiver Survey,6_11_month,Anna,2026-09-15,2026-09-22,Ripple tag
YGQ976-01-A,Caregiver Survey,12_23_month,Jody,2026-09-15,2026-09-22,Ripple tag
YGQ976-01-A,IPA Scheduled,12_23_month,Jody,2026-09-15,2026-09-22,Ripple tag
YHK945-01-A,Caregiver Survey,12_23_month,Jody,2026-09-15,2026-09-22,Ripple tag
YHK945-01-A,IPA Scheduled,12_23_month,Jody,2026-09-15,2026-09-22,Ripple tag
YJQ442-01-A,Caregiver Survey,6_11_month,Anna,2026-09-15,2026-09-22,Age-window fallback
YMF346-01-A,Caregiver Survey,12_23_month,Jody,2026-09-15,2026-09-22,Ripple tag
YMF346-01-A,IPA Scheduled,12_23_month,Jody,2026-09-15,2026-09-22,Ripple tag
YMF346-01-A,ECHO 2 v3.01 Postnatal Consent,not_applicable,Jody,2026-09-15,2026-09-22,Ripple tag
YMP799-01-A,Caregiver Survey,12_23_month,Jody,2026-09-15,2026-09-22,Ripple tag
YMP799-01-A,IPA Scheduled,12_23_month,Jody,2026-09-15,2026-09-22,Ripple tag
YND734-01-A,Caregiver Survey,12_23_month,Jody,2026-09-15,2026-09-22,Ripple tag
YND734-01-A,IPA Scheduled,12_23_month,Jody,2026-09-15,2026-09-22,Ripple tag
YNF452-01-A,Caregiver Survey,12_23_month,Jody,2026-09-15,2026-09-22,Ripple tag
YNF452-01-A,IPA Scheduled,12_23_month,Jody,2026-09-15,2026-09-22,Ripple tag
YNF452-01-B,Caregiver Survey,12_23_month,Jody,2026-09-15,2026-09-22,Ripple tag
YNF452-01-B,IPA Scheduled,12_23_month,Jody,2026-09-15,2026-09-22,Ripple tag
YPB464-01-A,Caregiver Survey,12_23_month,Jody,2026-09-15,2026-09-22,Ripple tag
YPB464-01-A,IPA Scheduled,12_23_month,Jody,2026-09-15,2026-09-22,Ripple tag
YRC466-01-A,Caregiver Survey,6_11_month,Anna,2026-09-15,2026-09-22,Age-window fallback
YRC466-01-A,ECHO 2 Re-Consent,not_applicable,Anna,2026-09-15,2026-09-22,Age-window fallback
YRC466-01-A,ECHO 2 v3.01 Postnatal Consent,not_applicable,Anna,2026-09-15,2026-09-22,Age-window fallback
YRM458-01-A,Caregiver Survey,12_23_month,Jody,2026-09-15,2026-09-22,Ripple tag
YRM458-01-A,IPA Scheduled,12_23_month,Jody,2026-09-15,2026-09-22,Ripple tag
YRM458-01-A,ECHO 2 v3.01 Postnatal Consent,not_applicable,Jody,2026-09-15,2026-09-22,Ripple tag
YRM458-01-B,Caregiver Survey,12_23_month,Jody,2026-09-15,2026-09-22,Ripple tag
YRM458-01-B,IPA Scheduled,12_23_month,Jody,2026-09-15,2026-09-22,Ripple tag
YRM458-01-B,ECHO 2 v3.01 Postnatal Consent,not_applicable,Jody,2026-09-15,2026-09-22,Ripple tag
YSL869-01-A,Caregiver Survey,not_applicable,Unassigned,2026-09-15,2026-09-22,Unassigned
YSL869-01-A,ECHO 2 Re-Consent,not_applicable,Unassigned,2026-09-15,2026-09-22,Unassigned
YSL869-01-A,IPA Scheduled,not_applicable,Unassigned,2026-09-15,2026-09-22,Unassigned
YVD652-01-A,Caregiver Survey,not_applicable,Unassigned,2026-09-15,2026-09-22,Unassigned
YVD652-01-A,ECHO 2 Re-Consent,not_applicable,Unassigned,2026-09-15,2026-09-22,Unassigned
YVD652-01-A,IPA Scheduled,not_applicable,Unassigned,2026-09-15,2026-09-22,Unassigned
YXJ085-01-A,Caregiver Survey,12_23_month,Jody,2026-09-15,2026-09-22,Ripple tag
YXJ085-01-A,IPA Scheduled,12_23_month,Jody,2026-09-15,2026-09-22,Ripple tag
YYB078-01-A,Caregiver Survey,12_23_month,Jody,2026-09-15,2026-09-22,Ripple tag
YYB078-01-A,IPA Scheduled,12_23_month,Jody,2026-09-15,2026-09-22,Ripple tag
ZBM618-01-A,Caregiver Survey,6_11_month,Anna,2026-09-15,2026-09-22,Ripple tag
ZCR636-01-A,Caregiver Survey,not_applicable,Unassigned,2026-09-15,2026-09-22,Unassigned
ZCR636-01-A,ECHO 2 Re-Consent,not_applicable,Unassigned,2026-09-15,2026-09-22,Unassigned
ZCR636-01-A,IPA Scheduled,not_applicable,Unassigned,2026-09-15,2026-09-22,Unassigned
ZCS109-01-A,Caregiver Survey,6_11_month,Anna,2026-09-15,2026-09-22,Age-window fallback
ZGC044-01-A,Caregiver Survey,6_11_month,Anna,2026-09-15,2026-09-22,Age-window fallback
ZKL165-01-A,Caregiver Survey,6_11_month,Anna,2026-09-15,2026-09-22,Age-window fallback
ZLX499-01-A,Caregiver Survey,6_11_month,Anna,2026-09-15,2026-09-22,Age-window fallback
ZLX499-01-A,ECHO 2 Re-Consent,not_applicable,Anna,2026-09-15,2026-09-22,Age-window fallback
ZLX499-01-A,ECHO 2 v3.01 Postnatal Consent,not_applicable,Anna,2026-09-15,2026-09-22,Age-window fallback
ZMK813-01-A,Caregiver Survey,12_23_month,Jody,2026-09-15,2026-09-22,Ripple tag
ZMK813-01-A,IPA Scheduled,12_23_month,Jody,2026-09-15,2026-09-22,Ripple tag
ZQN091-01-A,Caregiver Survey,6_11_month,Anna,2026-09-15,2026-09-22,Age-window fallback
ZQR455-01-A,Caregiver Survey,6_11_month,Anna,2026-09-15,2026-09-22,Ripple tag
ZRH064-01-A,Caregiver Survey,6_11_month,Anna,2026-09-15,2026-09-22,Ripple tag
ZTS569-01-A,Caregiver Survey,not_applicable,Unassigned,2026-09-15,2026-09-22,Unassigned
ZTS569-01-A,ECHO 2 Re-Consent,not_applicable,Unassigned,2026-09-15,2026-09-22,Unassigned
ZTS569-01-A,IPA Scheduled,not_applicable,Unassigned,2026-09-15,2026-09-22,Unassigned
ZVD237-01-A,Caregiver Survey,12_23_month,Jody,2026-09-15,2026-09-22,Ripple tag
ZVD237-01-A,IPA Scheduled,12_23_month,Jody,2026-09-15,2026-09-22,Ripple tag
ZVN905-01-A,Caregiver Survey,not_applicable,Unassigned,2026-09-15,2026-09-22,Unassigned
ZVN905-01-A,ECHO 2 Re-Consent,not_applicable,Unassigned,2026-09-15,2026-09-22,Unassigned
ZVN905-01-A,IPA Scheduled,not_applicable,Unassigned,2026-09-15,2026-09-22,Unassigned
