site,event_code,Data Element Name,Completed in Report Year,Eligible Count,Eligible Complete Count,Eligible Complete in Report Year,Eligible Incomplete Count,Not Eligible Count,Eligibility Unknown Count,Completion Rate,report_year,report_as_of
All Sites,breast_milk,Breast Milk,20,135,18,18,117,172,0,0.13333333333333333,2026,2026-10-08
All Sites,child_anthro,Child Anthro,70,135,51,51,84,172,0,0.37777777777777777,2026,2026-10-08
All Sites,child_stool,Child Stool,51,135,36,36,99,172,0,0.26666666666666666,2026,2026-10-08
All Sites,child_urine,Child Urine,52,135,37,36,98,172,0,0.2740740740740741,2026,2026-10-08
All Sites,diaper_sent,Diaper Sent,50,135,41,41,94,172,0,0.3037037037037037,2026,2026-10-08
All Sites,mom_anthro,Mom Anthro,68,135,50,50,85,172,0,0.37037037037037035,2026,2026-10-08
All Sites,mom_bs,Mom Bloodspot,50,135,37,36,98,172,0,0.2740740740740741,2026,2026-10-08
All Sites,mom_hair,Mom Hair,51,135,36,36,99,172,0,0.26666666666666666,2026,2026-10-08
All Sites,partner_contact,Partner Contact,19,135,15,15,120,172,0,0.1111111111111111,2026,2026-10-08
All Sites,postnatal_consent,Postnatal Consent,117,135,96,96,39,172,0,0.7111111111111111,2026,2026-10-08
All Sites,survey,Survey,95,135,90,90,45,172,0,0.6666666666666666,2026,2026-10-08
All Sites,vib_request,VIB Request,38,135,33,33,102,172,0,0.24444444444444444,2026,2026-10-08
All Sites,visit_scheduled,Visit Scheduled,58,135,47,47,88,172,0,0.34814814814814815,2026,2026-10-08
Detroit,breast_milk,Breast Milk,3,40,3,3,37,47,0,0.075,2026,2026-10-08
Detroit,child_anthro,Child Anthro,12,40,10,10,30,47,0,0.25,2026,2026-10-08
Detroit,child_stool,Child Stool,7,40,5,5,35,47,0,0.125,2026,2026-10-08
Detroit,child_urine,Child Urine,7,40,6,6,34,47,0,0.15,2026,2026-10-08
Detroit,diaper_sent,Diaper Sent,15,40,15,15,25,47,0,0.375,2026,2026-10-08
Detroit,mom_anthro,Mom Anthro,11,40,9,9,31,47,0,0.225,2026,2026-10-08
Detroit,mom_bs,Mom Bloodspot,11,40,9,9,31,47,0,0.225,2026,2026-10-08
Detroit,mom_hair,Mom Hair,6,40,4,4,36,47,0,0.1,2026,2026-10-08
Detroit,partner_contact,Partner Contact,2,40,1,1,39,47,0,0.025,2026,2026-10-08
Detroit,postnatal_consent,Postnatal Consent,21,40,17,17,23,47,0,0.425,2026,2026-10-08
Detroit,survey,Survey,19,40,19,19,21,47,0,0.475,2026,2026-10-08
Detroit,vib_request,VIB Request,4,40,2,2,38,47,0,0.05,2026,2026-10-08
Detroit,visit_scheduled,Visit Scheduled,16,40,14,14,26,47,0,0.35,2026,2026-10-08
Flint,breast_milk,Breast Milk,4,40,2,2,38,63,0,0.05,2026,2026-10-08
Flint,child_anthro,Child Anthro,15,40,7,7,33,63,0,0.175,2026,2026-10-08
Flint,child_stool,Child Stool,9,40,4,4,36,63,0,0.1,2026,2026-10-08
Flint,child_urine,Child Urine,13,40,6,6,34,63,0,0.15,2026,2026-10-08
Flint,diaper_sent,Diaper Sent,15,40,9,9,31,63,0,0.225,2026,2026-10-08
Flint,mom_anthro,Mom Anthro,15,40,7,7,33,63,0,0.175,2026,2026-10-08
Flint,mom_bs,Mom Bloodspot,13,40,5,5,35,63,0,0.125,2026,2026-10-08
Flint,mom_hair,Mom Hair,14,40,6,6,34,63,0,0.15,2026,2026-10-08
Flint,partner_contact,Partner Contact,1,40,1,1,39,63,0,0.025,2026,2026-10-08
Flint,postnatal_consent,Postnatal Consent,40,40,31,31,9,63,0,0.775,2026,2026-10-08
Flint,survey,Survey,24,40,22,22,18,63,0,0.55,2026,2026-10-08
Flint,vib_request,VIB Request,4,40,4,4,36,63,0,0.1,2026,2026-10-08
Flint,visit_scheduled,Visit Scheduled,19,40,13,13,27,63,0,0.325,2026,2026-10-08
Traverse City,breast_milk,Breast Milk,13,55,13,13,42,62,0,0.23636363636363636,2026,2026-10-08
Traverse City,child_anthro,Child Anthro,43,55,34,34,21,62,0,0.6181818181818182,2026,2026-10-08
Traverse City,child_stool,Child Stool,35,55,27,27,28,62,0,0.4909090909090909,2026,2026-10-08
Traverse City,child_urine,Child Urine,32,55,25,24,30,62,0,0.45454545454545453,2026,2026-10-08
Traverse City,diaper_sent,Diaper Sent,20,55,17,17,38,62,0,0.3090909090909091,2026,2026-10-08
Traverse City,mom_anthro,Mom Anthro,42,55,34,34,21,62,0,0.6181818181818182,2026,2026-10-08
Traverse City,mom_bs,Mom Bloodspot,26,55,23,22,32,62,0,0.41818181818181815,2026,2026-10-08
Traverse City,mom_hair,Mom Hair,31,55,26,26,29,62,0,0.4727272727272727,2026,2026-10-08
Traverse City,partner_contact,Partner Contact,16,55,13,13,42,62,0,0.23636363636363636,2026,2026-10-08
Traverse City,postnatal_consent,Postnatal Consent,56,55,48,48,7,62,0,0.8727272727272727,2026,2026-10-08
Traverse City,survey,Survey,52,55,49,49,6,62,0,0.8909090909090909,2026,2026-10-08
Traverse City,vib_request,VIB Request,30,55,27,27,28,62,0,0.4909090909090909,2026,2026-10-08
Traverse City,visit_scheduled,Visit Scheduled,23,55,20,20,35,62,0,0.36363636363636365,2026,2026-10-08
