participant_key,globalId,customId,echo_id,PIN,site,statusId,dateCreated,creation_year,Eligible,child_dob,birthday,birth_date,birth_date_source,age_months,age_out_date,days_to_age_out,aging_out,survey_complete,visit_scheduled_complete,postnatal_consent,survey,child_anthro,mom_anthro,visit_scheduled,vib_request,diaper_sent,partner_contact,child_urine,child_stool,mom_hair,mom_bs,breast_milk,report_year,report_as_of
custom:4755F1,VQH840-01-A (416),4755F1,,,Traverse City,0-5 Month Complete,2025-11-25,2025,FALSE,,2025-11-04,2025-11-04,birthday,11,2026-05-04,-157,FALSE,TRUE,FALSE,2026-01-27,2025-11-25,2026-01-21,2026-01-21,,,,,2025-01-28,2025-01-28,2025-01-28,2025-01-28,,2026,2026-10-08
custom:4463F1,FKT089-01-A (251),4463F1,,,Flint,0-5 Month Complete,2025-11-20,2025,FALSE,,2025-08-20,2025-08-20,birthday,13,2026-02-20,-230,FALSE,TRUE,FALSE,2026-02-19,2026-01-22,2026-02-19,2026-02-19,,,,,2026-02-19,,2026-02-19,2026-02-19,,2026,2026-10-08
custom:4756F1,WWW781-01-A (274),4756F1,,,Traverse City,0-5 Month Complete,2025-11-25,2025,FALSE,,2025-11-02,2025-11-02,birthday,11,2026-05-02,-159,FALSE,TRUE,TRUE,2026-01-07,2026-01-06,2026-01-07,2026-01-07,2026-01-07,,2025-12-09,,2026-01-07,2026-01-07,2026-01-07,,,2026,2026-10-08
custom:4182F1,XFP756-01-A (581),4182F1,,,Detroit,0-5 Month Detroit,2026-09-10,2026,TRUE,,2026-08-25,2026-08-25,birthday,1,2027-02-25,140,FALSE,FALSE,FALSE,,,,,,,,,,,,,,2026,2026-10-08
custom:4151F1,FGD590-01-A (492),4151F1,,,Detroit,0-5 Month Complete,2025-12-11,2025,FALSE,,2025-10-27,2025-10-27,birthday,11,2026-04-27,-164,FALSE,TRUE,FALSE,2026-02-18,2025-12-11,,,,,,,,,,,,2026,2026-10-08
custom:4421F1,KXF530-01-A (186),4421F1,,,Flint,0-5 Month Complete,2025-03-21,2025,FALSE,,2024-12-11,2024-12-11,birthday,21,2025-06-11,-484,FALSE,TRUE,TRUE,2025-06-06,2025-03-22,2025-06-06,2025-06-06,2025-05-31,,2025-06-03,,,2025-06-06,2025-06-06,2025-06-06,,2026,2026-10-08
custom:4173F1,KDC458-01-A (624),4173F1,,,Detroit,0-5 Month Complete,2026-04-09,2026,TRUE,,2026-04-03,2026-04-03,birthday,6,2026-10-03,-5,FALSE,TRUE,TRUE,2026-06-04,2026-06-04,2026-06-01,2026-06-01,2026-06-01,,2026-05-27,,2026-06-01,2026-06-01,2026-06-01,2026-06-01,2026-06-01,2026,2026-10-08
custom:4767F2,KRK077-01-B (285),4767F2,,,Traverse City,0-5 Month Complete,2025-11-25,2025,FALSE,,2025-11-04,2025-11-04,birthday,11,2026-05-04,-157,FALSE,TRUE,TRUE,2025-12-05,2025-11-26,2025-12-05,,2025-12-05,,2025-12-09,2025-12-05,,,,,,2026,2026-10-08
custom:4738F1,WSG161-01-A (350),4738F1,,,Traverse City,0-5 Month Complete,2025-04-30,2025,FALSE,,2025-02-28,2025-02-28,birthday,19,2025-08-28,-406,FALSE,TRUE,TRUE,2025-05-16,2025-05-30,2025-05-16,2025-05-16,2025-05-16,,2025-05-01,,,2025-05-16,2025-05-16,2025-05-16,,2026,2026-10-08
custom:4736F1,JBM041-01-A (459),4736F1,,,Traverse City,0-5 Month Complete,2025-02-24,2025,FALSE,,2025-02-19,2025-02-19,birthday,19,2025-08-19,-415,FALSE,TRUE,TRUE,2025-04-04,2025-03-18,2025-04-04,2025-04-04,2025-04-04,,2025-04-04,,2025-05-28,2025-04-04,2025-04-04,,,2026,2026-10-08
custom:4194F1,NCX421-01-A (153),4194F1,,,Detroit,0-5 Month Detroit,2026-10-08,2026,TRUE,,2026-10-06,2026-10-06,birthday,0,2027-04-06,180,FALSE,FALSE,FALSE,,,,,,,,,,,,,,2026,2026-10-08
custom:4465F1,ZBM618-01-A (317),4465F1,,,Flint,0-5 Month Complete,2026-01-20,2026,TRUE,,2025-12-05,2025-12-05,birthday,10,2026-06-05,-125,FALSE,TRUE,TRUE,2026-04-22,2026-01-30,2026-04-21,2026-04-21,2026-04-21,,2026-04-09,,2026-04-21,2026-04-21,2026-04-21,2026-04-21,,2026,2026-10-08
custom:4774F1,VCJ373-01-A (153),4774F1,,,Traverse City,0-5 Month Complete,2026-01-17,2026,TRUE,,2025-12-10,2025-12-10,birthday,9,2026-06-10,-120,FALSE,TRUE,TRUE,2026-01-21,2026-01-17,2026-02-11,2026-02-11,2026-01-20,,2026-01-20,2026-01-21,2026-02-11,2026-02-11,2026-01-21,,,2026,2026-10-08
custom:4501F1,TKS011-01-A (185),4501F1,,,Flint,0-5 Month Flint,2026-09-29,2026,TRUE,,2026-08-14,2026-08-14,birthday,1,2027-02-14,129,FALSE,FALSE,FALSE,2026-10-07,,,,,,,,,,,,,2026,2026-10-08
custom:4501F2,TKS011-01-B (219),4501F2,,,Flint,0-5 Month Flint,2026-09-29,2026,TRUE,,2026-08-14,2026-08-14,birthday,1,2027-02-14,129,FALSE,FALSE,FALSE,2026-10-07,,,,,,,,,,,,,2026,2026-10-08
custom:4806F1,LZV055-02-A (812),4806F1,,,Traverse City,0-5 Month Traverse City,2026-08-06,2026,TRUE,,2026-06-04,2026-06-04,birthday,4,2026-12-04,57,TRUE,TRUE,TRUE,2026-08-24,2026-08-24,,,2026-10-16,,2026-10-08,,,,,,,2026,2026-10-08
custom:4476F1,XBR066-01-A (317),4476F1,,,Flint,0-5 Month Complete,2026-04-09,2026,TRUE,,2026-03-15,2026-03-15,birthday,6,2026-09-15,-23,FALSE,TRUE,TRUE,2026-06-19,2026-06-03,,,2026-08-13,,2026-08-13,2026-09-22,,,,,,2026,2026-10-08
custom:4719F1,TDX359-01-A (614),4719F1,,,Traverse City,0-5 Month Complete,2025-01-26,2025,FALSE,,2024-08-31,2024-08-31,birthday,25,2025-02-28,-587,FALSE,TRUE,TRUE,2025-02-28,2025-01-30,2025-02-28,2025-02-28,2025-02-28,,2025-01-09,,,,2025-02-28,,,2026,2026-10-08
custom:4787F1,BYQ053-01-A (185),4787F1,,,Traverse City,0-5 Month Complete,2026-03-17,2026,TRUE,,2026-03-06,2026-03-06,birthday,7,2026-09-06,-32,FALSE,TRUE,TRUE,2026-03-17,2026-03-17,2026-05-20,2026-05-20,2026-05-20,,2026-04-11,2026-05-20,2026-05-20,,2026-05-20,,,2026,2026-10-08
custom:4731F1,VDW899-01-A (944),4731F1,,,Traverse City,0-5 Month Complete,2025-02-13,2025,FALSE,,2024-10-26,2024-10-26,birthday,23,2025-04-26,-530,FALSE,TRUE,TRUE,2025-02-19,2025-02-17,2025-02-19,2025-02-19,2025-02-19,,2025-02-14,,2025-02-19,2025-02-19,2025-02-19,,,2026,2026-10-08
custom:4121F1,HRG544-01-A (987),4121F1,,,Detroit,0-5 Month Complete,2025-02-18,2025,FALSE,,2025-02-12,2025-02-12,birthday,19,2025-08-12,-422,FALSE,TRUE,FALSE,,2025-06-20,,,,,,,,,,,,2026,2026-10-08
custom:4751F1,WRD249-01-A (449),4751F1,,,Traverse City,0-5 Month Complete,2025-05-09,2025,FALSE,,2025-04-10,2025-04-10,birthday,17,2025-10-10,-363,FALSE,TRUE,TRUE,2025-05-12,2025-05-09,2025-05-12,2025-05-12,2025-05-12,,2025-05-07,,2025-05-29,2025-05-12,2025-05-12,2025-05-12,,2026,2026-10-08
custom:4767F1,KRK077-01-A (251),4767F1,,,Traverse City,0-5 Month Complete,2025-11-25,2025,FALSE,,2025-11-04,2025-11-04,birthday,11,2026-05-04,-157,FALSE,TRUE,TRUE,2025-12-05,2025-11-26,2025-12-05,2025-12-05,2025-12-05,,2025-12-09,2025-12-05,,,2025-12-05,,,2026,2026-10-08
custom:4754F1,MFY505-01-A (251),4754F1,,,Traverse City,0-5 Month Complete,2025-11-25,2025,FALSE,,2025-10-24,2025-10-24,birthday,11,2026-04-24,-167,FALSE,TRUE,FALSE,2026-03-09,2025-11-26,2026-03-26,2026-03-26,,2026-04-06,,,2026-03-26,2026-03-26,,2026-03-26,,2026,2026-10-08
custom:4778F1,ZKL165-01-A (482),4778F1,,,Traverse City,0-5 Month Complete,2026-01-16,2026,TRUE,,2025-12-15,2025-12-15,birthday,9,2026-06-15,-115,FALSE,TRUE,FALSE,2026-02-23,2026-01-16,2026-02-25,2026-02-25,,2026-03-02,,,2026-02-25,2026-02-25,2026-02-25,2026-02-25,,2026,2026-10-08
custom:4503F1,MLK253-01-A (987),4503F1,,,Flint,0-5 Month Flint,2026-08-11,2026,TRUE,,2026-07-30,2026-07-30,birthday,2,2027-01-30,114,FALSE,FALSE,FALSE,,,,,,,,,,,,,,2026,2026-10-08
custom:4475F1,XPH753-01-A (548),4475F1,,,Flint,0-5 Month Flint,2026-04-09,2026,TRUE,,2026-02-23,2026-02-23,birthday,7,2026-08-23,-46,FALSE,FALSE,TRUE,,,,,2026-08-20,,,,,,,,,2026,2026-10-08
custom:4805F1,HQR631-01-A (218),4805F1,,,Traverse City,0-5 Month Complete,2026-04-22,2026,TRUE,,2026-04-14,2026-04-14,birthday,5,2026-10-14,6,TRUE,TRUE,TRUE,2026-04-22,2026-04-22,2026-05-15,2026-05-15,2026-05-15,,2026-04-28,2026-05-15,2026-05-15,2026-05-15,2026-05-15,2026-05-15,2026-05-15,2026,2026-10-08
custom:4714F1,CCC242-01-A (130),4714F1,,,Traverse City,0-5 Month Complete,2024-11-22,2024,FALSE,,2024-09-15,2024-09-15,birthday,24,2025-03-15,-572,FALSE,TRUE,FALSE,2024-12-11,2024-12-03,2024-12-11,2024-12-11,,,2024-11-25,,2024-12-11,2024-12-11,2024-12-11,,,2026,2026-10-08
custom:4466F1,CNJ952-01-A (888),4466F1,,,Flint,0-5 Month Complete,2026-01-20,2026,TRUE,,2025-12-18,2025-12-18,birthday,9,2026-06-18,-112,FALSE,TRUE,TRUE,2026-04-08,2026-01-21,2026-04-17,2026-04-17,2026-04-17,,2026-04-09,,2026-04-17,2026-04-17,2026-04-17,2026-04-17,2026-04-17,2026,2026-10-08
custom:4457F1,XGN391-01-A (383),4457F1,,,Flint,0-5 Month Complete,2025-12-10,2025,FALSE,,2025-11-06,2025-11-06,birthday,11,2026-05-06,-155,FALSE,TRUE,FALSE,2026-04-08,2025-12-10,,,,,,,,,,,,2026,2026-10-08
custom:4116F1,DTQ848-01-A (482),4116F1,,,Detroit,0-5 Month Complete,2025-01-14,2025,FALSE,,2024-12-05,2024-12-05,birthday,22,2025-06-05,-490,FALSE,TRUE,TRUE,,2025-02-19,,,2025-02-18,,2025-02-05,,,,,,,2026,2026-10-08
custom:4179F1,CDX218-01-A (855),4179F1,,,Detroit,0-5 Month Detroit,2026-07-20,2026,TRUE,,2026-07-17,2026-07-17,birthday,2,2027-01-17,101,FALSE,FALSE,FALSE,,,,,,,,,,,,,,2026,2026-10-08
custom:4720F1,NEEDS 3.01 CONSENT FOR ECHO REGISTRATION,4720F1,,,Traverse City,0-5 Month Complete,2026-07-14,2026,TRUE,,2024-09-27,2024-09-27,birthday,24,2025-03-27,-560,FALSE,FALSE,FALSE,,,,,,,,,,,,,,2026,2026-10-08
custom:4141F1,SFV056-01-A (383),4141F1,,,Detroit,0-5 Month Complete,2025-07-09,2025,FALSE,,2025-07-02,2025-07-02,birthday,15,2026-01-02,-279,FALSE,TRUE,TRUE,2025-11-03,2025-08-28,2025-11-07,2025-11-07,2025-09-03,2026-04-10,,,2025-11-07,2025-11-07,2025-11-07,2025-11-07,,2026,2026-10-08
custom:4718F1,YMF346-01-A (350),4718F1,,,Traverse City,0-5 Month Complete,2025-03-03,2025,FALSE,,2024-10-05,2024-10-05,birthday,24,2025-04-05,-551,FALSE,TRUE,FALSE,,2025-03-03,,,,,,,,,,,,2026,2026-10-08
custom:4498F1,DRG448-01-A (954),4498F1,,,Flint,0-5 Month Flint,2026-09-29,2026,TRUE,,2026-08-26,2026-08-26,birthday,1,2027-02-26,141,FALSE,FALSE,FALSE,2026-10-07,,,,,,,,,,,,,2026,2026-10-08
custom:4496F1,DVY195-01-A (647),4496F1,,,Flint,0-5 Month Flint,2026-09-29,2026,TRUE,,2026-08-30,2026-08-30,birthday,1,2027-02-28,143,FALSE,FALSE,FALSE,2026-10-07,,,,,,,,,,,,,2026,2026-10-08
custom:4136F1,KRS023-01-A (218),4136F1,,,Detroit,0-5 Month Complete,2025-04-29,2025,FALSE,,2025-04-22,2025-04-22,birthday,17,2025-10-22,-351,FALSE,TRUE,TRUE,2025-04-30,2025-04-29,2025-04-30,2025-04-30,2025-04-30,,,,2025-04-30,2025-04-30,2025-04-30,2025-04-30,,2026,2026-10-08
custom:4761F1,ZQN091-01-A (680),4761F1,,,Traverse City,0-5 Month Complete,2025-11-25,2025,FALSE,,2025-11-21,2025-11-21,birthday,10,2026-05-21,-140,FALSE,TRUE,FALSE,2026-03-24,2026-01-09,2026-03-23,2026-03-23,,2026-03-25,,,2026-03-24,2026-03-24,2026-03-24,2026-03-24,,2026,2026-10-08
custom:4132F1,BRL402-01-A (723),4132F1,,,Detroit,0-5 Month Complete,2025-05-15,2025,FALSE,,2025-03-25,2025-03-25,birthday,18,2025-09-25,-378,FALSE,TRUE,TRUE,2025-05-20,2025-05-15,2025-05-20,2025-05-20,2025-05-20,,,,2025-05-20,2025-05-20,2025-05-20,2025-05-20,,2026,2026-10-08
custom:4163F1,KML208-01-A (987),4163F1,,,Detroit,0-5 Month Complete,2026-01-13,2026,TRUE,,2025-12-28,2025-12-28,birthday,9,2026-06-28,-102,FALSE,TRUE,FALSE,2026-03-02,2026-02-16,2026-03-06,2026-03-06,,2026-02-23,,,2026-03-06,,2026-03-06,2026-03-06,,2026,2026-10-08
custom:4757F1,WGL767-01-A (515),4757F1,,,Traverse City,0-5 Month Complete,2025-11-25,2025,FALSE,,2025-11-03,2025-11-03,birthday,11,2026-05-03,-158,FALSE,TRUE,FALSE,2026-01-28,2025-11-25,2026-01-28,2026-01-28,,,,,2026-01-30,2026-01-30,,2026-01-30,,2026,2026-10-08
custom:4497F1,BRS431-01-A (120),4497F1,,,Flint,0-5 Month Flint,2026-07-31,2026,TRUE,,2026-06-21,2026-06-21,birthday,3,2026-12-21,74,FALSE,FALSE,FALSE,2026-08-27,,,,,,,,,,,,,2026,2026-10-08
custom:4131F1,JFL342-01-A (690),4131F1,,,Detroit,0-5 Month Complete,2025-05-15,2025,FALSE,,2025-04-16,2025-04-16,birthday,17,2025-10-16,-357,FALSE,TRUE,TRUE,2025-06-03,2025-06-02,2025-06-04,2025-06-04,2025-06-02,,,,2025-06-04,2025-06-04,,2025-06-04,,2026,2026-10-08
custom:4117F1,NCD314-01-A (426),4117F1,,,Detroit,0-5 Month Complete,2025-01-16,2025,FALSE,,2024-12-01,2024-12-01,birthday,22,2025-06-01,-494,FALSE,TRUE,FALSE,,2025-02-28,,,,,,,,,,,,2026,2026-10-08
custom:4417F1,YNF452-01-A (317),4417F1,,,Flint,0-5 Month Complete,2025-03-21,2025,FALSE,,2024-12-21,2024-12-21,birthday,21,2025-06-21,-474,FALSE,TRUE,TRUE,,2025-06-19,,,2025-05-31,,2025-06-03,,,,,,,2026,2026-10-08
custom:4780F1,PGR160-01-A (153),4780F1,,,Traverse City,0-5 Month Complete,2026-07-13,2026,TRUE,,2026-01-02,2026-01-02,birthday,9,2026-07-02,-98,FALSE,FALSE,FALSE,,,,,,,,,,,,,,2026,2026-10-08
custom:4701F1,NDP128-01-A (954),4701F1,,,Traverse City,0-5 Month Complete,2024-12-09,2024,FALSE,,2024-08-19,2024-08-19,birthday,25,2025-02-19,-596,FALSE,TRUE,TRUE,2024-12-09,2024-12-09,2024-12-09,2024-12-09,2024-12-09,,2024-12-05,,2024-12-09,2024-12-09,2024-12-09,,,2026,2026-10-08
custom:4158F1,HKN599-01-A (317),4158F1,,,Detroit,0-5 Month Complete,2026-01-09,2026,TRUE,,2025-12-18,2025-12-18,birthday,9,2026-06-18,-112,FALSE,FALSE,FALSE,,,,,,,,,,,,,,2026,2026-10-08
custom:4735F1,JJT668-01-A (449),4735F1,,,Traverse City,0-5 Month Complete,2025-04-30,2025,FALSE,,2025-03-16,2025-03-16,birthday,18,2025-09-16,-387,FALSE,TRUE,TRUE,2025-05-12,2025-05-12,2025-05-12,2025-05-12,2025-05-12,,2025-05-01,,,2025-05-12,2025-05-12,2025-05-12,,2026,2026-10-08
custom:4128F1,CKL621-01-A (624),4128F1,,,Detroit,0-5 Month Complete,2025-06-16,2025,FALSE,,2025-05-16,2025-05-16,birthday,16,2025-11-16,-326,FALSE,TRUE,TRUE,2025-07-30,2025-07-14,2025-07-31,2025-07-31,2025-07-23,,,,2025-07-31,2025-07-31,2025-07-31,2025-07-31,,2026,2026-10-08
custom:4811F1,NQD377-01-A (185),4811F1,,,Traverse City,0-5 Month Traverse City,2026-08-27,2026,TRUE,,2026-08-07,2026-08-07,birthday,2,2027-02-07,122,FALSE,TRUE,FALSE,2026-08-28,2026-08-31,,,,,,,,,,,,2026,2026-10-08
custom:4790F1,KBB279-01-A (558),4790F1,,,Traverse City,0-5 Month Complete,2026-03-18,2026,TRUE,,2026-02-26,2026-02-26,birthday,7,2026-08-26,-43,FALSE,TRUE,FALSE,2026-03-18,2026-03-18,2026-04-22,2026-04-22,,2026-03-18,,2026-04-30,,2026-04-22,2026-04-22,2026-04-22,,2026,2026-10-08
custom:4776F1,ZLX499-01-A (241),4776F1,,,Traverse City,0-5 Month Complete,2026-03-09,2026,TRUE,,2026-02-13,2026-02-13,birthday,7,2026-08-13,-56,FALSE,TRUE,FALSE,2026-03-11,2026-03-11,2026-04-21,2026-05-27,,2026-03-11,,,2026-05-29,2026-05-29,,2026-05-29,2026-05-29,2026,2026-10-08
custom:4724F1,LZV055-01-A (779),4724F1,,,Traverse City,0-5 Month Complete,2024-12-09,2024,FALSE,,2024-08-26,2024-08-26,birthday,25,2025-02-26,-589,FALSE,TRUE,TRUE,2024-12-09,2024-12-09,2024-12-09,2024-12-09,2024-12-09,,2024-12-05,,2024-12-09,2024-12-09,2024-12-09,,,2026,2026-10-08
custom:4118F1,SJB279-01-A (186),4118F1,,,Detroit,0-5 Month Complete,2025-05-15,2025,FALSE,,2025-02-19,2025-02-19,birthday,19,2025-08-19,-415,FALSE,FALSE,FALSE,,,,,,,,,,,,,,2026,2026-10-08
custom:4813F2,SLX595-01-B (945),4813F2,,,Traverse City,0-5 Month Traverse City,2026-10-08,2026,TRUE,,2026-09-10,2026-09-10,birthday,0,2027-03-10,153,FALSE,FALSE,FALSE,2026-10-08,,,,,,,,,,,,,2026,2026-10-08
custom:4490F1,YCB161-01-A (723),4490F1,,,Flint,0-5 Month Flint,2026-05-29,2026,TRUE,,2026-05-16,2026-05-16,birthday,4,2026-11-16,39,TRUE,FALSE,FALSE,,,,,,2026-09-29,,,,,,,,2026,2026-10-08
custom:4114F1,GYL243-01-A (218),4114F1,,,Detroit,0-5 Month Complete,2025-01-16,2025,FALSE,,2024-12-19,2024-12-19,birthday,21,2025-06-19,-476,FALSE,TRUE,TRUE,2025-02-20,2025-03-10,2025-02-04,2025-02-04,2025-01-28,,2025-01-23,,2025-02-04,2025-02-04,2025-02-04,,,2026,2026-10-08
custom:4777F1,LGG437-01-A (789),4777F1,,,Traverse City,0-5 Month Complete,2026-01-17,2026,TRUE,,2026-01-05,2026-01-05,birthday,9,2026-07-05,-95,FALSE,TRUE,FALSE,2026-02-22,2026-01-18,2026-02-24,2026-02-24,,2026-03-02,,,2026-02-24,2026-02-24,2026-02-24,2026-02-24,,2026,2026-10-08
custom:4171F1,KKK768-01-A (251),4171F1,,,Detroit,0-5 Month Complete,2026-03-20,2026,TRUE,,2026-02-26,2026-02-26,birthday,7,2026-08-26,-43,FALSE,TRUE,TRUE,2026-08-19,2026-08-17,,,2026-05-18,,2026-05-13,,,,,,,2026,2026-10-08
custom:4482F1,JBG482-01-A (558),4482F1,,,Flint,0-5 Month Flint,2026-04-09,2026,TRUE,,2026-04-06,2026-04-06,birthday,6,2026-10-06,-2,FALSE,TRUE,TRUE,2026-06-19,2026-04-12,,,2026-08-13,,,,,,,,,2026,2026-10-08
custom:4772F1,BHB279-01-A (459),4772F1,,,Traverse City,0-5 Month Complete,2026-01-17,2026,TRUE,,2025-12-17,2025-12-17,birthday,9,2026-06-17,-113,FALSE,TRUE,FALSE,2026-02-23,2026-02-12,2026-02-19,2026-02-22,,2026-02-12,,,2026-02-24,2026-02-24,2026-02-24,2025-12-24,,2026,2026-10-08
custom:4437F1,JXP185-01-A (581),4437F1,,,Flint,0-5 Month Complete,2025-03-22,2025,FALSE,,2025-02-12,2025-02-12,birthday,19,2025-08-12,-422,FALSE,TRUE,TRUE,2025-06-07,2025-03-22,2025-06-07,2025-06-07,2025-05-31,,2025-06-03,,2025-06-07,,,2025-06-07,,2026,2026-10-08
custom:4414F1,YPB464-01-A (350),4414F1,,,Flint,0-5 Month Complete,2025-03-21,2025,FALSE,,2024-11-29,2024-11-29,birthday,22,2025-05-29,-497,FALSE,TRUE,FALSE,,2025-03-30,,,,,,,,,,,,2026,2026-10-08
custom:4438F1,GXM057-01-A (317),4438F1,,,Flint,0-5 Month Complete,2025-04-02,2025,FALSE,,2025-03-14,2025-03-14,birthday,18,2025-09-14,-389,FALSE,TRUE,TRUE,2025-06-06,2025-05-16,2025-06-06,2025-06-06,2025-05-31,,2025-06-03,,2025-06-06,,2025-06-06,2025-06-06,,2026,2026-10-08
custom:4162F1,QDZ468-01-A (614),4162F1,,,Detroit,0-5 Month Complete,2026-01-28,2026,TRUE,,2026-01-24,2026-01-24,birthday,8,2026-07-24,-76,FALSE,TRUE,TRUE,2026-03-05,2026-03-02,2026-03-11,2026-03-11,2026-03-16,,2026-03-03,,2026-03-11,2026-03-11,,2026-03-11,,2026,2026-10-08
custom:4137F1,NCS144-01-A (954),4137F1,,,Detroit,0-5 Month Complete,2025-06-16,2025,FALSE,,2025-05-24,2025-05-24,birthday,16,2025-11-24,-318,FALSE,TRUE,FALSE,,2025-08-26,,,,,,,,,,,,2026,2026-10-08
custom:4436F1,SJH036-01-A (987),4436F1,,,Flint,0-5 Month Complete,2025-03-22,2025,FALSE,,2025-02-22,2025-02-22,birthday,19,2025-08-22,-412,FALSE,TRUE,TRUE,2025-06-13,2025-03-22,2025-06-13,2025-06-13,2025-05-31,,2025-06-03,,2025-06-13,2025-06-13,2025-06-13,2025-06-13,,2026,2026-10-08
custom:4703F1,YHK945-01-A (515),4703F1,,,Traverse City,0-5 Month Complete,2025-01-26,2025,FALSE,,2024-08-28,2024-08-28,birthday,25,2025-02-28,-587,FALSE,TRUE,TRUE,2025-01-27,2025-01-29,2025-01-27,2025-01-27,2025-01-27,,2025-01-09,,2025-01-27,2025-01-27,2025-01-27,,,2026,2026-10-08
custom:4188F1,YGQ976-02-A (845),4188F1,,,Detroit,0-5 Month Detroit,2026-09-10,2026,TRUE,,2026-06-14,2026-06-14,birthday,3,2026-12-14,67,FALSE,TRUE,FALSE,,2026-09-10,,,,,,,,,,,,2026,2026-10-08
custom:4747F1,YMP799-01-A (176),4747F1,,,Traverse City,0-5 Month Complete,2025-05-01,2025,FALSE,,2025-02-25,2025-02-25,birthday,19,2025-08-25,-409,FALSE,TRUE,TRUE,2025-05-29,2025-05-29,2025-05-29,2025-05-29,2025-05-29,,2025-05-26,,2025-06-19,2025-06-19,2025-05-29,2025-05-29,,2026,2026-10-08
custom:4455F1,VHD766-01-A (218),4455F1,,,Flint,0-5 Month Complete,2025-10-01,2025,FALSE,,2025-08-28,2025-08-28,birthday,13,2026-02-28,-222,FALSE,TRUE,TRUE,,2025-10-01,2026-01-31,2026-01-31,2025-11-20,,2025-11-14,,2026-01-31,2026-01-31,2026-01-31,2026-01-31,,2026,2026-10-08
custom:4102F1,JQN133-01-A (153),4102F1,,,Detroit,0-5 Month Complete,2025-01-10,2025,FALSE,,2024-12-23,2024-12-23,birthday,21,2025-06-23,-472,FALSE,TRUE,TRUE,2025-01-21,2025-01-13,2025-01-21,2025-01-21,2025-01-21,,2025-01-10,,,2025-01-21,,,,2026,2026-10-08
custom:4427F1,MMV961-01-A (581),4427F1,,,Flint,0-5 Month Complete,2025-03-22,2025,FALSE,,2025-01-07,2025-01-07,birthday,21,2025-07-07,-458,FALSE,TRUE,TRUE,2025-07-03,2025-03-25,2025-07-03,2025-07-03,2025-06-27,,2025-06-23,,2025-07-03,2025-07-03,2025-07-03,2025-07-03,,2026,2026-10-08
custom:4133F1,RZV201-01-A (746),4133F1,,,Detroit,0-5 Month Complete,2025-05-15,2025,FALSE,,2025-04-01,2025-04-01,birthday,18,2025-10-01,-372,FALSE,TRUE,FALSE,,2025-09-28,,,,,,,,,,,,2026,2026-10-08
custom:4176F1,FLN684-01-A (119),4176F1,,,Detroit,0-5 Month Detroit,2026-05-11,2026,TRUE,,2026-04-30,2026-04-30,birthday,5,2026-10-30,22,TRUE,FALSE,FALSE,,,,,,,,,,,,,,2026,2026-10-08
custom:4799F1,GRN417-01-A (152),4799F1,,,Traverse City,0-5 Month Traverse City,2026-05-14,2026,TRUE,,2026-04-15,2026-04-15,birthday,5,2026-10-15,7,TRUE,TRUE,TRUE,,2026-05-18,,,2026-05-21,,2026-05-21,,,,,,,2026,2026-10-08
custom:4453F1,DYK248-01-A (251),4453F1,,,Flint,0-5 Month Complete,2025-06-24,2025,FALSE,,2025-06-17,2025-06-17,birthday,15,2025-12-17,-295,FALSE,TRUE,TRUE,2025-11-20,2025-07-30,2025-11-20,2025-11-20,2025-11-20,,2025-11-14,,2025-11-20,2025-11-20,2025-11-20,2025-11-20,,2026,2026-10-08
custom:4499F1,BXJ770-02-A (152),4499F1,,,Flint,0-5 Month Flint,2026-08-11,2026,TRUE,,2026-07-31,2026-07-31,birthday,2,2027-01-31,115,FALSE,FALSE,FALSE,2026-08-13,,,,,,,,,,,,,2026,2026-10-08
custom:4731F2,VDW899-01-B (978),4731F2,,,Traverse City,0-5 Month Complete,2025-02-13,2025,FALSE,,2024-10-26,2024-10-26,birthday,23,2025-04-26,-530,FALSE,TRUE,TRUE,2025-02-19,2025-02-17,2026-02-19,,2025-02-19,,2025-02-14,,2025-02-19,2025-02-19,,,,2026,2026-10-08
custom:4813F1,SLX595-01-A (911),4813F1,,,Traverse City,0-5 Month Traverse City,2026-10-08,2026,TRUE,,2026-09-10,2026-09-10,birthday,0,2027-03-10,153,FALSE,FALSE,FALSE,2026-10-08,,,,,,,,,,,,,2026,2026-10-08
custom:4432F1,TPW315-01-A (713),4432F1,,,Flint,0-5 Month Complete,2025-03-22,2025,FALSE,,2025-02-28,2025-02-28,birthday,19,2025-08-28,-406,FALSE,TRUE,TRUE,2025-06-07,2025-03-30,2025-06-07,2025-06-07,2025-05-31,,2025-06-03,,2025-06-07,,2025-06-07,2025-06-07,,2026,2026-10-08
custom:4402F1,BSM142-01-A (822),4402F1,,,Flint,0-5 Month Complete,2025-03-19,2025,FALSE,,2024-11-05,2024-11-05,birthday,23,2025-05-05,-521,FALSE,FALSE,FALSE,,,,,,,,,,,,,,2026,2026-10-08
custom:4192F1,MKV454-01-A (416),4192F1,,,Detroit,0-5 Month Detroit,2026-10-08,2026,TRUE,,2026-09-14,2026-09-14,birthday,0,2027-03-14,157,FALSE,FALSE,FALSE,,,,,,,,,,,,,,2026,2026-10-08
custom:4705F1,XKQ019-01-A (515),4705F1,,,Traverse City,0-5 Month Complete,2024-11-22,2024,FALSE,,2024-08-17,2024-08-17,birthday,25,2025-02-17,-598,FALSE,TRUE,TRUE,2024-12-03,2024-12-03,2024-12-03,2024-12-03,2024-12-03,,2024-11-25,,2024-12-03,2024-12-03,2024-12-03,,,2026,2026-10-08
custom:4768F1,LMX568-01-A (713),4768F1,,,Traverse City,0-5 Month Complete,2026-02-01,2026,TRUE,,2025-11-17,2025-11-17,birthday,10,2026-05-17,-144,FALSE,TRUE,FALSE,2026-04-09,2026-02-16,,,,2026-02-16,,,,,,,,2026,2026-10-08
custom:4484F1,TBK281-01-A (921),4484F1,,,Flint,0-5 Month Flint,2026-04-09,2026,TRUE,,2026-03-28,2026-03-28,birthday,6,2026-09-28,-10,FALSE,FALSE,FALSE,,,,,,,,,,,,,,2026,2026-10-08
custom:4706F1,YND734-01-A (350),4706F1,,,Traverse City,0-5 Month Complete,2024-11-22,2024,FALSE,,2024-09-18,2024-09-18,birthday,24,2025-03-18,-569,FALSE,TRUE,TRUE,2024-12-06,2024-12-05,2024-12-06,2024-12-06,2024-12-06,,2024-11-25,,2024-12-06,2024-12-06,2024-12-06,,,2026,2026-10-08
custom:4821F1,YQX985-01-A (373),4821F1,,,Traverse City,0-5 Month Traverse City,2026-09-10,2026,TRUE,,2026-09-06,2026-09-06,birthday,1,2027-03-06,149,FALSE,TRUE,TRUE,2026-09-14,2026-09-14,,,2026-10-01,,2026-09-17,,,,,,,2026,2026-10-08
custom:4130F1,FGC147-01-A (393),4130F1,,,Detroit,0-5 Month Complete,2025-05-15,2025,FALSE,,2025-04-18,2025-04-18,birthday,17,2025-10-18,-355,FALSE,FALSE,FALSE,,,,,,,,,,,,,,2026,2026-10-08
custom:4170F1,SMZ551-01-A (746),4170F1,,,Detroit,0-5 Month Complete,2026-01-09,2026,TRUE,,2025-12-19,2025-12-19,birthday,9,2026-06-19,-111,FALSE,FALSE,FALSE,,,,,,,,,,,,,,2026,2026-10-08
custom:4119F1,QVW747-01-A (109),4119F1,,,Detroit,0-5 Month Complete,2025-02-18,2025,FALSE,,2025-01-24,2025-01-24,birthday,20,2025-07-24,-441,FALSE,TRUE,FALSE,,2025-04-28,,,,,,,,,,,,2026,2026-10-08
custom:4745F1,JLN021-01-A (756),4745F1,,,Traverse City,0-5 Month Complete,2025-04-22,2025,FALSE,,2025-02-27,2025-02-27,birthday,19,2025-08-27,-407,FALSE,TRUE,TRUE,2025-04-22,2025-04-22,2025-04-22,2025-04-22,2025-04-22,,,,2025-04-22,2025-04-22,2025-04-22,2025-04-22,,2026,2026-10-08
custom:4110F1,MTH981-01-A (416),4110F1,,,Detroit,0-5 Month Complete,2026-07-15,2026,TRUE,,2024-11-25,2024-11-25,birthday,22,2025-05-25,-501,FALSE,FALSE,FALSE,,,,,,,,,,,,,,2026,2026-10-08
custom:4420F1,JCX999-01-A (581),4420F1,,,Flint,0-5 Month Complete,2025-03-21,2025,FALSE,,2025-02-12,2025-02-12,birthday,19,2025-08-12,-422,FALSE,FALSE,FALSE,,,,,,,,,,,,,,2026,2026-10-08
custom:4155F1,WCV960-01-A (548),4155F1,,,Detroit,0-5 Month Complete,2025-12-11,2025,FALSE,,2025-10-25,2025-10-25,birthday,11,2026-04-25,-166,FALSE,TRUE,TRUE,2026-01-08,2025-12-11,2026-01-08,2026-01-08,2026-01-07,,2025-12-11,,2026-01-08,2026-01-08,2026-01-08,2026-01-08,,2026,2026-10-08
custom:4140F1,VFC610-01-A (723),4140F1,,,Detroit,0-5 Month Complete,2025-06-16,2025,FALSE,,2025-06-04,2025-06-04,birthday,16,2025-12-04,-308,FALSE,FALSE,TRUE,,,,,2025-10-22,,2025-10-10,,,,,,,2026,2026-10-08
custom:4752F1,DXH431-01-A (921),4752F1,,,Traverse City,0-5 Month Complete,2025-07-08,2025,FALSE,,2025-06-28,2025-06-28,birthday,15,2025-12-28,-284,FALSE,TRUE,TRUE,2025-07-31,2025-07-09,2025-07-31,2025-07-31,2025-07-31,,2025-07-10,,2025-07-31,2025-07-31,2025-07-31,,,2026,2026-10-08
custom:4713F1,PSQ576-01-A (779),4713F1,,,Traverse City,0-5 Month Complete,2025-02-13,2025,FALSE,,2024-09-12,2024-09-12,birthday,24,2025-03-12,-575,FALSE,TRUE,TRUE,2025-02-20,2025-02-20,2025-02-20,2025-02-20,2025-02-20,,2025-01-09,,2025-02-20,2025-02-20,,,,2026,2026-10-08
custom:4743F1,BVD945-01-A (987),4743F1,,,Traverse City,0-5 Month Complete,2025-05-09,2025,FALSE,,2025-03-06,2025-03-06,birthday,19,2025-09-06,-397,FALSE,TRUE,TRUE,2025-05-29,2025-05-12,2025-05-29,2025-05-29,2025-05-29,,2025-05-26,,2025-05-29,2025-05-29,2025-05-29,2025-05-29,,2026,2026-10-08
custom:4462F1,RSZ202-01-A (680),4462F1,,,Flint,0-5 Month Complete,2025-12-10,2025,FALSE,,2025-12-02,2025-12-02,birthday,10,2026-06-02,-128,FALSE,TRUE,FALSE,,2025-12-11,,,,,,,,,,,,2026,2026-10-08
custom:4408F1,KRR544-01-A (449),4408F1,,,Flint,0-5 Month Complete,2025-03-21,2025,FALSE,,2024-12-17,2024-12-17,birthday,21,2025-06-17,-478,FALSE,TRUE,TRUE,2025-06-14,2025-03-29,2025-06-14,2025-06-14,2025-05-31,,2025-06-03,,,2025-06-14,2025-06-14,2025-06-14,,2026,2026-10-08
custom:4483F1,CDL346-01-A (525),4483F1,,,Flint,0-5 Month Flint,2026-05-29,2026,TRUE,,2026-05-11,2026-05-11,birthday,4,2026-11-11,34,TRUE,TRUE,TRUE,2026-06-19,2026-06-09,,,2026-08-14,,2026-08-14,,,,,,,2026,2026-10-08
custom:4709F1,NDG495-01-A (888),4709F1,,,Traverse City,0-5 Month Complete,2024-11-22,2024,FALSE,,2024-10-05,2024-10-05,birthday,24,2025-04-05,-551,FALSE,TRUE,TRUE,2024-12-11,2024-12-03,2024-12-11,2024-12-11,2024-12-02,,2024-11-25,,2025-02-25,2025-02-25,2024-12-11,,,2026,2026-10-08
custom:4407F1,HHW537-01-A (251),4407F1,,,Flint,0-5 Month Complete,2025-03-21,2025,FALSE,,2024-10-03,2024-10-03,birthday,24,2025-04-03,-553,FALSE,FALSE,FALSE,,,,,,,,,,,,,,2026,2026-10-08
custom:4742F1,XFH617-01-A (185),4742F1,,,Traverse City,0-5 Month Complete,2025-04-30,2025,FALSE,,2025-03-11,2025-03-11,birthday,18,2025-09-11,-392,FALSE,TRUE,TRUE,2025-05-29,2025-05-08,2025-05-29,2025-05-29,2025-05-29,,2025-05-01,,2025-05-29,2025-05-29,2025-05-29,2025-05-29,,2026,2026-10-08
custom:4126F1,CVH892-01-A (185),4126F1,,,Detroit,0-5 Month Complete,2025-05-15,2025,FALSE,,2025-03-25,2025-03-25,birthday,18,2025-09-25,-378,FALSE,TRUE,TRUE,,2025-05-27,,,2025-06-03,,2025-05-30,,,,,,,2026,2026-10-08
custom:4474F1,FBF788-01-A (690),4474F1,,,Flint,0-5 Month Complete,2026-02-24,2026,TRUE,,2026-02-07,2026-02-07,birthday,8,2026-08-07,-62,FALSE,TRUE,FALSE,2026-04-09,2026-02-25,,,,,,,,,,,,2026,2026-10-08
custom:4467F1,FGL622-01-A (624),4467F1,,,Flint,0-5 Month Complete,2025-12-10,2025,FALSE,,2025-11-27,2025-11-27,birthday,10,2026-05-27,-134,FALSE,TRUE,TRUE,2026-04-09,2025-12-10,2026-04-10,2026-04-10,2026-04-10,,2026-04-03,,,2026-04-10,2026-04-10,2026-04-10,,2026,2026-10-08
custom:4428F1,YYB078-01-A (680),4428F1,,,Flint,0-5 Month Complete,2025-04-02,2025,FALSE,,2025-03-18,2025-03-18,birthday,18,2025-09-18,-385,FALSE,TRUE,TRUE,2025-09-13,2025-05-24,2025-09-13,2025-09-13,2025-05-31,,2025-06-03,,2025-09-14,2025-09-14,2025-09-13,2025-09-13,,2026,2026-10-08
custom:4138F1,SBW730-01-A (251),4138F1,,,Detroit,0-5 Month Complete,2025-08-20,2025,FALSE,,2025-06-23,2025-06-23,birthday,15,2025-12-23,-289,FALSE,TRUE,FALSE,,2025-10-02,,,,,,,,,,,,2026,2026-10-08
custom:4187F1,BWX346-01-A (515),4187F1,,,Detroit,0-5 Month Detroit,2026-08-04,2026,TRUE,,2026-07-31,2026-07-31,birthday,2,2027-01-31,115,FALSE,FALSE,TRUE,,,,,2026-10-13,,2026-10-01,,,,,,,2026,2026-10-08
custom:4763F1,JBV363-01-A (987),4763F1,,,Traverse City,0-5 Month Complete,2026-01-10,2026,TRUE,,2025-12-05,2025-12-05,birthday,10,2026-06-05,-125,FALSE,TRUE,TRUE,2026-01-21,2026-01-10,2026-01-21,2026-01-21,2026-01-21,,2026-01-20,2026-01-21,2026-02-24,2026-02-24,2026-01-21,,,2026,2026-10-08
custom:4741F1,CZY408-01-A (647),4741F1,,,Traverse City,0-5 Month Complete,2025-03-10,2025,FALSE,,2025-02-17,2025-02-17,birthday,19,2025-08-17,-417,FALSE,TRUE,TRUE,2025-04-09,2025-04-09,2025-04-09,2025-04-09,2025-03-19,,2025-03-12,,2025-04-09,2025-04-10,2025-04-09,2025-04-09,,2026,2026-10-08
custom:4809F1,VYC886-01-A (845),4809F1,,,Traverse City,0-5 Month Traverse City,2026-08-05,2026,TRUE,,2026-06-18,2026-06-18,birthday,3,2026-12-18,71,FALSE,TRUE,FALSE,2026-08-06,2026-08-25,,,,2026-08-25,,,,,,,,2026,2026-10-08
custom:4115F1,CPS604-01-A (153),4115F1,,,Detroit,0-5 Month Complete,2025-02-18,2025,FALSE,,2025-01-30,2025-01-30,birthday,20,2025-07-30,-435,FALSE,TRUE,TRUE,,2025-04-02,,,2025-05-05,,2025-04-10,,,,,,,2026,2026-10-08
custom:4413F1,GZD028-01-A (120),4413F1,,,Flint,0-5 Month Complete,2025-03-21,2025,FALSE,,2024-12-13,2024-12-13,birthday,21,2025-06-13,-482,FALSE,TRUE,FALSE,,2025-04-14,,,,,,,,,,,,2026,2026-10-08
custom:4409F1,NPM662-01-A (350),4409F1,,,Flint,0-5 Month Complete,2025-03-21,2025,FALSE,,2024-10-19,2024-10-19,birthday,23,2025-04-19,-537,FALSE,TRUE,FALSE,,2025-03-22,,,,,,,,,,,,2026,2026-10-08
custom:4456F2,DFB473-01-B (361),4456F2,,,Flint,0-5 Month Complete,2025-07-02,2025,FALSE,,2025-06-13,2025-06-13,birthday,15,2025-12-13,-299,FALSE,TRUE,TRUE,,2025-10-02,,,2025-10-16,,2025-10-02,,,,,,,2026,2026-10-08
custom:4189F1,GVK177-01-A (284),4189F1,,,Detroit,0-5 Month Detroit,2026-06-17,2026,TRUE,,2026-05-22,2026-05-22,birthday,4,2026-11-22,45,TRUE,TRUE,TRUE,2026-09-30,2026-09-30,,,2026-10-13,,2026-09-30,,,,,,,2026,2026-10-08
custom:4505F1,GJP886-01-A (284),4505F1,,,Flint,0-5 Month Flint,2026-09-29,2026,TRUE,,2026-08-28,2026-08-28,birthday,1,2027-02-28,143,FALSE,FALSE,FALSE,,,,,,,,,,,,,,2026,2026-10-08
custom:4807F1,HYM398-01-A (647),4807F1,,,Traverse City,0-5 Month Complete,2026-05-14,2026,TRUE,,2026-04-26,2026-04-26,birthday,5,2026-10-26,18,TRUE,TRUE,FALSE,2026-05-15,2026-05-15,2026-07-10,2026-07-10,,2026-05-15,,,2026-07-10,2026-07-10,2026-07-10,2026-07-10,2026-07-10,2026,2026-10-08
custom:4122F1,GRM073-01-A (153),4122F1,,,Detroit,0-5 Month Complete,2025-02-18,2025,FALSE,,2025-01-10,2025-01-10,birthday,20,2025-07-10,-455,FALSE,TRUE,TRUE,2025-04-09,2025-03-31,2025-04-09,2025-04-09,2025-04-09,,2025-04-01,,,2025-04-09,2025-04-09,2025-04-09,,2026,2026-10-08
custom:4781F1,TLN478-01-A (614),4781F1,,,Traverse City,0-5 Month Traverse City,2026-03-18,2026,TRUE,,2026-03-09,2026-03-09,birthday,6,2026-09-09,-29,FALSE,TRUE,FALSE,2026-03-20,2026-03-20,2026-04-29,2026-04-29,,2026-04-09,,,,,,,,2026,2026-10-08
custom:4737F1,GZR716-01-A (614),4737F1,,,Traverse City,0-5 Month Complete,2025-04-30,2025,FALSE,,2025-02-20,2025-02-20,birthday,19,2025-08-20,-414,FALSE,TRUE,TRUE,2025-05-12,2025-04-30,2025-05-12,2025-05-12,2025-05-12,,2025-05-01,,2025-05-12,2025-05-12,2025-05-12,2025-05-12,,2026,2026-10-08
custom:4468F1,CPP633-01-A (120),4468F1,,,Flint,0-5 Month Complete,2026-01-20,2026,TRUE,,2026-01-06,2026-01-06,birthday,9,2026-07-06,-94,FALSE,TRUE,FALSE,,2026-01-31,,,,,,,,,,,,2026,2026-10-08
custom:4775F1,PZJ271-01-A (515),4775F1,,,Traverse City,0-5 Month Complete,2025-12-05,2025,FALSE,,2025-12-02,2025-12-02,birthday,10,2026-06-02,-128,FALSE,TRUE,TRUE,2026-01-12,2025-12-08,2026-01-12,2026-01-12,2026-01-12,,2026-01-09,2026-01-12,2026-03-18,2026-03-18,2026-01-12,,,2026,2026-10-08
custom:4440F1,BWJ550-01-A (954),4440F1,,,Flint,0-5 Month Complete,2025-06-04,2025,FALSE,,2025-05-07,2025-05-07,birthday,17,2025-11-07,-335,FALSE,TRUE,TRUE,2025-09-25,2025-06-27,2025-09-25,2025-09-25,2025-09-25,,2025-09-09,,2025-09-25,2025-09-25,2025-09-25,2025-09-25,,2026,2026-10-08
custom:4717F1,QJL577-01-A (383),4717F1,,,Traverse City,0-5 Month Complete,2025-01-31,2025,FALSE,,2024-09-28,2024-09-28,birthday,24,2025-03-28,-559,FALSE,TRUE,TRUE,2025-02-10,2025-02-09,2025-02-10,2025-02-10,2025-02-10,,2025-01-24,,2025-02-10,2025-02-10,2025-02-10,,,2026,2026-10-08
custom:4732F1,XPJ670-01-A (548),4732F1,,,Traverse City,0-5 Month Complete,2025-01-31,2025,FALSE,,2024-11-25,2024-11-25,birthday,22,2025-05-25,-501,FALSE,FALSE,TRUE,,,,,2025-02-10,,2025-02-03,,,,,,,2026,2026-10-08
custom:4460F1,GNX561-01-A (350),4460F1,,,Flint,0-5 Month Complete,2025-12-10,2025,FALSE,,2025-12-03,2025-12-03,birthday,10,2026-06-03,-127,FALSE,TRUE,FALSE,2026-04-09,2025-12-18,,,,,,,,,,,,2026,2026-10-08
custom:4149F1,LSH641-01-A (119),4149F1,,,Detroit,0-5 Month Complete,2025-12-11,2025,FALSE,,2025-10-22,2025-10-22,birthday,11,2026-04-22,-169,FALSE,TRUE,TRUE,,2025-12-05,,,2025-12-11,,2025-12-11,,,,,,,2026,2026-10-08
custom:4500F1,BQV670-01-A (251),4500F1,,,Flint,0-5 Month Flint,2026-08-11,2026,TRUE,,2026-08-06,2026-08-06,birthday,2,2027-02-06,121,FALSE,FALSE,FALSE,2026-08-13,,,,,,,,,,,,,2026,2026-10-08
custom:4711F1,JYR948-01-A (911),4711F1,,,Traverse City,0-5 Month Complete,2025-01-26,2025,FALSE,,2024-09-12,2024-09-12,birthday,24,2025-03-12,-575,FALSE,TRUE,TRUE,2025-01-27,2025-02-09,2025-01-27,2025-01-27,2025-01-27,,2025-01-09,,2025-01-27,2025-01-27,2025-01-27,,,2026,2026-10-08
custom:4723F1,NEEDS 3.01 CONSENT TO REGISTER,4723F1,,,Traverse City,0-5 Month Complete,2026-06-17,2026,TRUE,,2024-09-27,2024-09-27,birthday,24,2025-03-27,-560,FALSE,FALSE,FALSE,,,,,,,,,,,,,,2026,2026-10-08
custom:4791F1,GHD547-01-A (624),4791F1,,,Traverse City,0-5 Month Complete,2026-03-09,2026,TRUE,,2026-02-23,2026-02-23,birthday,7,2026-08-23,-46,FALSE,TRUE,FALSE,2026-03-17,2026-02-17,2026-04-22,2026-04-22,,2026-03-18,,,2026-04-22,2026-04-22,,2026-04-22,,2026,2026-10-08
custom:4185F1,QBF961-01-A (822),4185F1,,,Detroit,0-5 Month Detroit,2026-09-28,2026,TRUE,,2026-09-12,2026-09-12,birthday,0,2027-03-12,155,FALSE,FALSE,FALSE,,,,,,,,,,,,,,2026,2026-10-08
custom:4494F1,GJG046-01-A (591),4494F1,,,Flint,0-5 Month Flint,2026-05-29,2026,TRUE,,2026-04-26,2026-04-26,birthday,5,2026-10-26,18,TRUE,TRUE,TRUE,2026-07-30,2026-06-03,2026-08-13,2026-08-13,2026-08-13,,,,,,2026-08-13,,,2026,2026-10-08
custom:4715F1,QQL383-01-A (449),4715F1,,,Traverse City,0-5 Month Complete,2025-01-31,2025,FALSE,,2024-10-15,2024-10-15,birthday,23,2025-04-15,-541,FALSE,TRUE,TRUE,2025-02-20,2025-02-03,2025-02-20,2025-02-20,2025-02-10,,2025-01-09,,2025-02-20,2025-02-20,2025-02-20,,,2026,2026-10-08
custom:4784F1,NDG495-02-A (921),4784F1,,,Traverse City,0-5 Month Complete,2026-03-09,2026,TRUE,,2026-03-04,2026-03-04,birthday,7,2026-09-04,-34,FALSE,TRUE,TRUE,2026-03-10,2026-03-10,2026-03-20,2026-03-20,2026-03-20,,2026-03-11,2026-03-20,,2026-03-20,2026-03-20,2026-03-20,,2026,2026-10-08
custom:4730F1,PHN877-02-A (482),4730F1,,,Traverse City,0-5 Month Complete,2025-02-13,2025,FALSE,,2024-11-02,2024-11-02,birthday,23,2025-05-02,-524,FALSE,TRUE,TRUE,2025-02-25,2025-02-25,2025-02-25,2025-02-25,2025-02-25,,2025-02-14,,2025-02-25,2025-02-25,2025-02-25,,,2026,2026-10-08
custom:4794F1,KHN535-01-A (987),4794F1,,,Traverse City,0-5 Month Traverse City,2026-04-10,2026,TRUE,,2026-03-30,2026-03-30,birthday,6,2026-09-30,-8,FALSE,TRUE,TRUE,2026-04-10,2026-04-10,2026-04-20,2026-04-20,2026-04-20,,2026-04-20,2026-04-20,,,2026-04-20,,,2026,2026-10-08
custom:4111F1,JNW534-01-A (416),4111F1,,,Detroit,0-5 Month Complete,2025-02-18,2025,FALSE,,2024-12-17,2024-12-17,birthday,21,2025-06-17,-478,FALSE,FALSE,FALSE,,,,,,,,,,,,,,2026,2026-10-08
custom:4764F1,KGN694-01-A (152),4764F1,,,Traverse City,0-5 Month Complete,2026-01-10,2026,TRUE,,2025-11-30,2025-11-30,birthday,10,2026-05-30,-131,FALSE,TRUE,FALSE,2026-02-18,2026-01-14,2026-02-20,2026-02-20,,2026-02-20,,2026-04-21,2025-11-20,2026-02-20,2026-02-20,2026-02-20,,2026,2026-10-08
custom:4190F1,WDL327-01-A (152),4190F1,,,Detroit,0-5 Month Detroit,2026-09-10,2026,TRUE,,2026-08-27,2026-08-27,birthday,1,2027-02-27,142,FALSE,FALSE,FALSE,,,,,,,,,,,,,,2026,2026-10-08
custom:4824F1,WSG161-02-A (383),4824F1,,,Traverse City,0-5 Month Traverse City,2026-10-02,2026,TRUE,,2026-09-13,2026-09-13,birthday,0,2027-03-13,156,FALSE,FALSE,FALSE,,,,,,,,,,,,,,2026,2026-10-08
custom:4729F1,RMH180-01-A (153),4729F1,,,Traverse City,0-5 Month Complete,2025-01-07,2025,FALSE,,2024-10-18,2024-10-18,birthday,23,2025-04-18,-538,FALSE,TRUE,TRUE,2025-01-08,2025-01-10,2025-01-08,2025-01-08,2025-01-08,,,,2025-01-08,2025-01-08,2025-01-08,,,2026,2026-10-08
custom:4181F1,HWP759-01-A (713),4181F1,,,Detroit,0-5 Month Detroit,2026-08-24,2026,TRUE,,2026-08-16,2026-08-16,birthday,1,2027-02-16,131,FALSE,FALSE,FALSE,2026-09-24,,,,,2026-09-24,,,,,,,,2026,2026-10-08
custom:4411F1,CYS167-01-A (482),4411F1,,,Flint,0-5 Month Complete,2025-03-21,2025,FALSE,,2024-12-13,2024-12-13,birthday,21,2025-06-13,-482,FALSE,TRUE,TRUE,,2025-04-04,2025-05-31,2025-05-31,2025-05-31,,2025-05-31,,2025-05-31,,2025-05-31,,,2026,2026-10-08
custom:4106F1,NCG882-01-A (855),4106F1,,,Detroit,0-5 Month Complete,2025-01-16,2025,FALSE,,2024-11-29,2024-11-29,birthday,22,2025-05-29,-497,FALSE,TRUE,TRUE,2025-02-12,2025-02-12,2025-02-12,2025-02-12,2025-02-12,,2025-01-23,,2025-02-12,2025-02-12,2025-02-12,,,2026,2026-10-08
custom:4760F1,NGV392-01-A (350),4760F1,,,Traverse City,0-5 Month Complete,2026-01-10,2026,TRUE,,2025-11-20,2025-11-20,birthday,10,2026-05-20,-141,FALSE,TRUE,FALSE,2026-02-20,2026-01-10,2026-02-21,2026-02-21,,2026-03-19,,2026-04-21,2026-02-24,2026-02-24,,,,2026,2026-10-08
custom:4434F1,GMB721-01-A (525),4434F1,,,Flint,0-5 Month Complete,2025-04-28,2025,FALSE,,2025-03-01,2025-03-01,birthday,19,2025-09-01,-402,FALSE,TRUE,TRUE,,2025-06-25,,,2025-07-24,,2025-07-17,,,,,,,2026,2026-10-08
custom:4725F1,GDJ477-01-A (756),4725F1,,,Traverse City,0-5 Month Complete,2024-11-22,2024,FALSE,,2024-10-15,2024-10-15,birthday,23,2025-04-15,-541,FALSE,TRUE,TRUE,2024-12-03,2024-12-03,2024-12-03,2024-12-03,2024-12-03,,2024-11-25,,2024-12-03,2024-12-04,2024-12-03,,,2026,2026-10-08
custom:4145F1,XGT144-01-A (449),4145F1,,,Detroit,0-5 Month Complete,2026-07-15,2026,TRUE,,2025-08-27,2025-08-27,birthday,13,2026-02-27,-223,FALSE,FALSE,FALSE,,,,,,,,,,,,,,2026,2026-10-08
custom:4150F2,PPF902-01-B (120),4150F2,,,Detroit,0-5 Month Complete,2026-01-05,2026,TRUE,,2025-12-02,2025-12-02,birthday,10,2026-06-02,-128,FALSE,TRUE,TRUE,2026-02-11,2026-02-11,2026-02-11,,2026-02-11,,2026-02-04,,2026-02-11,2026-02-11,,,,2026,2026-10-08
custom:4196F1,LGT159-02-A (284),4196F1,,,Detroit,0-5 Month Detroit,2026-09-28,2026,TRUE,,2026-09-11,2026-09-11,birthday,0,2027-03-11,154,FALSE,FALSE,FALSE,,,,,,,,,,,,,,2026,2026-10-08
custom:4726F1,QHF620-01-A (756),4726F1,,,Traverse City,0-5 Month Complete,2025-01-30,2025,FALSE,,2024-10-14,2024-10-14,birthday,23,2025-04-14,-542,FALSE,TRUE,TRUE,2025-01-30,2025-02-03,2025-01-30,2025-01-30,2025-01-30,,,,2025-02-19,2025-02-19,2025-01-30,,,2026,2026-10-08
custom:4479F1,LVK846-01-A (548),4479F1,,,Flint,0-5 Month Complete,2026-02-19,2026,TRUE,,2026-02-14,2026-02-14,birthday,7,2026-08-14,-55,FALSE,TRUE,FALSE,2026-04-09,2026-02-20,,,,,,,,,,,,2026,2026-10-08
custom:4461F1,NWN510-01-A (350),4461F1,,,Flint,0-5 Month Complete,2025-12-10,2025,FALSE,,2025-11-26,2025-11-26,birthday,10,2026-05-26,-135,FALSE,TRUE,TRUE,2026-04-08,2025-12-13,2026-04-09,2026-04-09,2026-04-09,,2026-04-03,,2026-04-09,,2026-04-09,2026-04-09,,2026,2026-10-08
custom:4771F1,TJJ345-01-A (185),4771F1,,,Traverse City,0-5 Month Complete,2026-01-17,2026,TRUE,,2025-11-26,2025-11-26,birthday,10,2026-05-26,-135,FALSE,TRUE,FALSE,2026-03-03,2026-01-18,,,,2026-03-03,,,,,,,,2026,2026-10-08
custom:4493F1,WHT014-01-A (317),4493F1,,,Flint,0-5 Month Flint,2026-05-29,2026,TRUE,,2026-04-13,2026-04-13,birthday,5,2026-10-13,5,TRUE,TRUE,FALSE,,2026-06-09,,,,,,,,,,,,2026,2026-10-08
custom:4186F1,QZC678-01-A (680),4186F1,,,Detroit,0-5 Month Detroit,2026-10-08,2026,TRUE,,2026-09-24,2026-09-24,birthday,0,2027-03-24,167,FALSE,FALSE,FALSE,,,,,,,,,,,,,,2026,2026-10-08
custom:4740F1,FQH249-01-A (987),4740F1,,,Traverse City,0-5 Month Complete,2025-08-06,2025,FALSE,,2025-02-22,2025-02-22,birthday,19,2025-08-22,-412,FALSE,FALSE,FALSE,,,,,,,,,,,,,,2026,2026-10-08
custom:4759F1,FQF816-01-A (921),4759F1,,,Traverse City,0-5 Month Complete,2025-11-25,2025,FALSE,,2025-11-13,2025-11-13,birthday,10,2026-05-13,-148,FALSE,TRUE,FALSE,,2025-11-25,,,,2026-01-12,,,,,,,,2026,2026-10-08
custom:4458F1,ZRH064-01-A (515),4458F1,,,Flint,0-5 Month Complete,2025-11-20,2025,FALSE,,2025-10-15,2025-10-15,birthday,11,2026-04-15,-176,FALSE,TRUE,TRUE,2026-04-13,2025-11-07,2026-04-13,2026-04-13,2026-04-10,,2026-04-03,,2026-04-13,2026-04-13,2026-04-13,2026-04-13,,2026,2026-10-08
custom:4404F1,KLZ533-01-A (449),4404F1,,,Flint,0-5 Month Complete,2025-03-19,2025,FALSE,,2024-09-27,2024-09-27,birthday,24,2025-03-27,-560,FALSE,FALSE,FALSE,,,,,,,,,,,,,,2026,2026-10-08
custom:4142F1,MGW204-01-A (186),4142F1,,,Detroit,0-5 Month Complete,2025-07-09,2025,FALSE,,2025-06-25,2025-06-25,birthday,15,2025-12-25,-287,FALSE,TRUE,TRUE,2025-08-25,2025-08-18,2025-08-25,2025-08-25,2025-08-25,,2025-08-19,,2025-08-25,2025-08-25,,2025-08-25,,2026,2026-10-08
custom:4159F1,CZY180-01-A (548),4159F1,,,Detroit,0-5 Month Complete,2026-01-09,2026,TRUE,,2025-12-09,2025-12-09,birthday,9,2026-06-09,-121,FALSE,TRUE,TRUE,,2026-02-10,,,2026-04-18,,2026-04-09,,,,,,,2026,2026-10-08
custom:4788F1,WMD058-01-A (218),4788F1,,,Traverse City,0-5 Month Complete,2026-04-22,2026,TRUE,,2026-03-17,2026-03-17,birthday,6,2026-09-17,-21,FALSE,TRUE,FALSE,2026-04-22,2026-04-27,2026-06-25,2026-08-26,,2026-04-30,,,2026-06-25,2026-06-25,2026-06-25,2026-06-25,2026-06-25,2026,2026-10-08
custom:4712F1,GDN788-01-A (153),4712F1,,,Traverse City,0-5 Month Complete,2025-01-26,2025,FALSE,,2024-08-31,2024-08-31,birthday,25,2025-02-28,-587,FALSE,TRUE,TRUE,2025-02-10,2025-02-03,2025-02-10,2025-02-10,2025-02-10,,2025-01-09,,2025-02-11,2025-02-11,2025-02-10,,,2026,2026-10-08
custom:4426F1,KJR619-01-A (284),4426F1,,,Flint,0-5 Month Complete,2025-03-22,2025,FALSE,,2025-01-14,2025-01-14,birthday,20,2025-07-14,-451,FALSE,TRUE,TRUE,2025-07-12,2025-03-22,2025-07-12,2025-07-12,2025-05-31,,2025-06-03,,,,2025-07-12,2025-07-12,,2026,2026-10-08
custom:4758F1,MJX352-01-A (350),4758F1,,,Traverse City,0-5 Month Complete,2025-12-08,2025,FALSE,,2025-11-15,2025-11-15,birthday,10,2026-05-15,-146,FALSE,TRUE,TRUE,2026-01-15,2026-01-09,2026-01-15,2026-01-15,2026-01-15,,2026-01-09,2026-01-15,2026-02-24,2026-02-24,2026-01-15,,,2026,2026-10-08
custom:4487F1,QCD750-01-A (657),4487F1,,,Flint,0-5 Month Flint,2026-05-29,2026,TRUE,,2026-05-02,2026-05-02,birthday,5,2026-11-02,25,TRUE,TRUE,FALSE,2026-06-19,2026-06-03,,,,,,,,,,,,2026,2026-10-08
custom:4707F1,LTS268-01-A (680),4707F1,,,Traverse City,0-5 Month Complete,2025-01-31,2025,FALSE,,2024-08-29,2024-08-29,birthday,25,2025-02-28,-587,FALSE,TRUE,TRUE,2025-02-22,2025-02-22,2025-02-22,2025-02-22,2025-02-22,,2025-01-09,,2025-02-22,2025-02-25,2025-02-22,,,2026,2026-10-08
custom:4134F1,TTY851-01-A (176),4134F1,,,Detroit,0-5 Month Complete,2025-06-06,2025,FALSE,,2025-05-22,2025-05-22,birthday,16,2025-11-22,-320,FALSE,TRUE,TRUE,2025-10-25,2025-10-25,2025-10-25,2025-10-25,2025-07-19,,2025-07-10,2025-10-25,2025-10-25,2025-10-25,2025-10-25,2025-10-25,,2026,2026-10-08
custom:4444F1,ZMK813-01-A (515),4444F1,,,Flint,0-5 Month Complete,2025-06-04,2025,FALSE,,2025-04-24,2025-04-24,birthday,17,2025-10-24,-349,FALSE,TRUE,TRUE,2025-10-06,2025-10-05,2025-10-06,2025-10-06,2025-09-04,,2025-09-02,,2025-10-06,,2025-10-06,2025-10-06,,2026,2026-10-08
custom:4489F1,XVP185-01-A (977),4489F1,,,Flint,0-5 Month Flint,2026-04-09,2026,TRUE,,2026-03-03,2026-03-03,birthday,7,2026-09-03,-35,FALSE,FALSE,TRUE,2026-08-14,,,,2026-08-14,,2026-08-14,,,,,,,2026,2026-10-08
custom:4814F1,RZS580-02-A (110),4814F1,,,Traverse City,0-5 Month Traverse City,2026-08-05,2026,TRUE,,2026-06-30,2026-06-30,birthday,3,2026-12-30,83,FALSE,TRUE,FALSE,2026-08-05,2026-08-25,,,,2026-08-25,,,,,,,,2026,2026-10-08
custom:4123F1,PVP473-01-A (713),4123F1,,,Detroit,0-5 Month Complete,2025-05-15,2025,FALSE,,2025-03-28,2025-03-28,birthday,18,2025-09-28,-375,FALSE,FALSE,TRUE,,,,,2025-07-18,,2025-07-11,,,,,,,2026,2026-10-08
custom:4786F1,SJJ762-01-A (251),4786F1,,,Traverse City,0-5 Month Complete,2026-03-09,2026,TRUE,,2026-02-18,2026-02-18,birthday,7,2026-08-18,-51,FALSE,TRUE,TRUE,2026-03-19,2026-03-16,2026-04-07,2026-04-07,2026-04-07,,2026-03-24,,2026-04-21,2026-04-21,2026-04-07,2026-04-21,,2026,2026-10-08
custom:4105F1,YRM458-01-A (878),4105F1,,,Detroit,0-5 Month Complete,2025-02-18,2025,FALSE,,2024-09-06,2024-09-06,birthday,25,2025-03-06,-581,FALSE,FALSE,FALSE,,,,,,,,,,,,,,2026,2026-10-08
custom:4139F1,VKD996-01-A (482),4139F1,,,Detroit,0-5 Month Complete,2025-07-14,2025,FALSE,,2025-07-13,2025-07-13,birthday,14,2026-01-13,-268,FALSE,TRUE,TRUE,2025-09-16,2025-09-04,2025-09-15,2025-09-15,2025-09-15,,,,2025-09-15,2025-09-15,2025-09-15,2025-09-15,,2026,2026-10-08
custom:4172F1,JBP890-01-A (954),4172F1,,,Detroit,0-5 Month Complete,2026-03-20,2026,TRUE,,2026-02-24,2026-02-24,birthday,7,2026-08-24,-45,FALSE,TRUE,FALSE,2026-06-16,2026-05-19,,,,,2026-06-18,,,,,,,2026,2026-10-08
custom:4435F1,CTT657-01-A (482),4435F1,,,Flint,0-5 Month Complete,2025-12-10,2025,FALSE,,2025-04-22,2025-04-22,birthday,17,2025-10-22,-351,FALSE,FALSE,FALSE,,,,,,,,,,,,,,2026,2026-10-08
custom:4815F1,MLT236-01-A (317),4815F1,,,Traverse City,0-5 Month Traverse City,2026-10-08,2026,TRUE,,2026-08-15,2026-08-15,birthday,1,2027-02-15,130,FALSE,TRUE,FALSE,,2026-10-08,,,,,,,,,,,,2026,2026-10-08
custom:4148F1,QST675-01-A (911),4148F1,,,Detroit,0-5 Month Complete,2025-12-11,2025,FALSE,,2025-10-21,2025-10-21,birthday,11,2026-04-21,-170,FALSE,TRUE,TRUE,2026-01-06,2025-12-05,2026-01-06,2026-01-06,2025-12-11,,2025-12-11,2026-04-21,,2026-01-06,2026-01-06,2026-01-06,,2026,2026-10-08
custom:4801F1,XTL216-01-A (614),4801F1,,,Traverse City,0-5 Month Complete,2026-04-22,2026,TRUE,,2026-03-31,2026-03-31,birthday,6,2026-09-30,-8,FALSE,TRUE,TRUE,2026-05-11,2026-05-19,2026-05-19,2026-05-19,2026-05-19,,,2026-05-20,,,2026-05-19,,,2026,2026-10-08
custom:4803F1,LDB835-01-A (591),4803F1,,,Traverse City,0-5 Month Traverse City,2026-08-05,2026,TRUE,,2026-06-09,2026-06-09,birthday,3,2026-12-09,62,FALSE,TRUE,TRUE,2026-08-06,2026-08-06,2026-08-06,2026-08-06,2026-08-06,,,,,,2026-08-06,,,2026,2026-10-08
custom:4103F1,CSS863-02-A (416),4103F1,,,Detroit,0-5 Month Complete,2024-10-17,2024,FALSE,,2024-07-22,2024-07-22,birthday,26,2025-01-22,-624,FALSE,TRUE,TRUE,,2024-11-13,2024-12-05,2024-12-05,2024-12-04,,,2024-12-05,,2024-12-05,2024-12-05,,,2026,2026-10-08
custom:4180F1,JDZ749-01-A (449),4180F1,,,Detroit,0-5 Month Detroit,2026-06-15,2026,TRUE,,2026-05-30,2026-05-30,birthday,4,2026-11-30,53,TRUE,TRUE,FALSE,2026-09-18,2026-09-10,,,,,,,,,,,,2026,2026-10-08
custom:4798F1,NNX593-01-A (746),4798F1,,,Traverse City,0-5 Month Traverse City,2026-04-22,2026,TRUE,,2026-04-07,2026-04-07,birthday,6,2026-10-07,-1,FALSE,TRUE,TRUE,2026-05-15,2026-05-11,2026-05-21,2026-05-21,2026-05-21,,2026-05-21,,,,2026-05-21,,,2026,2026-10-08
custom:4422F1,YXJ085-01-A (845),4422F1,,,Flint,0-5 Month Complete,2025-03-21,2025,FALSE,,2025-02-15,2025-02-15,birthday,19,2025-08-15,-419,FALSE,FALSE,FALSE,,,,,,,,,,,,,,2026,2026-10-08
custom:4810F1,JWP930-02-A (515),4810F1,,,Traverse City,0-5 Month Complete,2026-06-02,2026,TRUE,,2026-04-29,2026-04-29,birthday,5,2026-10-29,21,TRUE,TRUE,TRUE,2026-06-03,2026-06-03,2026-06-08,2026-06-08,2026-06-08,,2026-06-08,2026-09-24,2026-06-23,2026-06-23,2026-06-08,2026-06-23,2026-06-23,2026,2026-10-08
custom:4821F2,YQX985-01-B (407),4821F2,,,Traverse City,0-5 Month Traverse City,2026-09-10,2026,TRUE,,2026-09-06,2026-09-06,birthday,1,2027-03-06,149,FALSE,TRUE,TRUE,2026-09-10,2026-09-10,,,2026-10-01,,2026-09-17,,,,,,,2026,2026-10-08
custom:4144F1,XPK044-01-A (416),4144F1,,,Detroit,0-5 Month Complete,2025-08-01,2025,FALSE,,2025-07-24,2025-07-24,birthday,14,2026-01-24,-257,FALSE,TRUE,TRUE,2025-10-20,2025-09-18,2025-10-20,2025-10-20,2025-10-20,,2025-10-10,,2025-10-20,2025-10-20,,2025-10-20,,2026,2026-10-08
custom:4157F1,XXW266-01-A (274),4157F1,,,Detroit,0-5 Month Complete,2025-12-11,2025,FALSE,,2025-11-22,2025-11-22,birthday,10,2026-05-22,-139,FALSE,FALSE,FALSE,,,,,,,,,,,,,,2026,2026-10-08
custom:4765F1,KPV524-01-A (449),4765F1,,,Traverse City,0-5 Month Complete,2026-01-10,2026,TRUE,,2025-12-08,2025-12-08,birthday,10,2026-06-08,-122,FALSE,TRUE,FALSE,2026-04-09,2026-02-12,2026-05-11,2026-05-11,,2026-03-26,,,2026-05-11,2026-05-11,,2026-05-11,2026-05-07,2026,2026-10-08
custom:4739F1,RDC147-01-A (690),4739F1,,,Traverse City,0-5 Month Complete,2025-03-05,2025,FALSE,,2025-02-06,2025-02-06,birthday,20,2025-08-06,-428,FALSE,TRUE,TRUE,2025-04-22,2025-03-18,2025-04-22,2025-04-22,2025-04-22,,2025-04-07,,2025-04-16,2025-04-16,2025-04-22,2025-04-22,,2026,2026-10-08
custom:4143F1,CKX033-01-A (921),4143F1,,,Detroit,0-5 Month Complete,2025-08-20,2025,FALSE,,2025-06-21,2025-06-21,birthday,15,2025-12-21,-291,FALSE,TRUE,FALSE,,2025-09-03,,,,,,,,,,,,2026,2026-10-08
custom:4485F1,SLF955-01-A (317),4485F1,,,Flint,0-5 Month Complete,2026-02-19,2026,TRUE,,2026-01-05,2026-01-05,birthday,9,2026-07-05,-95,FALSE,TRUE,FALSE,2026-04-09,2026-06-17,,,,2026-06-03,,,,,,,,2026,2026-10-08
custom:4459F1,ZGC044-01-A (921),4459F1,,,Flint,0-5 Month Complete,2025-12-10,2025,FALSE,,2025-11-25,2025-11-25,birthday,10,2026-05-25,-136,FALSE,TRUE,TRUE,2026-04-08,2025-12-10,2026-04-17,2026-04-17,2026-04-17,,2026-04-09,,2026-04-17,2026-04-17,2026-04-17,2026-04-17,2026-04-17,2026,2026-10-08
custom:4416F1,KWV665-01-A (878),4416F1,,,Flint,0-5 Month Complete,2025-03-21,2025,FALSE,,2025-01-15,2025-01-15,birthday,20,2025-07-15,-450,FALSE,TRUE,FALSE,,2025-07-09,,,,,,,,,,,,2026,2026-10-08
custom:4766F1,FZV796-01-A (977),4766F1,,,Traverse City,0-5 Month Complete,2025-12-02,2025,FALSE,,2025-11-18,2025-11-18,birthday,10,2026-05-18,-143,FALSE,TRUE,FALSE,2026-02-10,2025-12-04,2026-02-13,2026-02-13,,,2026-02-18,2026-03-24,2026-02-13,2026-02-13,2026-02-13,2026-02-13,,2026,2026-10-08
custom:4464F1,NQW810-01-A (548),4464F1,,,Flint,0-5 Month Complete,2025-12-10,2025,FALSE,,2025-11-14,2025-11-14,birthday,10,2026-05-14,-147,FALSE,TRUE,TRUE,2026-04-08,2026-02-03,2026-04-09,2026-04-09,2026-04-09,,2026-04-03,,2026-04-09,,2026-04-09,2026-04-09,,2026,2026-10-08
custom:4150F1,PPF902-01-A (186),4150F1,,,Detroit,0-5 Month Complete,2026-01-05,2026,TRUE,,2025-12-02,2025-12-02,birthday,10,2026-06-02,-128,FALSE,TRUE,TRUE,2026-02-11,2026-02-02,2026-02-10,2026-02-10,2026-02-11,,2026-02-04,,2026-02-10,,,2026-02-10,,2026,2026-10-08
custom:4746F1,RRB727-01-A (251),4746F1,,,Traverse City,0-5 Month Complete,2025-04-30,2025,FALSE,,2025-03-13,2025-03-13,birthday,18,2025-09-13,-390,FALSE,TRUE,TRUE,2025-05-16,2025-05-15,2025-05-16,2025-05-16,2025-05-16,,2025-05-01,,2025-05-16,2025-05-16,2025-05-16,2025-05-16,,2026,2026-10-08
custom:4792F1,NCY578-01-A (515),4792F1,,,Traverse City,0-5 Month Complete,2026-04-10,2026,TRUE,,2026-03-23,2026-03-23,birthday,6,2026-09-23,-15,FALSE,TRUE,FALSE,2026-04-18,2026-04-17,2026-06-26,2026-06-26,,2026-04-18,,,2026-06-26,2026-06-26,2026-06-26,2026-06-26,,2026,2026-10-08
custom:4488F1,CBT926-01-A (855),4488F1,,,Flint,0-5 Month Flint,2026-05-29,2026,TRUE,,2026-05-18,2026-05-18,birthday,4,2026-11-18,41,TRUE,TRUE,TRUE,2026-08-13,2026-06-03,2026-08-13,2026-08-13,2026-08-13,,2026-08-13,,,,2026-08-13,2026-08-13,,2026,2026-10-08
custom:4507F1,VVZ944-01-A (340),4507F1,,,Flint,0-5 Month Flint,2026-07-31,2026,TRUE,,2026-06-30,2026-06-30,birthday,3,2026-12-30,83,FALSE,FALSE,FALSE,2026-08-02,,,,,,,,,,,,,2026,2026-10-08
custom:4480F1,PPL335-01-A (284),4480F1,,,Flint,0-5 Month Flint,2026-05-29,2026,TRUE,,2026-05-19,2026-05-19,birthday,4,2026-11-19,42,TRUE,TRUE,FALSE,2026-08-24,2026-06-16,,,,,,,,,,,,2026,2026-10-08
custom:4152F1,WCN217-01-A (119),4152F1,,,Detroit,0-5 Month Complete,2025-12-11,2025,FALSE,,2025-11-12,2025-11-12,birthday,10,2026-05-12,-149,FALSE,TRUE,FALSE,2026-02-18,2025-12-05,,,,,,,,,,,,2026,2026-10-08
custom:4443F1,FNC855-01-A (822),4443F1,,,Flint,0-5 Month Complete,2025-05-12,2025,FALSE,,2025-02-13,2025-02-13,birthday,19,2025-08-13,-421,FALSE,TRUE,TRUE,,2025-06-04,,,2025-05-31,,2025-06-03,,,,,,,2026,2026-10-08
custom:4113F1,YGQ976-01-A (812),4113F1,,,Detroit,0-5 Month Complete,2024-12-23,2024,FALSE,,2024-11-24,2024-11-24,birthday,22,2025-05-24,-502,FALSE,TRUE,TRUE,2025-01-08,2025-12-23,2025-01-08,2025-01-08,2025-01-08,,2024-12-29,,2025-01-08,2025-01-08,,,,2026,2026-10-08
custom:4418F1,BXJ770-01-A (119),4418F1,,,Flint,0-5 Month Complete,2025-03-21,2025,FALSE,,2025-01-12,2025-01-12,birthday,20,2025-07-12,-453,FALSE,TRUE,TRUE,,2025-05-04,,,2025-06-20,,2025-06-16,,,,,,,2026,2026-10-08
custom:4748F1,XSP178-01-A (944),4748F1,,,Traverse City,0-5 Month Complete,2025-05-09,2025,FALSE,,2025-04-09,2025-04-09,birthday,17,2025-10-09,-364,FALSE,TRUE,TRUE,2025-06-13,2025-05-12,2025-06-13,2025-06-13,2025-05-29,,2025-05-09,,2025-06-13,2025-06-13,2025-06-13,2025-06-13,,2026,2026-10-08
custom:4812F1,YMF346-02-A (383),4812F1,,,Traverse City,0-5 Month Traverse City,2026-09-03,2026,TRUE,,2026-08-23,2026-08-23,birthday,1,2027-02-23,138,FALSE,TRUE,FALSE,2026-09-03,2026-09-03,2026-09-23,2026-09-23,,2026-09-03,,,2026-09-23,2026-09-23,2026-09-23,2026-09-23,2026-09-23,2026,2026-10-08
custom:4716F1,SBH525-01-A (822),4716F1,,,Traverse City,0-5 Month Complete,2025-01-31,2025,FALSE,,2024-10-13,2024-10-13,birthday,23,2025-04-13,-543,FALSE,TRUE,TRUE,2025-02-20,2025-01-31,2025-02-20,2025-02-20,2025-02-20,,2025-01-09,,2025-02-20,2025-02-20,2025-02-20,,,2026,2026-10-08
custom:4708F1,JWP930-01-A (482),4708F1,,,Traverse City,0-5 Month Complete,2025-01-31,2025,FALSE,,2024-09-03,2024-09-03,birthday,25,2025-03-03,-584,FALSE,TRUE,TRUE,2025-02-25,2024-02-03,2025-02-25,2025-02-25,2025-02-04,,2025-01-09,,2025-02-26,2025-02-25,2025-02-25,,,2026,2026-10-08
custom:4105F2,YRM458-01-B (912),4105F2,,,Detroit,0-5 Month Complete,2025-02-18,2025,FALSE,,2024-09-06,2024-09-06,birthday,25,2025-03-06,-581,FALSE,FALSE,FALSE,,,,,,,,,,,,,,2026,2026-10-08
custom:4795F1,TBV278-01-A (482),4795F1,,,Traverse City,0-5 Month Traverse City,2026-04-22,2026,TRUE,,2026-03-20,2026-03-20,birthday,6,2026-09-20,-18,FALSE,TRUE,FALSE,2026-04-22,2026-04-29,,,,2026-04-29,,,,,,,,2026,2026-10-08
custom:4452F1,DHM804-01-A (690),4452F1,,,Flint,0-5 Month Complete,2025-07-30,2025,FALSE,,2025-07-13,2025-07-13,birthday,14,2026-01-13,-268,FALSE,TRUE,TRUE,,2025-09-04,,,2025-11-20,,2025-11-14,,,,,,,2026,2026-10-08
custom:4135F1,HQK219-01-A (153),4135F1,,,Detroit,0-5 Month Complete,2025-07-14,2025,FALSE,,2025-06-20,2025-06-20,birthday,15,2025-12-20,-292,FALSE,TRUE,TRUE,2025-08-04,2025-07-22,2025-08-04,2025-08-04,2025-08-04,,2025-07-29,,,2025-08-04,2025-08-04,2025-08-04,,2026,2026-10-08
custom:4165F1,KFX637-01-A (350),4165F1,,,Detroit,0-5 Month Complete,2026-01-28,2026,TRUE,,2026-01-14,2026-01-14,birthday,8,2026-07-14,-86,FALSE,TRUE,TRUE,2026-03-30,2026-03-23,2026-04-17,2026-04-17,2026-04-17,,2026-04-11,2026-04-15,,2026-04-17,,2026-04-17,2026-04-17,2026,2026-10-08
custom:4415F1,LBZ361-01-A (119),4415F1,,,Flint,0-5 Month Complete,2025-03-21,2025,FALSE,,2024-11-11,2024-11-11,birthday,22,2025-05-11,-515,FALSE,TRUE,FALSE,,2025-03-22,,,,,,,,,,,,2026,2026-10-08
custom:4161F1,CZK707-01-A (251),4161F1,,,Detroit,0-5 Month Complete,2026-01-14,2026,TRUE,,2026-01-12,2026-01-12,birthday,8,2026-07-12,-88,FALSE,TRUE,TRUE,2026-02-24,2026-03-09,2026-03-06,2026-03-06,2026-03-05,,2026-03-03,,2026-03-06,,2026-03-06,2026-03-06,,2026,2026-10-08
custom:4728F1,SYW884-01-A (340),4728F1,,,Traverse City,0-5 Month Complete,2025-02-13,2025,FALSE,,2024-10-07,2024-10-07,birthday,24,2025-04-07,-549,FALSE,TRUE,TRUE,2025-02-22,2025-02-14,2025-02-22,2025-02-22,2025-02-22,,2025-02-14,,2025-02-22,2025-02-22,2025-02-22,,,2026,2026-10-08
custom:4495F1,HVF853-01-A (185),4495F1,,,Flint,0-5 Month Flint,2026-04-09,2026,TRUE,,2026-03-17,2026-03-17,birthday,6,2026-09-17,-21,FALSE,TRUE,TRUE,2026-06-19,2026-06-03,2026-08-13,2026-08-13,2026-08-13,,,,2026-08-13,,2026-08-13,2026-08-13,,2026,2026-10-08
custom:4183F1,JTJ199-01-A (416),4183F1,,,Detroit,0-5 Month Detroit,2026-07-28,2026,TRUE,,2026-07-24,2026-07-24,birthday,2,2027-01-24,108,FALSE,TRUE,TRUE,2026-09-18,2026-09-15,2026-09-22,2026-09-22,2026-09-22,,2026-09-16,,,,,2026-09-22,,2026,2026-10-08
custom:4704F1,NSQ870-01-A (614),4704F1,,,Traverse City,0-5 Month Complete,2024-12-03,2024,FALSE,,2024-08-24,2024-08-24,birthday,25,2025-02-24,-591,FALSE,TRUE,TRUE,2024-12-04,2024-12-04,2024-12-04,2024-12-04,2024-12-04,,,,2025-02-19,2024-12-04,2024-12-04,,,2026,2026-10-08
custom:4160F1,SWX219-01-A (143),4160F1,,,Detroit,0-5 Month Complete,2025-12-11,2025,FALSE,,2025-11-19,2025-11-19,birthday,10,2026-05-19,-142,FALSE,TRUE,TRUE,,2025-12-09,,,2026-01-09,,2025-12-11,,,,,,,2026,2026-10-08
custom:4770F1,CKJ511-01-A (492),4770F1,,,Traverse City,0-5 Month Complete,2026-01-20,2026,TRUE,,2025-12-12,2025-12-12,birthday,9,2026-06-12,-118,FALSE,TRUE,FALSE,2026-04-09,2026-03-18,,,,2026-04-09,,,,,,,,2026,2026-10-08
custom:4491F1,MTV723-01-A (680),4491F1,,,Flint,0-5 Month Flint,2026-05-29,2026,TRUE,,2026-05-05,2026-05-05,birthday,5,2026-11-05,28,TRUE,TRUE,FALSE,2026-06-19,2026-06-09,,,,,,,,,,,,2026,2026-10-08
custom:4800F1,BJH456-01-A (624),4800F1,,,Traverse City,0-5 Month Complete,2026-04-10,2026,TRUE,,2026-04-03,2026-04-03,birthday,6,2026-10-03,-5,FALSE,TRUE,FALSE,2026-04-10,2026-04-10,2026-05-10,2026-05-10,,2026-04-10,,,,2026-05-14,,2026-05-14,2026-05-14,2026,2026-10-08
custom:4750F1,XYN414-01-A (845),4750F1,,,Traverse City,0-5 Month Complete,2025-04-30,2025,FALSE,,2025-02-24,2025-02-24,birthday,19,2025-08-24,-410,FALSE,TRUE,TRUE,2025-05-12,2025-04-30,2025-05-12,2025-05-12,2025-05-12,,2025-05-01,,2025-05-12,2025-05-12,2025-05-12,2025-05-12,,2026,2026-10-08
custom:4439F1,MVK292-01-A (416),4439F1,,,Flint,0-5 Month Complete,2025-04-28,2025,FALSE,,2025-02-16,2025-02-16,birthday,19,2025-08-16,-418,FALSE,FALSE,FALSE,,,,,,,,,,,,,,2026,2026-10-08
custom:4727F1,LRJ642-01-A (185),4727F1,,,Traverse City,0-5 Month Complete,2025-02-24,2025,FALSE,,2024-10-08,2024-10-08,birthday,24,2025-04-08,-548,FALSE,TRUE,TRUE,2025-04-03,2025-03-03,2025-04-03,2025-04-03,2025-04-03,,2025-02-24,,,2025-04-03,,,,2026,2026-10-08
custom:4783F1,YRC466-01-A (515),4783F1,,,Traverse City,0-5 Month Complete,2026-03-09,2026,TRUE,,2026-02-09,2026-02-09,birthday,7,2026-08-09,-60,FALSE,TRUE,TRUE,2026-04-07,2026-03-16,2026-04-07,2026-04-07,2026-03-16,,2026-03-24,,2026-04-07,2026-04-07,2026-04-07,2026-04-07,2026-04-08,2026,2026-10-08
custom:4184F1,HGH542-01-A (591),4184F1,,,Detroit,0-5 Month Detroit,2026-07-21,2026,TRUE,,2026-07-07,2026-07-07,birthday,3,2027-01-07,91,FALSE,FALSE,FALSE,,,,,,,,,,,,,,2026,2026-10-08
custom:4410F1,MJZ709-01-A (614),4410F1,,,Flint,0-5 Month Complete,2025-03-21,2025,FALSE,,2024-12-26,2024-12-26,birthday,21,2025-06-26,-469,FALSE,TRUE,FALSE,,2025-03-23,,,,,,,,,,,,2026,2026-10-08
custom:4417F2,YNF452-01-B (351),4417F2,,,Flint,0-5 Month Complete,2025-03-21,2025,FALSE,,2024-12-21,2024-12-21,birthday,21,2025-06-21,-474,FALSE,TRUE,TRUE,,2025-06-19,,,2025-05-31,,2025-06-03,,,,,,,2026,2026-10-08
custom:4470F1,ZCS109-01-A (383),4470F1,,,Flint,0-5 Month Complete,2026-02-19,2026,TRUE,,2025-12-22,2025-12-22,birthday,9,2026-06-22,-108,FALSE,TRUE,TRUE,2026-04-09,2026-02-19,,,2026-06-22,,2026-06-17,,2026-08-14,2026-08-14,,,2026-08-14,2026,2026-10-08
custom:4202F1,DGQ288-01-A (987),4202F1,,,Detroit,0-5 Month Detroit,2026-10-08,2026,TRUE,,2026-09-14,2026-09-14,birthday,0,2027-03-14,157,FALSE,FALSE,FALSE,,,,,,,,,,,,,,2026,2026-10-08
custom:4769F1,HPX087-01-A (548),4769F1,,,Traverse City,0-5 Month Complete,2026-01-09,2026,TRUE,,2025-12-07,2025-12-07,birthday,10,2026-06-07,-123,FALSE,TRUE,TRUE,2026-02-19,2026-02-12,2026-02-19,2026-02-19,2026-02-19,,2026-02-13,2026-02-19,2026-04-16,2026-02-19,,2026-02-19,2026-04-16,2026,2026-10-08
custom:4412F1,DLW793-01-A (383),4412F1,,,Flint,0-5 Month Complete,2025-03-21,2025,FALSE,,2024-12-30,2024-12-30,birthday,21,2025-06-30,-465,FALSE,FALSE,FALSE,,,,,,,,,,,,,,2026,2026-10-08
custom:4456F1,DFB473-01-A (327),4456F1,,,Flint,0-5 Month Complete,2025-07-02,2025,FALSE,,2025-06-13,2025-06-13,birthday,15,2025-12-13,-299,FALSE,TRUE,TRUE,,2025-10-02,,,2025-10-16,,2025-10-02,,,,,,,2026,2026-10-08
custom:4127F1,LGT156-01-A (251),4127F1,,,Detroit,0-5 Month Complete,2025-05-15,2025,FALSE,,2025-05-02,2025-05-02,birthday,17,2025-11-02,-340,FALSE,TRUE,FALSE,,2025-05-29,,,,2026-04-10,,,,,,,,2026,2026-10-08
custom:4174F1,RZM693-01-A (944),4174F1,,,Detroit,0-5 Month Detroit,2026-04-09,2026,TRUE,,2026-03-20,2026-03-20,birthday,6,2026-09-20,-18,FALSE,FALSE,TRUE,2026-07-07,,2026-07-07,2026-07-07,2026-07-07,,2026-06-16,,,,,2026-07-07,2026-07-07,2026,2026-10-08
custom:4424F1,VZY119-01-A (241),4424F1,,,Flint,0-5 Month Complete,2025-03-21,2025,FALSE,,2025-02-04,2025-02-04,birthday,20,2025-08-04,-430,FALSE,FALSE,FALSE,,,,,,,,,,,,,,2026,2026-10-08
custom:4471F1,DRG492-01-A (921),4471F1,,,Flint,0-5 Month Complete,2026-02-19,2026,TRUE,,2026-01-22,2026-01-22,birthday,8,2026-07-22,-78,FALSE,TRUE,TRUE,2026-04-09,2026-02-19,2026-04-13,2026-04-13,2026-04-09,,2026-04-03,,2026-04-13,,2026-04-13,2026-04-13,,2026,2026-10-08
custom:4802F1,WDZ858-01-A (911),4802F1,,,Traverse City,0-5 Month Traverse City,2026-05-14,2026,TRUE,,2026-04-24,2026-04-24,birthday,5,2026-10-24,16,TRUE,TRUE,TRUE,2026-05-31,2026-05-26,,,2026-10-19,,,,,,,,,2026,2026-10-08
custom:4762F1,BZW702-01-A (449),4762F1,,,Traverse City,0-5 Month Complete,2025-11-05,2025,FALSE,,2025-10-28,2025-10-28,birthday,11,2026-04-28,-163,FALSE,TRUE,TRUE,2025-12-05,2025-11-07,2025-12-05,2025-12-05,2025-12-05,,2025-12-09,2025-12-05,2026-01-16,2026-01-16,2025-12-05,,,2026,2026-10-08
custom:4789F1,WVK885-01-A (110),4789F1,,,Traverse City,0-5 Month Complete,2026-03-25,2026,TRUE,,2026-03-05,2026-03-05,birthday,7,2026-09-05,-33,FALSE,TRUE,FALSE,2026-03-26,2026-03-26,2026-04-17,2026-04-17,,2026-03-26,,,2026-04-17,2026-04-17,2026-04-17,2026-04-17,2026-04-17,2026,2026-10-08
custom:4425F1,PGM615-01-A (153),4425F1,,,Flint,0-5 Month Complete,2025-04-28,2025,FALSE,,2025-03-03,2025-03-03,birthday,19,2025-09-03,-400,FALSE,TRUE,FALSE,,2025-08-28,,,,,,,,,,,,2026,2026-10-08
custom:4153F1,LGZ547-01-A (482),4153F1,,,Detroit,0-5 Month Complete,2026-01-05,2026,TRUE,,2025-11-28,2025-11-28,birthday,10,2026-05-28,-133,FALSE,TRUE,TRUE,2026-01-22,2026-01-13,2026-01-20,2026-01-20,2026-01-20,,2026-01-20,,,2026-01-20,2026-01-20,2026-01-20,,2026,2026-10-08
custom:4808F1,SBZ481-01-A (449),4808F1,,,Traverse City,0-5 Month Traverse City,2026-08-25,2026,TRUE,,2026-05-22,2026-05-22,birthday,4,2026-11-22,45,TRUE,TRUE,FALSE,2026-08-25,2026-08-27,,,,2026-10-08,,,,,,,,2026,2026-10-08
custom:4508F1,KMN951-01-A (218),4508F1,,,Flint,0-5 Month Flint,2026-10-07,2026,TRUE,,2026-10-05,2026-10-05,birthday,0,2027-04-05,179,FALSE,FALSE,FALSE,2026-10-07,,,,,,,,,,,,,2026,2026-10-08
custom:4109F1,BLK940-01-A (723),4109F1,,,Detroit,0-5 Month Complete,2024-10-28,2024,FALSE,,2024-10-12,2024-10-12,birthday,23,2025-04-12,-544,FALSE,TRUE,TRUE,,2024-10-14,,,2025-01-27,,2025-01-23,,,,,,,2026,2026-10-08
custom:4473F1,QTD282-01-A (218),4473F1,,,Flint,0-5 Month Complete,2026-02-19,2026,TRUE,,2026-01-22,2026-01-22,birthday,8,2026-07-22,-78,FALSE,FALSE,FALSE,2026-04-09,,,,,2026-06-17,,,,,,,,2026,2026-10-08
custom:4486F1,ZRB102-01-A (186),4486F1,,,Flint,0-5 Month Flint,2026-04-09,2026,TRUE,,2026-03-25,2026-03-25,birthday,6,2026-09-25,-13,FALSE,TRUE,FALSE,2026-06-19,2026-04-22,,,,,,,,,,,,2026,2026-10-08
custom:4466F2,CNJ952-01-B (922),4466F2,,,Flint,0-5 Month Complete,2026-01-20,2026,TRUE,,2025-12-18,2025-12-18,birthday,9,2026-06-18,-112,FALSE,TRUE,TRUE,2026-04-09,2026-01-21,2026-04-17,2026-04-17,2026-04-17,,2026-04-09,,2026-04-17,2026-04-17,,,,2026,2026-10-08
custom:4450F1,VXZ462-01-A (241),4450F1,,,Flint,0-5 Month Complete,2025-06-04,2025,FALSE,,2025-05-17,2025-05-17,birthday,16,2025-11-17,-325,FALSE,FALSE,FALSE,,,,,,,,,,,,,,2026,2026-10-08
custom:4492F1,NZK975-01-A (845),4492F1,,,Flint,0-5 Month Flint,2026-05-29,2026,TRUE,,2026-05-24,2026-05-24,birthday,4,2026-11-24,47,TRUE,TRUE,FALSE,,2026-06-03,,,,,,,,,,,,2026,2026-10-08
custom:4469F1,BNJ340-01-A (558),4469F1,,,Flint,0-5 Month Complete,2025-12-19,2025,FALSE,,2025-12-16,2025-12-16,birthday,9,2026-06-16,-114,FALSE,TRUE,TRUE,2026-04-09,2025-12-21,2026-04-13,2026-04-13,2026-04-11,,2026-04-03,,2026-04-13,2026-04-13,2026-04-13,2026-04-13,2026-04-13,2026,2026-10-08
custom:4793F1,SNM563-01-A (449),4793F1,,,Traverse City,0-5 Month Complete,2026-03-18,2026,TRUE,,2026-03-05,2026-03-05,birthday,7,2026-09-05,-33,FALSE,TRUE,FALSE,2026-04-07,2026-04-06,2026-06-16,2026-06-16,,2026-04-07,,,2026-07-14,2026-07-14,2026-07-14,2026-07-14,,2026,2026-10-08
custom:4785F1,QHL554-01-A (152),4785F1,,,Traverse City,0-5 Month Complete,2026-03-09,2026,TRUE,,2026-02-27,2026-02-27,birthday,7,2026-08-27,-42,FALSE,TRUE,TRUE,2026-03-17,2026-03-17,2026-04-15,2026-04-15,2026-04-15,,2026-04-11,2026-04-15,2026-04-28,2026-04-28,2026-04-15,,2026-04-28,2026,2026-10-08
custom:4502F1,SSF737-01-A (482),4502F1,,,Flint,0-5 Month Flint,2026-07-31,2026,TRUE,,2026-07-24,2026-07-24,birthday,2,2027-01-24,108,FALSE,TRUE,FALSE,2026-08-30,2026-08-14,,,,,,,,,,,,2026,2026-10-08
custom:4112F1,RDL710-01-A (855),4112F1,,,Detroit,0-5 Month Complete,2025-02-18,2025,FALSE,,2025-01-18,2025-01-18,birthday,20,2025-07-18,-447,FALSE,TRUE,FALSE,,2025-03-06,,,,,,,,,,,,2026,2026-10-08
custom:4449F1,MFH339-01-A (855),4449F1,,,Flint,0-5 Month Complete,2025-05-12,2025,FALSE,,2025-04-20,2025-04-20,birthday,17,2025-10-20,-353,FALSE,FALSE,FALSE,,,,,,,,,,,,,,2026,2026-10-08
custom:4177F1,NQS727-01-A (647),4177F1,,,Detroit,0-5 Month Detroit,2026-05-11,2026,TRUE,,2026-05-01,2026-05-01,birthday,5,2026-11-01,24,TRUE,FALSE,FALSE,,,,,,,,,,,,,,2026,2026-10-08
custom:4446F1,LHC177-01-A (723),4446F1,,,Flint,0-5 Month Complete,2025-05-12,2025,FALSE,,2025-04-16,2025-04-16,birthday,17,2025-10-16,-357,FALSE,TRUE,FALSE,,2025-06-05,,,,,,,,,,,,2026,2026-10-08
custom:4403F1,JZC874-01-A (383),4403F1,,,Flint,0-5 Month Complete,2025-03-19,2025,FALSE,,2024-11-22,2024-11-22,birthday,22,2025-05-22,-504,FALSE,FALSE,FALSE,,,,,,,,,,,,,,2026,2026-10-08
custom:4120F1,ZVD237-01-A (581),4120F1,,,Detroit,0-5 Month Complete,2025-02-18,2025,FALSE,,2025-01-31,2025-01-31,birthday,20,2025-07-31,-434,FALSE,TRUE,FALSE,,2025-02-26,,,,,,,,,,,,2026,2026-10-08
custom:4779F1,SMB785-01-A (251),4779F1,,,Traverse City,0-5 Month Complete,2026-02-01,2026,TRUE,,2025-12-22,2025-12-22,birthday,9,2026-06-22,-108,FALSE,TRUE,FALSE,,2026-03-11,,,,2026-03-11,,,,,,,,2026,2026-10-08
custom:4454F1,MGV078-01-A (350),4454F1,,,Flint,0-5 Month Complete,2025-07-30,2025,FALSE,,2025-07-29,2025-07-29,birthday,14,2026-01-29,-252,FALSE,TRUE,TRUE,2025-11-20,2025-09-30,2025-11-20,2025-11-20,2025-11-20,,2025-11-14,2025-11-20,2025-11-20,2025-11-20,2025-11-20,2025-11-20,,2026,2026-10-08
custom:4406F1,RZY993-01-A (439),4406F1,,,Flint,0-5 Month Complete,2025-03-19,2025,FALSE,,2024-11-24,2024-11-24,birthday,22,2025-05-24,-502,FALSE,TRUE,FALSE,,2025-03-25,,,,,,,,,,,,2026,2026-10-08
custom:4433F1,PTL466-01-A (581),4433F1,,,Flint,0-5 Month Complete,2025-04-02,2025,FALSE,,2025-03-08,2025-03-08,birthday,19,2025-09-08,-395,FALSE,TRUE,TRUE,2025-06-13,2025-06-01,,2025-06-13,2025-06-13,,2025-06-13,,2025-06-13,2025-06-13,2025-06-13,2025-06-13,,2026,2026-10-08
custom:4441F1,CJF735-01-A (591),4441F1,,,Flint,0-5 Month Complete,2025-04-28,2025,FALSE,,2025-04-10,2025-04-10,birthday,17,2025-10-10,-363,FALSE,TRUE,TRUE,2025-10-03,2025-06-12,2025-10-03,2025-10-03,2025-10-02,,2025-09-30,,2025-10-03,,2025-10-03,2025-10-03,,2026,2026-10-08
custom:4448F1,PTG182-01-A (251),4448F1,,,Flint,0-5 Month Complete,2025-06-04,2025,FALSE,,2025-05-30,2025-05-30,birthday,16,2025-11-30,-312,FALSE,FALSE,FALSE,,,,,,,,,,,,,,2026,2026-10-08
custom:4405F1,LLZ021-01-A (218),4405F1,,,Flint,0-5 Month Complete,2025-03-19,2025,FALSE,,2024-12-08,2024-12-08,birthday,22,2025-06-08,-487,FALSE,TRUE,FALSE,,2025-04-02,,,,,,,,,,,,2026,2026-10-08
custom:4773F1,THQ829-01-A (581),4773F1,,,Traverse City,0-5 Month Complete,2026-01-16,2026,TRUE,,2025-12-18,2025-12-18,birthday,9,2026-06-18,-112,FALSE,TRUE,FALSE,2026-04-09,2026-02-12,2026-02-26,2026-02-26,,2026-01-16,,,,,,,,2026,2026-10-08
custom:4451F1,YBC948-01-A (152),4451F1,,,Flint,0-5 Month Complete,2025-06-04,2025,FALSE,,2025-05-09,2025-05-09,birthday,16,2025-11-09,-333,FALSE,TRUE,TRUE,2025-09-06,2025-06-27,2025-09-06,2025-09-06,2025-09-06,,2025-09-03,,2025-09-06,2025-11-07,2025-09-05,2025-09-05,,2026,2026-10-08
custom:4430F1,CLC701-01-A (327),4430F1,,,Flint,0-5 Month Complete,2025-03-22,2025,FALSE,,2025-02-07,2025-02-07,birthday,20,2025-08-07,-427,FALSE,TRUE,FALSE,,2025-03-25,,,,,,,,,,,,2026,2026-10-08
custom:4472F1,TKN820-01-A (284),4472F1,,,Flint,0-5 Month Complete,2026-02-19,2026,TRUE,,2026-01-25,2026-01-25,birthday,8,2026-07-25,-75,FALSE,FALSE,FALSE,,,,,,,,,,,,,,2026,2026-10-08
custom:4702F1,RZS580-01-A (977),4702F1,,,Traverse City,0-5 Month Complete,2024-12-05,2024,FALSE,,2024-09-01,2024-09-01,birthday,25,2025-03-01,-586,FALSE,TRUE,TRUE,2024-12-06,2024-12-09,2024-12-06,2024-12-06,2024-12-06,,,,2024-12-06,2024-12-06,2024-12-06,,,2026,2026-10-08
custom:4191F1,MZG636-01-A (482),4191F1,,,Detroit,0-5 Month Flint,2026-08-24,2026,TRUE,,2026-08-11,2026-08-11,birthday,1,2027-02-11,126,FALSE,TRUE,FALSE,,2026-08-27,,,,,,,,,,,,2026,2026-10-08
custom:4104F1,RDK869-01-A (317),4104F1,,,Detroit,0-5 Month Complete,2025-03-26,2025,FALSE,,2024-11-08,2024-11-08,birthday,23,2025-05-08,-518,FALSE,FALSE,FALSE,,,,,,,,,,,,,,2026,2026-10-08
custom:4722F1,GBH901-01-A (360),4722F1,,,Traverse City,0-5 Month Complete,2025-02-12,2025,FALSE,,2024-10-06,2024-10-06,birthday,24,2025-04-06,-550,FALSE,TRUE,TRUE,2025-02-22,2025-02-14,2025-02-22,2025-02-22,2025-02-19,,2025-02-14,,2025-02-22,2025-02-25,2025-02-25,,,2026,2026-10-08
custom:4782F1,LNM531-01-A (153),4782F1,,,Traverse City,0-5 Month Complete,2026-03-18,2026,TRUE,,2026-03-05,2026-03-05,birthday,7,2026-09-05,-33,FALSE,TRUE,TRUE,2026-03-25,2026-03-20,2026-04-16,2026-04-16,2026-04-16,,2026-03-27,,2026-04-16,2026-04-16,2026-04-16,2026-04-16,2026-04-16,2026,2026-10-08
custom:4473F2,QTD282-01-B (252),4473F2,,,Flint,0-5 Month Complete,2026-02-19,2026,TRUE,,2026-01-22,2026-01-22,birthday,8,2026-07-22,-78,FALSE,FALSE,FALSE,2026-04-09,,,,,2026-06-17,,,,,,,,2026,2026-10-08
custom:4753F1,ZQR455-01-A (944),4753F1,,,Traverse City,0-5 Month Complete,2025-09-04,2025,FALSE,,2025-07-24,2025-07-24,birthday,14,2026-01-24,-257,FALSE,TRUE,TRUE,2025-09-23,2025-09-23,2025-09-23,2025-09-23,2025-09-23,,2025-09-11,,2025-09-25,2025-09-23,2025-09-23,,,2026,2026-10-08
custom:4419F1,LNT397-01-A (614),4419F1,,,Flint,0-5 Month Complete,2025-03-21,2025,FALSE,,2025-02-07,2025-02-07,birthday,20,2025-08-07,-427,FALSE,TRUE,FALSE,,2025-03-24,,,,,,,,,,,,2026,2026-10-08
custom:4164F1,XRB073-01-A (251),4164F1,,,Detroit,0-5 Month Complete,2026-02-11,2026,TRUE,,2026-01-27,2026-01-27,birthday,8,2026-07-27,-73,FALSE,FALSE,FALSE,,,,,,,,,,,,,,2026,2026-10-08
custom:4744F1,BPM036-01-A (789),4744F1,,,Traverse City,0-5 Month Complete,2025-06-09,2025,FALSE,,2025-03-01,2025-03-01,birthday,19,2025-09-01,-402,FALSE,TRUE,TRUE,2025-08-01,2025-08-01,2025-08-01,2025-08-01,2025-07-24,,2025-06-11,,2025-08-08,2025-08-01,2025-08-01,,,2026,2026-10-08
custom:4733F1,VLQ825-01-A (647),4733F1,,,Traverse City,0-5 Month Complete,2025-02-26,2025,FALSE,,2025-01-25,2025-01-25,birthday,20,2025-07-25,-440,FALSE,TRUE,TRUE,2025-03-04,2025-02-27,2025-03-04,2025-03-04,2025-03-04,,2025-02-27,,2025-03-06,2025-03-06,2025-03-04,,,2026,2026-10-08
custom:4154F1,QRK467-02-A (581),4154F1,,,Detroit,0-5 Month Complete,2026-01-09,2026,TRUE,,2025-12-14,2025-12-14,birthday,9,2026-06-14,-116,FALSE,TRUE,TRUE,,2026-02-02,,,2026-02-18,,2026-02-02,,,,,,,2026,2026-10-08
custom:4721F1,MNR068-01-A (416),4721F1,,,Traverse City,0-5 Month Complete,2024-12-09,2024,FALSE,,2024-10-03,2024-10-03,birthday,24,2025-04-03,-553,FALSE,TRUE,TRUE,2024-12-09,2024-12-09,2024-12-09,2024-12-09,2024-12-09,,,,2024-12-09,2024-12-11,,,,2026,2026-10-08
custom:4101F1,LZQ650-01-A (647),4101F1,,,Detroit,0-5 Month Complete,2025-02-18,2025,FALSE,,2024-10-23,2024-10-23,birthday,23,2025-04-23,-533,FALSE,TRUE,TRUE,2025-03-17,2025-03-25,2025-03-17,2025-03-17,2025-03-17,,2025-03-06,,2025-03-17,2025-03-17,2025-03-17,,,2026,2026-10-08
custom:4429F1,SMQ889-01-A (911),4429F1,,,Flint,0-5 Month Complete,2025-03-22,2025,FALSE,,2025-01-30,2025-01-30,birthday,20,2025-07-30,-435,FALSE,TRUE,TRUE,,2025-03-26,2025-07-10,2025-07-10,2025-06-27,,2025-06-23,,,,2025-07-10,2025-07-10,,2026,2026-10-08
custom:4178F1,LZQ650-02-A (680),4178F1,,,Detroit,0-5 Month Detroit,2026-06-15,2026,TRUE,,2026-06-13,2026-06-13,birthday,3,2026-12-13,66,FALSE,FALSE,FALSE,,,,,,,,,,,,,,2026,2026-10-08
custom:4734F1,PLD055-01-A (855),4734F1,,,Traverse City,0-5 Month Complete,2025-02-24,2025,FALSE,,2025-01-23,2025-01-23,birthday,20,2025-07-23,-442,FALSE,TRUE,TRUE,2025-03-04,2025-03-01,2025-03-04,2025-03-04,2025-03-04,,2025-02-24,,2025-03-06,2025-03-06,,,,2026,2026-10-08
custom:4169F1,YJQ442-01-A (515),4169F1,,,Detroit,0-5 Month Complete,2026-02-11,2026,TRUE,,2026-01-31,2026-01-31,birthday,8,2026-07-31,-69,FALSE,TRUE,FALSE,2026-08-19,2026-08-17,,,,,,,,,,,,2026,2026-10-08
custom:4431F1,TZB922-01-A (482),4431F1,,,Flint,0-5 Month Complete,2025-04-02,2025,FALSE,,2025-02-11,2025-02-11,birthday,19,2025-08-11,-423,FALSE,TRUE,FALSE,,2025-04-18,,,,,,,,,,,,2026,2026-10-08
custom:4796F1,HWV734-01-A (680),4796F1,,,Traverse City,0-5 Month Complete,2026-03-17,2026,TRUE,,2026-02-27,2026-02-27,birthday,7,2026-08-27,-42,FALSE,TRUE,FALSE,2026-04-13,2026-04-13,2026-06-23,2026-06-23,,2026-04-14,,,2026-06-23,2026-06-23,2026-06-23,2026-06-23,,2026,2026-10-08
custom:4168F1,GGF358-01-A (657),4168F1,,,Detroit,0-5 Month Complete,2026-02-11,2026,TRUE,,2026-02-03,2026-02-03,birthday,8,2026-08-03,-66,FALSE,TRUE,FALSE,2026-06-22,2026-06-20,,,,,,,,,,,,2026,2026-10-08
custom:4107F1,CXB725-01-A (888),4107F1,,,Detroit,0-5 Month Complete,2025-01-31,2025,FALSE,,2024-11-10,2024-11-10,birthday,22,2025-05-10,-516,FALSE,TRUE,TRUE,2025-02-12,2025-01-31,2025-02-12,2025-02-12,2025-02-12,,2025-02-03,,2025-02-12,2025-02-12,2025-02-12,,,2026,2026-10-08
