site,edd_month_number,Projected Birth Count,edd_month_name,edd_month_start,report_year,report_as_of
Detroit,1,0,January,2026-01-01,2026,2026-10-08
Flint,1,0,January,2026-01-01,2026,2026-10-08
Traverse City,1,0,January,2026-01-01,2026,2026-10-08
Unknown,1,0,January,2026-01-01,2026,2026-10-08
Detroit,2,0,February,2026-02-01,2026,2026-10-08
Flint,2,0,February,2026-02-01,2026,2026-10-08
Traverse City,2,0,February,2026-02-01,2026,2026-10-08
Unknown,2,0,February,2026-02-01,2026,2026-10-08
Detroit,3,0,March,2026-03-01,2026,2026-10-08
Flint,3,0,March,2026-03-01,2026,2026-10-08
Traverse City,3,0,March,2026-03-01,2026,2026-10-08
Unknown,3,0,March,2026-03-01,2026,2026-10-08
Detroit,4,0,April,2026-04-01,2026,2026-10-08
Flint,4,0,April,2026-04-01,2026,2026-10-08
Traverse City,4,0,April,2026-04-01,2026,2026-10-08
Unknown,4,0,April,2026-04-01,2026,2026-10-08
Detroit,5,0,May,2026-05-01,2026,2026-10-08
Flint,5,0,May,2026-05-01,2026,2026-10-08
Traverse City,5,0,May,2026-05-01,2026,2026-10-08
Unknown,5,0,May,2026-05-01,2026,2026-10-08
Detroit,6,0,June,2026-06-01,2026,2026-10-08
Flint,6,0,June,2026-06-01,2026,2026-10-08
Traverse City,6,0,June,2026-06-01,2026,2026-10-08
Unknown,6,0,June,2026-06-01,2026,2026-10-08
Detroit,7,0,July,2026-07-01,2026,2026-10-08
Flint,7,0,July,2026-07-01,2026,2026-10-08
Traverse City,7,0,July,2026-07-01,2026,2026-10-08
Unknown,7,0,July,2026-07-01,2026,2026-10-08
Detroit,8,0,August,2026-08-01,2026,2026-10-08
Flint,8,0,August,2026-08-01,2026,2026-10-08
Traverse City,8,0,August,2026-08-01,2026,2026-10-08
Unknown,8,0,August,2026-08-01,2026,2026-10-08
Detroit,9,0,September,2026-09-01,2026,2026-10-08
Flint,9,0,September,2026-09-01,2026,2026-10-08
Traverse City,9,0,September,2026-09-01,2026,2026-10-08
Unknown,9,0,September,2026-09-01,2026,2026-10-08
Detroit,10,1,October,2026-10-01,2026,2026-10-08
Flint,10,0,October,2026-10-01,2026,2026-10-08
Traverse City,10,7,October,2026-10-01,2026,2026-10-08
Unknown,10,0,October,2026-10-01,2026,2026-10-08
Detroit,11,9,November,2026-11-01,2026,2026-10-08
Flint,11,1,November,2026-11-01,2026,2026-10-08
Traverse City,11,2,November,2026-11-01,2026,2026-10-08
Unknown,11,0,November,2026-11-01,2026,2026-10-08
Detroit,12,4,December,2026-12-01,2026,2026-10-08
Flint,12,4,December,2026-12-01,2026,2026-10-08
Traverse City,12,7,December,2026-12-01,2026,2026-10-08
Unknown,12,0,December,2026-12-01,2026,2026-10-08
