participant_key,globalId,customId,site,dateCreated,birth_date,birth_date_source,age_months,age_out_date,days_to_age_out,survey_complete,visit_scheduled_complete,report_year,report_as_of
custom:4493F1,WHT014-01-A (317),4493F1,Flint,2026-05-29,2026-04-13,birthday,5,2026-10-13,5,TRUE,FALSE,2026,2026-10-08
custom:4805F1,HQR631-01-A (218),4805F1,Traverse City,2026-04-22,2026-04-14,birthday,5,2026-10-14,6,TRUE,TRUE,2026,2026-10-08
custom:4799F1,GRN417-01-A (152),4799F1,Traverse City,2026-05-14,2026-04-15,birthday,5,2026-10-15,7,TRUE,TRUE,2026,2026-10-08
custom:4802F1,WDZ858-01-A (911),4802F1,Traverse City,2026-05-14,2026-04-24,birthday,5,2026-10-24,16,TRUE,TRUE,2026,2026-10-08
custom:4494F1,GJG046-01-A (591),4494F1,Flint,2026-05-29,2026-04-26,birthday,5,2026-10-26,18,TRUE,TRUE,2026,2026-10-08
custom:4807F1,HYM398-01-A (647),4807F1,Traverse City,2026-05-14,2026-04-26,birthday,5,2026-10-26,18,TRUE,FALSE,2026,2026-10-08
custom:4810F1,JWP930-02-A (515),4810F1,Traverse City,2026-06-02,2026-04-29,birthday,5,2026-10-29,21,TRUE,TRUE,2026,2026-10-08
custom:4176F1,FLN684-01-A (119),4176F1,Detroit,2026-05-11,2026-04-30,birthday,5,2026-10-30,22,FALSE,FALSE,2026,2026-10-08
custom:4177F1,NQS727-01-A (647),4177F1,Detroit,2026-05-11,2026-05-01,birthday,5,2026-11-01,24,FALSE,FALSE,2026,2026-10-08
custom:4487F1,QCD750-01-A (657),4487F1,Flint,2026-05-29,2026-05-02,birthday,5,2026-11-02,25,TRUE,FALSE,2026,2026-10-08
custom:4491F1,MTV723-01-A (680),4491F1,Flint,2026-05-29,2026-05-05,birthday,5,2026-11-05,28,TRUE,FALSE,2026,2026-10-08
custom:4483F1,CDL346-01-A (525),4483F1,Flint,2026-05-29,2026-05-11,birthday,4,2026-11-11,34,TRUE,TRUE,2026,2026-10-08
custom:4490F1,YCB161-01-A (723),4490F1,Flint,2026-05-29,2026-05-16,birthday,4,2026-11-16,39,FALSE,FALSE,2026,2026-10-08
custom:4488F1,CBT926-01-A (855),4488F1,Flint,2026-05-29,2026-05-18,birthday,4,2026-11-18,41,TRUE,TRUE,2026,2026-10-08
custom:4480F1,PPL335-01-A (284),4480F1,Flint,2026-05-29,2026-05-19,birthday,4,2026-11-19,42,TRUE,FALSE,2026,2026-10-08
custom:4189F1,GVK177-01-A (284),4189F1,Detroit,2026-06-17,2026-05-22,birthday,4,2026-11-22,45,TRUE,TRUE,2026,2026-10-08
custom:4808F1,SBZ481-01-A (449),4808F1,Traverse City,2026-08-25,2026-05-22,birthday,4,2026-11-22,45,TRUE,FALSE,2026,2026-10-08
custom:4492F1,NZK975-01-A (845),4492F1,Flint,2026-05-29,2026-05-24,birthday,4,2026-11-24,47,TRUE,FALSE,2026,2026-10-08
custom:4180F1,JDZ749-01-A (449),4180F1,Detroit,2026-06-15,2026-05-30,birthday,4,2026-11-30,53,TRUE,FALSE,2026,2026-10-08
custom:4806F1,LZV055-02-A (812),4806F1,Traverse City,2026-08-06,2026-06-04,birthday,4,2026-12-04,57,TRUE,TRUE,2026,2026-10-08
