site,event_code,Data Element Name,Participant Count,Completed in Report Year,Eligible Count,Eligible Complete Count,Eligible Complete in Report Year,Eligible Incomplete Count,Not Eligible Count,Eligibility Unknown Count,Completion Rate,report_year,report_as_of
All Sites,actigraphy,Actigraphy,692,71,101,70,70,31,284,307,0.693069306930693,2026,2026-10-08
All Sites,cordblood,Cord Blood,692,2,,,,,0,692,,2026,2026-10-08
All Sites,mmra,Maternal Medical Record Abstraction,692,0,,,,,0,692,,2026,2026-10-08
All Sites,pn1_anthro,Prenatal 1 Anthro,692,98,101,98,98,3,284,307,0.9702970297029703,2026,2026-10-08
All Sites,pn1_blood,Prenatal 1 Blood,692,69,101,68,68,33,284,307,0.6732673267326733,2026,2026-10-08
All Sites,pn1_survey,Prenatal 1 Survey,692,84,101,84,84,17,284,307,0.8316831683168316,2026,2026-10-08
All Sites,pn1_urine,Prenatal 1 Urine,692,84,101,84,84,17,284,307,0.8316831683168316,2026,2026-10-08
All Sites,pn2_anthro,Prenatal 2 Anthro,692,102,139,87,87,52,246,307,0.6258992805755396,2026,2026-10-08
All Sites,pn2_blood,Prenatal 2 Blood,692,92,139,77,77,62,246,307,0.5539568345323741,2026,2026-10-08
All Sites,pn2_survey,Prenatal 2 Survey,692,98,139,87,86,52,246,307,0.6258992805755396,2026,2026-10-08
All Sites,pn2_urine,Prenatal 2 Urine,692,96,139,83,83,56,246,307,0.5971223021582733,2026,2026-10-08
All Sites,water,Water,692,52,91,47,47,44,294,307,0.5164835164835165,2026,2026-10-08
Detroit,actigraphy,Actigraphy,205,22,39,21,21,18,79,87,0.5384615384615384,2026,2026-10-08
Detroit,cordblood,Cord Blood,205,2,,,,,0,205,,2026,2026-10-08
Detroit,mmra,Maternal Medical Record Abstraction,205,0,,,,,0,205,,2026,2026-10-08
Detroit,pn1_anthro,Prenatal 1 Anthro,205,39,39,39,39,0,79,87,1,2026,2026-10-08
Detroit,pn1_blood,Prenatal 1 Blood,205,17,39,16,16,23,79,87,0.41025641025641024,2026,2026-10-08
Detroit,pn1_survey,Prenatal 1 Survey,205,30,39,30,30,9,79,87,0.7692307692307693,2026,2026-10-08
Detroit,pn1_urine,Prenatal 1 Urine,205,33,39,33,33,6,79,87,0.8461538461538461,2026,2026-10-08
Detroit,pn2_anthro,Prenatal 2 Anthro,205,31,47,28,28,19,71,87,0.5957446808510638,2026,2026-10-08
Detroit,pn2_blood,Prenatal 2 Blood,205,21,47,19,19,28,71,87,0.40425531914893614,2026,2026-10-08
Detroit,pn2_survey,Prenatal 2 Survey,205,24,47,23,23,24,71,87,0.48936170212765956,2026,2026-10-08
Detroit,pn2_urine,Prenatal 2 Urine,205,29,47,27,27,20,71,87,0.574468085106383,2026,2026-10-08
Detroit,water,Water,205,19,33,18,18,15,85,87,0.5454545454545454,2026,2026-10-08
Flint,actigraphy,Actigraphy,229,20,31,20,20,11,95,103,0.6451612903225806,2026,2026-10-08
Flint,cordblood,Cord Blood,229,0,,,,,0,229,,2026,2026-10-08
Flint,mmra,Maternal Medical Record Abstraction,229,0,,,,,0,229,,2026,2026-10-08
Flint,pn1_anthro,Prenatal 1 Anthro,229,28,31,28,28,3,95,103,0.9032258064516129,2026,2026-10-08
Flint,pn1_blood,Prenatal 1 Blood,229,25,31,25,25,6,95,103,0.8064516129032258,2026,2026-10-08
Flint,pn1_survey,Prenatal 1 Survey,229,24,31,24,24,7,95,103,0.7741935483870968,2026,2026-10-08
Flint,pn1_urine,Prenatal 1 Urine,229,24,31,24,24,7,95,103,0.7741935483870968,2026,2026-10-08
Flint,pn2_anthro,Prenatal 2 Anthro,229,24,45,20,20,25,81,103,0.4444444444444444,2026,2026-10-08
Flint,pn2_blood,Prenatal 2 Blood,229,23,45,19,19,26,81,103,0.4222222222222222,2026,2026-10-08
Flint,pn2_survey,Prenatal 2 Survey,229,26,45,24,23,21,81,103,0.5333333333333333,2026,2026-10-08
Flint,pn2_urine,Prenatal 2 Urine,229,20,45,17,17,28,81,103,0.37777777777777777,2026,2026-10-08
Flint,water,Water,229,4,27,4,4,23,99,103,0.14814814814814814,2026,2026-10-08
Traverse City,actigraphy,Actigraphy,258,29,31,29,29,2,110,117,0.9354838709677419,2026,2026-10-08
Traverse City,cordblood,Cord Blood,258,0,,,,,0,258,,2026,2026-10-08
Traverse City,mmra,Maternal Medical Record Abstraction,258,0,,,,,0,258,,2026,2026-10-08
Traverse City,pn1_anthro,Prenatal 1 Anthro,258,31,31,31,31,0,110,117,1,2026,2026-10-08
Traverse City,pn1_blood,Prenatal 1 Blood,258,27,31,27,27,4,110,117,0.8709677419354839,2026,2026-10-08
Traverse City,pn1_survey,Prenatal 1 Survey,258,30,31,30,30,1,110,117,0.967741935483871,2026,2026-10-08
Traverse City,pn1_urine,Prenatal 1 Urine,258,27,31,27,27,4,110,117,0.8709677419354839,2026,2026-10-08
Traverse City,pn2_anthro,Prenatal 2 Anthro,258,47,47,39,39,8,94,117,0.8297872340425532,2026,2026-10-08
Traverse City,pn2_blood,Prenatal 2 Blood,258,48,47,39,39,8,94,117,0.8297872340425532,2026,2026-10-08
Traverse City,pn2_survey,Prenatal 2 Survey,258,48,47,40,40,7,94,117,0.851063829787234,2026,2026-10-08
Traverse City,pn2_urine,Prenatal 2 Urine,258,47,47,39,39,8,94,117,0.8297872340425532,2026,2026-10-08
Traverse City,water,Water,258,29,31,25,25,6,110,117,0.8064516129032258,2026,2026-10-08
